
  .   ____          _            __ _ _
 /\\ / ___'_ __ _ _(_)_ __  __ _ \ \ \ \
( ( )\___ | '_ | '_| | '_ \/ _` | \ \ \ \
 \\/  ___)| |_)| | | | | || (_| |  ) ) ) )
  '  |____| .__|_| |_|_| |_\__, | / / / /
 =========|_|==============|___/=/_/_/_/

 :: Spring Boot ::                (v4.0.7)

2026-09-14T00:00:44.990+08:00  INFO 7617 --- [dance-game] [           main] com.dance.street.game.GameApplication    : Starting GameApplication v0.0.1-SNAPSHOT using Java 21.0.12 with PID 7617 (/Users/duane/dance-battle/target/game-0.0.1-SNAPSHOT.jar started by duane in /Users/duane/dance-battle)
2026-09-14T00:00:44.991+08:00  INFO 7617 --- [dance-game] [           main] com.dance.street.game.GameApplication    : No active profile set, falling back to 1 default profile: "default"
2026-09-14T00:00:44.992+08:00 DEBUG 7617 --- [dance-game] [           main] o.s.boot.SpringApplication               : Loading source class com.dance.street.game.GameApplication
2026-09-14T00:00:45.015+08:00 DEBUG 7617 --- [dance-game] [           main] ConfigServletWebServerApplicationContext : Refreshing org.springframework.boot.web.server.servlet.context.AnnotationConfigServletWebServerApplicationContext@75e91545
2026-09-14T00:00:45.718+08:00 DEBUG 7617 --- [dance-game] [           main] o.s.b.t.s.TomcatServletWebServerFactory  : Code archive: /Users/duane/dance-battle/target/game-0.0.1-SNAPSHOT.jar
2026-09-14T00:00:45.718+08:00 DEBUG 7617 --- [dance-game] [           main] o.s.b.t.s.TomcatServletWebServerFactory  : Code archive: /Users/duane/dance-battle/target/game-0.0.1-SNAPSHOT.jar
2026-09-14T00:00:45.719+08:00 DEBUG 7617 --- [dance-game] [           main] o.s.b.t.s.TomcatServletWebServerFactory  : None of the document roots [src/main/webapp, public, static] point to a directory and will be ignored.
2026-09-14T00:00:45.731+08:00  INFO 7617 --- [dance-game] [           main] o.s.boot.tomcat.TomcatWebServer          : Tomcat initialized with port 8080 (http)
2026-09-14T00:00:45.740+08:00  INFO 7617 --- [dance-game] [           main] o.apache.catalina.core.StandardService   : Starting service [Tomcat]
2026-09-14T00:00:45.740+08:00  INFO 7617 --- [dance-game] [           main] o.apache.catalina.core.StandardEngine    : Starting Servlet engine: [Apache Tomcat/11.0.22]
2026-09-14T00:00:45.750+08:00 DEBUG 7617 --- [dance-game] [           main] b.w.c.s.WebApplicationContextInitializer : Published root WebApplicationContext as ServletContext attribute with name [org.springframework.web.context.WebApplicationContext.ROOT]
2026-09-14T00:00:45.751+08:00  INFO 7617 --- [dance-game] [           main] b.w.c.s.WebApplicationContextInitializer : Root WebApplicationContext: initialization completed in 735 ms
2026-09-14T00:00:45.761+08:00 DEBUG 7617 --- [dance-game] [           main] o.s.b.w.s.ServletContextInitializerBeans : Mapping filters: characterEncodingFilter urls=[/*] order=-2147483648, formContentFilter urls=[/*] order=-9900, requestContextFilter urls=[/*] order=-105, saTokenContextFilterForServlet urls=[/*] order=-104, saTokenCorsFilterForJakartaServlet urls=[/*] order=-103, saFirewallCheckFilterForJakartaServlet urls=[/*] order=-102, uploadSecurityFilter urls=[/*] order=2147483647
2026-09-14T00:00:45.761+08:00 DEBUG 7617 --- [dance-game] [           main] o.s.b.w.s.ServletContextInitializerBeans : Mapping servlets: dispatcherServlet urls=[/]
2026-09-14T00:00:45.773+08:00 DEBUG 7617 --- [dance-game] [           main] o.s.b.s.f.OrderedRequestContextFilter    : Filter 'requestContextFilter' configured for use
2026-09-14T00:00:45.773+08:00 DEBUG 7617 --- [dance-game] [           main] o.s.b.s.f.OrderedCharacterEncodingFilter : Filter 'characterEncodingFilter' configured for use
2026-09-14T00:00:45.773+08:00 DEBUG 7617 --- [dance-game] [           main] o.s.b.s.filter.OrderedFormContentFilter  : Filter 'formContentFilter' configured for use
2026-09-14T00:00:46.270+08:00  INFO 7617 --- [dance-game] [           main] o.s.b.w.a.WelcomePageHandlerMapping      : Adding welcome page: URL [file:frontend/dist/index.html]
2026-09-14T00:00:46.284+08:00 DEBUG 7617 --- [dance-game] [           main] o.s.b.a.AutoConfigurationPackages        : @EnableAutoConfiguration was declared on a class in the package 'com.dance.street.game'. Automatic @Repository and @Entity scanning is enabled.
2026-09-14T00:00:46.337+08:00 DEBUG 7617 --- [dance-game] [           main] s.w.s.m.m.a.RequestMappingHandlerMapping : 158 mappings in 'requestMappingHandlerMapping'
2026-09-14T00:00:46.346+08:00 DEBUG 7617 --- [dance-game] [           main] o.s.w.s.handler.SimpleUrlHandlerMapping  : Patterns [/webjars/**, /**, /uploads/**] in 'resourceHandlerMapping'
2026-09-14T00:00:46.354+08:00 DEBUG 7617 --- [dance-game] [           main] s.w.s.m.m.a.RequestMappingHandlerAdapter : ControllerAdvice beans: 0 @ModelAttribute, 0 @InitBinder, 2 RequestBodyAdvice, 1 ResponseBodyAdvice
2026-09-14T00:00:46.370+08:00 DEBUG 7617 --- [dance-game] [           main] .m.m.a.ExceptionHandlerExceptionResolver : ControllerAdvice beans: 2 @ExceptionHandler, 1 ResponseBodyAdvice
____ ____    ___ ____ _  _ ____ _  _ 
[__  |__| __  |  |  | |_/  |___ |\ | 
___] |  |     |  |__| | \_ |___ | \| 
https://sa-token.cc (v1.45.0)
2026-09-14T00:00:46.381+08:00  INFO 7617 --- [dance-game] [           main] m.e.s.MybatisPlusApplicationContextAware : Register ApplicationContext instances org.springframework.boot.web.server.servlet.context.AnnotationConfigServletWebServerApplicationContext@75e91545
2026-09-14T00:00:46.405+08:00  INFO 7617 --- [dance-game] [           main] com.zaxxer.hikari.HikariDataSource       : HikariPool-1 - Starting...
2026-09-14T00:00:46.671+08:00  INFO 7617 --- [dance-game] [           main] com.zaxxer.hikari.pool.HikariPool        : HikariPool-1 - Added connection org.sqlite.jdbc4.JDBC4Connection@5059d398
2026-09-14T00:00:46.672+08:00  INFO 7617 --- [dance-game] [           main] com.zaxxer.hikari.HikariDataSource       : HikariPool-1 - Start completed.
2026-09-14T00:00:46.682+08:00  INFO 7617 --- [dance-game] [           main] c.d.s.g.c.DatabaseSchemaInitializer      : schema 自检完成: 已存在 16 张,新建 0 张
2026-09-14T00:00:46.683+08:00 DEBUG 7617 --- [dance-game] [           main] ySourcesPropertyResolver$DefaultResolver : Found key 'DEPLOY_MODE' in PropertySource 'systemEnvironment' with value of type String
2026-09-14T00:00:46.683+08:00  WARN 7617 --- [dance-game] [           main] o.dromara.common.redis.utils.RedisUtils  : RedissonClient 不可用,Redis 操作降级为本地模式(单机运行): No qualifying bean of type 'org.redisson.api.RedissonClient' available
2026-09-14T00:00:46.684+08:00  INFO 7617 --- [dance-game] [           main] c.d.s.g.config.DeployModeReportLogger    : 运行配置: DEPLOY_MODE=standalone | 数据库=SQLite(jdbc:sqlite:./data/game.db) | Redis=本地模式(SSE 进程内广播、无分布式锁)
2026-09-14T00:00:46.686+08:00  INFO 7617 --- [dance-game] [           main] c.d.s.game.config.JwtSecretInitializer   : Sa-Token JWT 密钥已就绪,来源: 密钥文件 ./data/jwt/dance-game-jwt-secret.key
2026-09-14T00:00:46.702+08:00  INFO 7617 --- [dance-game] [           main] o.s.boot.tomcat.TomcatWebServer          : Tomcat started on port 8080 (http) with context path '/'
2026-09-14T00:00:46.705+08:00 DEBUG 7617 --- [dance-game] [           main] .s.b.a.l.ConditionEvaluationReportLogger : 


============================
CONDITIONS EVALUATION REPORT
============================


Positive matches:
-----------------

   AopAutoConfiguration matched:
      - @ConditionalOnBooleanProperty (spring.aop.auto=true) matched (OnPropertyCondition)

   AopAutoConfiguration.AspectJAutoProxyingConfiguration matched:
      - @ConditionalOnClass found required class 'org.aspectj.weaver.Advice' (OnClassCondition)

   AopAutoConfiguration.AspectJAutoProxyingConfiguration.CglibAutoProxyConfiguration matched:
      - @ConditionalOnBooleanProperty (spring.aop.proxy-target-class=true) matched (OnPropertyCondition)

   ApplicationAvailabilityAutoConfiguration#applicationAvailability matched:
      - @ConditionalOnMissingBean (types: org.springframework.boot.availability.ApplicationAvailability; SearchStrategy: all) did not find any beans (OnBeanCondition)

   DataSourceAutoConfiguration matched:
      - @ConditionalOnClass found required classes 'javax.sql.DataSource', 'org.springframework.jdbc.datasource.embedded.EmbeddedDatabaseType' (OnClassCondition)
      - @ConditionalOnMissingBean (types: io.r2dbc.spi.ConnectionFactory; SearchStrategy: all) did not find any beans (OnBeanCondition)

   DataSourceAutoConfiguration.PooledDataSourceConfiguration matched:
      - AnyNestedCondition 1 matched 1 did not; NestedCondition on DataSourceAutoConfiguration.PooledDataSourceCondition.PooledDataSourceAvailable PooledDataSource found supported DataSource; NestedCondition on DataSourceAutoConfiguration.PooledDataSourceCondition.ExplicitType @ConditionalOnProperty (spring.datasource.type) did not find property 'spring.datasource.type' (DataSourceAutoConfiguration.PooledDataSourceCondition)
      - @ConditionalOnMissingBean (types: javax.sql.DataSource,javax.sql.XADataSource; SearchStrategy: all) did not find any beans (OnBeanCondition)

   DataSourceAutoConfiguration.PooledDataSourceConfiguration#jdbcConnectionDetails matched:
      - @ConditionalOnMissingBean (types: org.springframework.boot.jdbc.autoconfigure.JdbcConnectionDetails; SearchStrategy: all) did not find any beans (OnBeanCondition)

   DataSourceConfiguration.Hikari matched:
      - @ConditionalOnClass found required class 'com.zaxxer.hikari.HikariDataSource' (OnClassCondition)
      - @ConditionalOnProperty (spring.datasource.type=com.zaxxer.hikari.HikariDataSource) matched (OnPropertyCondition)
      - @ConditionalOnMissingBean (types: javax.sql.DataSource; SearchStrategy: all) did not find any beans (OnBeanCondition)

   DataSourceInitializationAutoConfiguration matched:
      - @ConditionalOnClass found required class 'org.springframework.jdbc.datasource.init.DatabasePopulator' (OnClassCondition)
      - SQL InitializationDatabase Initialization default value is EMBEDDED (OnSqlInitializationCondition)
      - @ConditionalOnSingleCandidate (types: javax.sql.DataSource; SearchStrategy: all) found a single bean 'dataSource'; @ConditionalOnMissingBean (types: org.springframework.boot.sql.autoconfigure.init.ApplicationScriptDatabaseInitializer; SearchStrategy: all) did not find any beans (OnBeanCondition)

   DataSourcePoolMetadataProvidersConfiguration.HikariPoolDataSourceMetadataProviderConfiguration matched:
      - @ConditionalOnClass found required class 'com.zaxxer.hikari.HikariDataSource' (OnClassCondition)

   DataSourceTransactionManagerAutoConfiguration matched:
      - @ConditionalOnClass found required classes 'javax.sql.DataSource', 'org.springframework.jdbc.core.JdbcTemplate', 'org.springframework.transaction.TransactionManager' (OnClassCondition)

   DataSourceTransactionManagerAutoConfiguration.JdbcTransactionManagerConfiguration matched:
      - @ConditionalOnSingleCandidate (types: javax.sql.DataSource; SearchStrategy: all) found a single bean 'dataSource' (OnBeanCondition)

   DataSourceTransactionManagerAutoConfiguration.JdbcTransactionManagerConfiguration#transactionManager matched:
      - @ConditionalOnMissingBean (types: org.springframework.transaction.TransactionManager; SearchStrategy: all) did not find any beans (OnBeanCondition)

   DataWebAutoConfiguration matched:
      - @ConditionalOnClass found required classes 'org.springframework.data.web.PageableHandlerMethodArgumentResolver', 'org.springframework.web.servlet.config.annotation.WebMvcConfigurer' (OnClassCondition)
      - found 'session' scope (OnWebApplicationCondition)
      - @ConditionalOnMissingBean (types: org.springframework.data.web.PageableHandlerMethodArgumentResolver; SearchStrategy: all) did not find any beans (OnBeanCondition)

   DataWebAutoConfiguration#pageableCustomizer matched:
      - @ConditionalOnMissingBean (types: org.springframework.data.web.config.PageableHandlerMethodArgumentResolverCustomizer; SearchStrategy: all) did not find any beans (OnBeanCondition)

   DataWebAutoConfiguration#sortCustomizer matched:
      - @ConditionalOnMissingBean (types: org.springframework.data.web.config.SortHandlerMethodArgumentResolverCustomizer; SearchStrategy: all) did not find any beans (OnBeanCondition)

   DataWebAutoConfiguration#springDataWebSettings matched:
      - @ConditionalOnMissingBean (types: org.springframework.data.web.config.SpringDataWebSettings; SearchStrategy: all) did not find any beans (OnBeanCondition)

   DdlAutoConfiguration matched:
      - @ConditionalOnClass found required class 'com.baomidou.mybatisplus.extension.ddl.IDdl' (OnClassCondition)

   DispatcherServletAutoConfiguration matched:
      - @ConditionalOnClass found required class 'org.springframework.web.servlet.DispatcherServlet' (OnClassCondition)
      - found 'session' scope (OnWebApplicationCondition)

   DispatcherServletAutoConfiguration.DispatcherServletConfiguration matched:
      - @ConditionalOnClass found required class 'jakarta.servlet.ServletRegistration' (OnClassCondition)
      - Default DispatcherServlet did not find dispatcher servlet beans (DispatcherServletAutoConfiguration.DefaultDispatcherServletCondition)

   DispatcherServletAutoConfiguration.DispatcherServletRegistrationConfiguration matched:
      - @ConditionalOnClass found required class 'jakarta.servlet.ServletRegistration' (OnClassCondition)
      - DispatcherServlet Registration did not find servlet registration bean (DispatcherServletAutoConfiguration.DispatcherServletRegistrationCondition)

   DispatcherServletAutoConfiguration.DispatcherServletRegistrationConfiguration#dispatcherServletRegistration matched:
      - @ConditionalOnBean (names: dispatcherServlet types: org.springframework.web.servlet.DispatcherServlet; SearchStrategy: all) found bean 'dispatcherServlet' (OnBeanCondition)

   ErrorMvcAutoConfiguration matched:
      - @ConditionalOnClass found required classes 'jakarta.servlet.Servlet', 'org.springframework.web.servlet.DispatcherServlet' (OnClassCondition)
      - found 'session' scope (OnWebApplicationCondition)

   ErrorMvcAutoConfiguration#basicErrorController matched:
      - @ConditionalOnMissingBean (types: org.springframework.boot.webmvc.error.ErrorController; SearchStrategy: current) did not find any beans (OnBeanCondition)

   ErrorMvcAutoConfiguration#errorAttributes matched:
      - @ConditionalOnMissingBean (types: org.springframework.boot.webmvc.error.ErrorAttributes; SearchStrategy: current) did not find any beans (OnBeanCondition)

   ErrorMvcAutoConfiguration.DefaultErrorViewResolverConfiguration#conventionErrorViewResolver matched:
      - @ConditionalOnBean (types: org.springframework.web.servlet.DispatcherServlet; SearchStrategy: all) found bean 'dispatcherServlet'; @ConditionalOnMissingBean (types: org.springframework.boot.webmvc.autoconfigure.error.ErrorViewResolver; SearchStrategy: all) did not find any beans (OnBeanCondition)

   ErrorMvcAutoConfiguration.WhitelabelErrorViewConfiguration matched:
      - @ConditionalOnBooleanProperty (spring.web.error.whitelabel.enabled=true) matched (OnPropertyCondition)
      - ErrorTemplate Missing did not find error template view (ErrorMvcAutoConfiguration.ErrorTemplateMissingCondition)

   ErrorMvcAutoConfiguration.WhitelabelErrorViewConfiguration#beanNameViewResolver matched:
      - @ConditionalOnMissingBean (types: org.springframework.web.servlet.view.BeanNameViewResolver; SearchStrategy: all) did not find any beans (OnBeanCondition)

   ErrorMvcAutoConfiguration.WhitelabelErrorViewConfiguration#defaultErrorView matched:
      - @ConditionalOnMissingBean (names: error; SearchStrategy: all) did not find any beans (OnBeanCondition)

   HttpEncodingAutoConfiguration matched:
      - @ConditionalOnClass found required class 'org.springframework.web.filter.CharacterEncodingFilter' (OnClassCondition)
      - found 'session' scope (OnWebApplicationCondition)
      - @ConditionalOnBooleanProperty (spring.servlet.encoding.enabled=true) matched (OnPropertyCondition)

   HttpEncodingAutoConfiguration#characterEncodingFilter matched:
      - @ConditionalOnMissingBean (types: org.springframework.web.filter.CharacterEncodingFilter; SearchStrategy: all) did not find any beans (OnBeanCondition)

   HttpMessageConvertersAutoConfiguration matched:
      - @ConditionalOnClass found required class 'org.springframework.http.converter.HttpMessageConverter' (OnClassCondition)
      - NoneNestedConditions 0 matched 1 did not; NestedCondition on HttpMessageConvertersAutoConfiguration.NotReactiveWebApplicationCondition.ReactiveWebApplication did not find reactive web application classes (HttpMessageConvertersAutoConfiguration.NotReactiveWebApplicationCondition)

   HttpMessageConvertersAutoConfiguration.StringHttpMessageConverterConfiguration#stringHttpMessageConvertersCustomizer matched:
      - @ConditionalOnMissingBean (types: org.springframework.http.converter.StringHttpMessageConverter; SearchStrategy: all) did not find any beans (OnBeanCondition)

   JacksonAutoConfiguration matched:
      - @ConditionalOnClass found required class 'tools.jackson.databind.json.JsonMapper' (OnClassCondition)

   JacksonAutoConfiguration#jacksonJsonMapper matched:
      - @ConditionalOnMissingBean (types: tools.jackson.databind.json.JsonMapper; SearchStrategy: all) did not find any beans (OnBeanCondition)

   JacksonAutoConfiguration#jsonMapperBuilder matched:
      - @ConditionalOnMissingBean (types: tools.jackson.databind.json.JsonMapper$Builder; SearchStrategy: all) did not find any beans (OnBeanCondition)

   JacksonAutoConfiguration.JsonProblemDetailsConfiguration matched:
      - @ConditionalOnClass found required class 'org.springframework.http.ProblemDetail' (OnClassCondition)

   JacksonHttpMessageConvertersConfiguration.JacksonJsonHttpMessageConverterConfiguration matched:
      - @ConditionalOnClass found required class 'tools.jackson.databind.json.JsonMapper' (OnClassCondition)
      - @ConditionalOnProperty (spring.http.converters.preferred-json-mapper=jackson) matched (OnPropertyCondition)
      - @ConditionalOnBean (types: tools.jackson.databind.json.JsonMapper; SearchStrategy: all) found bean 'jacksonJsonMapper' (OnBeanCondition)

   JacksonHttpMessageConvertersConfiguration.JacksonJsonHttpMessageConverterConfiguration#jacksonJsonHttpMessageConvertersCustomizer matched:
      - @ConditionalOnMissingBean (types: org.springframework.http.converter.json.JacksonJsonHttpMessageConverter ignored: org.springframework.hateoas.server.mvc.TypeConstrainedJacksonJsonHttpMessageConverter,org.springframework.data.rest.webmvc.alps.AlpsJacksonJsonHttpMessageConverter; SearchStrategy: all) did not find any beans (OnBeanCondition)

   JdbcClientAutoConfiguration matched:
      - @ConditionalOnSingleCandidate (types: org.springframework.jdbc.core.namedparam.NamedParameterJdbcTemplate; SearchStrategy: all) found a single bean 'namedParameterJdbcTemplate'; @ConditionalOnMissingBean (types: org.springframework.jdbc.core.simple.JdbcClient; SearchStrategy: all) did not find any beans (OnBeanCondition)

   JdbcTemplateAutoConfiguration matched:
      - @ConditionalOnClass found required classes 'javax.sql.DataSource', 'org.springframework.jdbc.core.JdbcTemplate' (OnClassCondition)
      - @ConditionalOnSingleCandidate (types: javax.sql.DataSource; SearchStrategy: all) found a single bean 'dataSource' (OnBeanCondition)

   JdbcTemplateConfiguration matched:
      - @ConditionalOnMissingBean (types: org.springframework.jdbc.core.JdbcOperations; SearchStrategy: all) did not find any beans (OnBeanCondition)

   LifecycleAutoConfiguration#defaultLifecycleProcessor matched:
      - @ConditionalOnMissingBean (names: lifecycleProcessor; SearchStrategy: current) did not find any beans (OnBeanCondition)

   MapstructAutoConfiguration#converter matched:
      - @ConditionalOnMissingBean (types: io.github.linpeilie.Converter; SearchStrategy: all) did not find any beans (OnBeanCondition)

   MapstructAutoConfiguration#converterFactory matched:
      - @ConditionalOnMissingBean (types: io.github.linpeilie.ConverterFactory; SearchStrategy: all) did not find any beans (OnBeanCondition)

   MultipartAutoConfiguration matched:
      - @ConditionalOnClass found required classes 'jakarta.servlet.Servlet', 'org.springframework.web.multipart.support.StandardServletMultipartResolver', 'jakarta.servlet.MultipartConfigElement' (OnClassCondition)
      - found 'session' scope (OnWebApplicationCondition)
      - @ConditionalOnBooleanProperty (spring.servlet.multipart.enabled=true) matched (OnPropertyCondition)

   MultipartAutoConfiguration#multipartConfigElement matched:
      - @ConditionalOnMissingBean (types: jakarta.servlet.MultipartConfigElement; SearchStrategy: all) did not find any beans (OnBeanCondition)

   MultipartAutoConfiguration#multipartResolver matched:
      - @ConditionalOnMissingBean (types: org.springframework.web.multipart.MultipartResolver; SearchStrategy: all) did not find any beans (OnBeanCondition)

   MybatisPlusAutoConfiguration matched:
      - @ConditionalOnClass found required classes 'org.apache.ibatis.session.SqlSessionFactory', 'org.mybatis.spring.SqlSessionFactoryBean' (OnClassCondition)
      - @ConditionalOnSingleCandidate (types: javax.sql.DataSource; SearchStrategy: all) found a single bean 'dataSource' (OnBeanCondition)

   MybatisPlusAutoConfiguration#mybatisPlusSpringApplicationContextAware matched:
      - @ConditionalOnMissingBean (types: com.baomidou.mybatisplus.extension.spring.MybatisPlusApplicationContextAware; SearchStrategy: all) did not find any beans (OnBeanCondition)

   MybatisPlusAutoConfiguration#sqlSessionFactory matched:
      - @ConditionalOnMissingBean (types: org.apache.ibatis.session.SqlSessionFactory; SearchStrategy: all) did not find any beans (OnBeanCondition)

   MybatisPlusAutoConfiguration#sqlSessionTemplate matched:
      - @ConditionalOnMissingBean (types: org.mybatis.spring.SqlSessionTemplate; SearchStrategy: all) did not find any beans (OnBeanCondition)

   MybatisPlusLanguageDriverAutoConfiguration matched:
      - @ConditionalOnClass found required class 'org.apache.ibatis.scripting.LanguageDriver' (OnClassCondition)

   NamedParameterJdbcTemplateConfiguration matched:
      - @ConditionalOnSingleCandidate (types: org.springframework.jdbc.core.JdbcTemplate; SearchStrategy: all) found a single bean 'jdbcTemplate'; @ConditionalOnMissingBean (types: org.springframework.jdbc.core.namedparam.NamedParameterJdbcOperations; SearchStrategy: all) did not find any beans (OnBeanCondition)

   NettyAutoConfiguration matched:
      - @ConditionalOnClass found required class 'io.netty.util.NettyRuntime' (OnClassCondition)

   PersistenceExceptionTranslationAutoConfiguration matched:
      - @ConditionalOnClass found required class 'org.springframework.dao.annotation.PersistenceExceptionTranslationPostProcessor' (OnClassCondition)

   PersistenceExceptionTranslationAutoConfiguration#persistenceExceptionTranslationPostProcessor matched:
      - @ConditionalOnBooleanProperty (spring.persistence.exceptiontranslation.enabled=true) matched (OnPropertyCondition)
      - @ConditionalOnMissingBean (types: org.springframework.dao.annotation.PersistenceExceptionTranslationPostProcessor; SearchStrategy: all) did not find any beans (OnBeanCondition)

   PropertyPlaceholderAutoConfiguration#propertySourcesPlaceholderConfigurer matched:
      - @ConditionalOnMissingBean (types: org.springframework.context.support.PropertySourcesPlaceholderConfigurer; SearchStrategy: current) did not find any beans (OnBeanCondition)

   SseAutoConfiguration matched:
      - @ConditionalOnProperty (sse.enabled=true) matched (OnPropertyCondition)

   SseController matched:
      - @ConditionalOnProperty (sse.enabled=true) matched (OnPropertyCondition)

   SslAutoConfiguration#sslBundleRegistry matched:
      - @ConditionalOnMissingBean (types: org.springframework.boot.ssl.SslBundleRegistry,org.springframework.boot.ssl.SslBundles; SearchStrategy: all) did not find any beans (OnBeanCondition)

   TaskExecutionAutoConfiguration matched:
      - @ConditionalOnClass found required class 'org.springframework.scheduling.concurrent.ThreadPoolTaskExecutor' (OnClassCondition)

   TaskExecutorConfigurations.AsyncConfigurerConfiguration matched:
      - @ConditionalOnMissingBean (types: org.springframework.scheduling.annotation.AsyncConfigurer; SearchStrategy: all) did not find any beans (OnBeanCondition)

   TaskExecutorConfigurations.SimpleAsyncTaskExecutorBuilderConfiguration#simpleAsyncTaskExecutorBuilder matched:
      - @ConditionalOnMissingBean (types: org.springframework.boot.task.SimpleAsyncTaskExecutorBuilder; SearchStrategy: all) did not find any beans (OnBeanCondition)
      - @ConditionalOnThreading found PLATFORM (OnThreadingCondition)

   TaskExecutorConfigurations.TaskExecutorConfiguration matched:
      - AnyNestedCondition 1 matched 1 did not; NestedCondition on TaskExecutorConfigurations.OnExecutorCondition.ModelCondition @ConditionalOnProperty (spring.task.execution.mode=force) did not find property 'spring.task.execution.mode'; NestedCondition on TaskExecutorConfigurations.OnExecutorCondition.ExecutorBeanCondition @ConditionalOnMissingBean (types: java.util.concurrent.Executor; SearchStrategy: all) did not find any beans (TaskExecutorConfigurations.OnExecutorCondition)

   TaskExecutorConfigurations.TaskExecutorConfiguration#applicationTaskExecutor matched:
      - @ConditionalOnThreading found PLATFORM (OnThreadingCondition)

   TaskExecutorConfigurations.ThreadPoolTaskExecutorBuilderConfiguration#threadPoolTaskExecutorBuilder matched:
      - @ConditionalOnMissingBean (types: org.springframework.boot.task.ThreadPoolTaskExecutorBuilder; SearchStrategy: all) did not find any beans (OnBeanCondition)

   TaskSchedulingAutoConfiguration matched:
      - @ConditionalOnClass found required class 'org.springframework.scheduling.concurrent.ThreadPoolTaskScheduler' (OnClassCondition)

   TaskSchedulingConfigurations.SimpleAsyncTaskSchedulerBuilderConfiguration#simpleAsyncTaskSchedulerBuilder matched:
      - @ConditionalOnMissingBean (types: org.springframework.boot.task.SimpleAsyncTaskSchedulerBuilder; SearchStrategy: all) did not find any beans (OnBeanCondition)
      - @ConditionalOnThreading found PLATFORM (OnThreadingCondition)

   TaskSchedulingConfigurations.ThreadPoolTaskSchedulerBuilderConfiguration#threadPoolTaskSchedulerBuilder matched:
      - @ConditionalOnMissingBean (types: org.springframework.boot.task.ThreadPoolTaskSchedulerBuilder; SearchStrategy: all) did not find any beans (OnBeanCondition)

   TomcatServletWebServerAutoConfiguration matched:
      - @ConditionalOnClass found required classes 'jakarta.servlet.ServletRequest', 'org.apache.catalina.startup.Tomcat', 'org.apache.coyote.UpgradeProtocol', 'org.springframework.boot.tomcat.servlet.TomcatServletWebServerFactory' (OnClassCondition)
      - found 'session' scope (OnWebApplicationCondition)

   TomcatServletWebServerAutoConfiguration#tomcatServletWebServerFactory matched:
      - @ConditionalOnMissingBean (types: org.springframework.boot.web.server.servlet.ServletWebServerFactory; SearchStrategy: current) did not find any beans (OnBeanCondition)

   TomcatWebServerConfiguration matched:
      - @ConditionalOnWarDeployment the application is not deployed as a WAR file. (OnWarDeploymentCondition)

   TomcatWebServerConfiguration.TomcatWebSocketConfiguration matched:
      - @ConditionalOnClass found required class 'org.apache.tomcat.websocket.server.WsSci' (OnClassCondition)

   TransactionAutoConfiguration matched:
      - @ConditionalOnClass found required class 'org.springframework.transaction.PlatformTransactionManager' (OnClassCondition)

   TransactionAutoConfiguration.EnableTransactionManagementConfiguration matched:
      - @ConditionalOnBean (types: org.springframework.transaction.TransactionManager; SearchStrategy: all) found bean 'transactionManager'; @ConditionalOnMissingBean (types: org.springframework.transaction.annotation.AbstractTransactionManagementConfiguration; SearchStrategy: all) did not find any beans (OnBeanCondition)

   TransactionAutoConfiguration.EnableTransactionManagementConfiguration.CglibAutoProxyConfiguration matched:
      - @ConditionalOnBooleanProperty (spring.aop.proxy-target-class=true) matched (OnPropertyCondition)

   TransactionAutoConfiguration.TransactionTemplateConfiguration matched:
      - @ConditionalOnSingleCandidate (types: org.springframework.transaction.PlatformTransactionManager; SearchStrategy: all) found a single bean 'transactionManager' (OnBeanCondition)

   TransactionAutoConfiguration.TransactionTemplateConfiguration#transactionTemplate matched:
      - @ConditionalOnMissingBean (types: org.springframework.transaction.support.TransactionOperations; SearchStrategy: all) did not find any beans (OnBeanCondition)

   TransactionManagerCustomizationAutoConfiguration matched:
      - @ConditionalOnClass found required class 'org.springframework.transaction.PlatformTransactionManager' (OnClassCondition)

   TransactionManagerCustomizationAutoConfiguration#platformTransactionManagerCustomizers matched:
      - @ConditionalOnMissingBean (types: org.springframework.boot.transaction.autoconfigure.TransactionManagerCustomizers; SearchStrategy: all) did not find any beans (OnBeanCondition)

   ValidationAutoConfiguration matched:
      - @ConditionalOnClass found required class 'jakarta.validation.executable.ExecutableValidator' (OnClassCondition)
      - @ConditionalOnResource found location classpath:META-INF/services/jakarta.validation.spi.ValidationProvider (OnResourceCondition)

   ValidationAutoConfiguration#defaultValidator matched:
      - @ConditionalOnMissingBean (types: jakarta.validation.Validator; SearchStrategy: all) did not find any beans (OnBeanCondition)

   ValidationAutoConfiguration#methodValidationPostProcessor matched:
      - @ConditionalOnMissingBean (types: org.springframework.validation.beanvalidation.MethodValidationPostProcessor; SearchStrategy: current) did not find any beans (OnBeanCondition)

   WebMvcAutoConfiguration matched:
      - @ConditionalOnClass found required classes 'jakarta.servlet.Servlet', 'org.springframework.web.servlet.DispatcherServlet', 'org.springframework.web.servlet.config.annotation.WebMvcConfigurer' (OnClassCondition)
      - found 'session' scope (OnWebApplicationCondition)
      - @ConditionalOnMissingBean (types: org.springframework.web.servlet.config.annotation.WebMvcConfigurationSupport; SearchStrategy: all) did not find any beans (OnBeanCondition)

   WebMvcAutoConfiguration#formContentFilter matched:
      - @ConditionalOnBooleanProperty (spring.mvc.formcontent.filter.enabled=true) matched (OnPropertyCondition)
      - @ConditionalOnMissingBean (types: org.springframework.web.filter.FormContentFilter; SearchStrategy: all) did not find any beans (OnBeanCondition)

   WebMvcAutoConfiguration.EnableWebMvcConfiguration#flashMapManager matched:
      - @ConditionalOnMissingBean (names: flashMapManager; SearchStrategy: all) did not find any beans (OnBeanCondition)

   WebMvcAutoConfiguration.EnableWebMvcConfiguration#localeResolver matched:
      - @ConditionalOnMissingBean (names: localeResolver; SearchStrategy: all) did not find any beans (OnBeanCondition)

   WebMvcAutoConfiguration.EnableWebMvcConfiguration#viewNameTranslator matched:
      - @ConditionalOnMissingBean (names: viewNameTranslator; SearchStrategy: all) did not find any beans (OnBeanCondition)

   WebMvcAutoConfiguration.WebMvcAutoConfigurationAdapter#defaultViewResolver matched:
      - @ConditionalOnMissingBean (types: org.springframework.web.servlet.view.InternalResourceViewResolver; SearchStrategy: all) did not find any beans (OnBeanCondition)

   WebMvcAutoConfiguration.WebMvcAutoConfigurationAdapter#requestContextFilter matched:
      - @ConditionalOnMissingBean (types: org.springframework.web.context.request.RequestContextListener,org.springframework.web.filter.RequestContextFilter; SearchStrategy: all) did not find any beans (OnBeanCondition)

   WebMvcAutoConfiguration.WebMvcAutoConfigurationAdapter#viewResolver matched:
      - @ConditionalOnBean (types: org.springframework.web.servlet.ViewResolver; SearchStrategy: all) found beans 'defaultViewResolver', 'beanNameViewResolver', 'mvcViewResolver'; @ConditionalOnMissingBean (names: viewResolver types: org.springframework.web.servlet.view.ContentNegotiatingViewResolver; SearchStrategy: all) did not find any beans (OnBeanCondition)


Negative matches:
-----------------

   AopAutoConfiguration.AspectJAutoProxyingConfiguration.JdkDynamicAutoProxyConfiguration:
      Did not match:
         - @ConditionalOnBooleanProperty (spring.aop.proxy-target-class=false) did not find property 'spring.aop.proxy-target-class' (OnPropertyCondition)

   AopAutoConfiguration.ClassProxyingConfiguration:
      Did not match:
         - @ConditionalOnMissingClass found unwanted class 'org.aspectj.weaver.Advice' (OnClassCondition)

   DataRepositoryMetricsAutoConfiguration:
      Did not match:
         - @ConditionalOnBean did not find required type 'io.micrometer.core.instrument.MeterRegistry' (OnBeanCondition)

   DataSourceAutoConfiguration.EmbeddedDatabaseConfiguration:
      Did not match:
         - EmbeddedDataSource spring.datasource.url is set (DataSourceAutoConfiguration.EmbeddedDatabaseCondition)

   DataSourceCheckpointRestoreConfiguration:
      Did not match:
         - @ConditionalOnClass did not find required class 'org.crac.Resource' (OnClassCondition)

   DataSourceConfiguration.Dbcp2:
      Did not match:
         - @ConditionalOnClass did not find required class 'org.apache.commons.dbcp2.BasicDataSource' (OnClassCondition)

   DataSourceConfiguration.Generic:
      Did not match:
         - @ConditionalOnProperty (spring.datasource.type) did not find property 'spring.datasource.type' (OnPropertyCondition)

   DataSourceConfiguration.OracleUcp:
      Did not match:
         - @ConditionalOnClass did not find required classes 'oracle.ucp.jdbc.PoolDataSourceImpl', 'oracle.jdbc.OracleConnection' (OnClassCondition)

   DataSourceConfiguration.Tomcat:
      Did not match:
         - @ConditionalOnClass did not find required class 'org.apache.tomcat.jdbc.pool.DataSource' (OnClassCondition)

   DataSourceHealthContributorAutoConfiguration:
      Did not match:
         - @ConditionalOnClass did not find required class 'org.springframework.boot.health.autoconfigure.contributor.ConditionalOnEnabledHealthIndicator' (OnClassCondition)

   DataSourceJmxConfiguration:
      Did not match:
         - @ConditionalOnBooleanProperty (spring.jmx.enabled=true) did not find property 'spring.jmx.enabled' (OnPropertyCondition)

   DataSourcePoolMetadataProvidersConfiguration.CommonsDbcp2PoolDataSourceMetadataProviderConfiguration:
      Did not match:
         - @ConditionalOnClass did not find required class 'org.apache.commons.dbcp2.BasicDataSource' (OnClassCondition)

   DataSourcePoolMetadataProvidersConfiguration.OracleUcpPoolDataSourceMetadataProviderConfiguration:
      Did not match:
         - @ConditionalOnClass did not find required classes 'oracle.ucp.jdbc.PoolDataSource', 'oracle.jdbc.OracleConnection' (OnClassCondition)

   DataSourcePoolMetadataProvidersConfiguration.TomcatDataSourcePoolMetadataProviderConfiguration:
      Did not match:
         - @ConditionalOnClass did not find required class 'org.apache.tomcat.jdbc.pool.DataSource' (OnClassCondition)

   DataSourcePoolMetricsAutoConfiguration:
      Did not match:
         - @ConditionalOnClass did not find required class 'io.micrometer.core.instrument.MeterRegistry' (OnClassCondition)

   DdlAutoConfiguration#ddlApplicationRunner:
      Did not match:
         - @ConditionalOnBean (types: com.baomidou.mybatisplus.extension.ddl.IDdl; SearchStrategy: all) did not find any beans of type com.baomidou.mybatisplus.extension.ddl.IDdl (OnBeanCondition)

   DispatcherServletAutoConfiguration.DispatcherServletConfiguration#multipartResolver:
      Did not match:
         - @ConditionalOnBean (types: org.springframework.web.multipart.MultipartResolver; SearchStrategy: all) did not find any beans of type org.springframework.web.multipart.MultipartResolver (OnBeanCondition)

   GsonHttpMessageConvertersConfiguration:
      Did not match:
         - @ConditionalOnClass did not find required class 'com.google.gson.Gson' (OnClassCondition)

   IdentifierGeneratorAutoConfiguration:
      Did not match:
         - @ConditionalOnClass did not find required class 'org.springframework.cloud.commons.util.InetUtils' (OnClassCondition)

   Jackson2HttpMessageConvertersConfiguration.MappingJackson2HttpMessageConverterConfiguration:
      Did not match:
         - @ConditionalOnClass did not find required class 'com.fasterxml.jackson.databind.ObjectMapper' (OnClassCondition)

   Jackson2HttpMessageConvertersConfiguration.MappingJackson2XmlHttpMessageConverterConfiguration:
      Did not match:
         - @ConditionalOnClass did not find required class 'com.fasterxml.jackson.dataformat.xml.XmlMapper' (OnClassCondition)

   JacksonAutoConfiguration.CborConfiguration:
      Did not match:
         - @ConditionalOnClass did not find required class 'tools.jackson.dataformat.cbor.CBORMapper' (OnClassCondition)

   JacksonAutoConfiguration.XmlConfiguration:
      Did not match:
         - @ConditionalOnClass did not find required class 'tools.jackson.dataformat.xml.XmlMapper' (OnClassCondition)

   JacksonHttpMessageConvertersConfiguration.JacksonXmlHttpMessageConverterConfiguration:
      Did not match:
         - @ConditionalOnClass did not find required class 'tools.jackson.dataformat.xml.XmlMapper' (OnClassCondition)

   JmxAutoConfiguration:
      Did not match:
         - @ConditionalOnBooleanProperty (spring.jmx.enabled=true) did not find property 'spring.jmx.enabled' (OnPropertyCondition)
      Matched:
         - @ConditionalOnClass found required class 'org.springframework.jmx.export.MBeanExporter' (OnClassCondition)

   JndiDataSourceAutoConfiguration:
      Did not match:
         - @ConditionalOnProperty (spring.datasource.jndi-name) did not find property 'spring.datasource.jndi-name' (OnPropertyCondition)
      Matched:
         - @ConditionalOnClass found required classes 'javax.sql.DataSource', 'org.springframework.jdbc.datasource.embedded.EmbeddedDatabaseType' (OnClassCondition)

   JsonbHttpMessageConvertersConfiguration:
      Did not match:
         - @ConditionalOnClass did not find required class 'jakarta.json.bind.Jsonb' (OnClassCondition)

   JtaAutoConfiguration:
      Did not match:
         - @ConditionalOnClass did not find required class 'jakarta.transaction.Transaction' (OnClassCondition)

   KotlinSerializationHttpMessageConvertersConfiguration:
      Did not match:
         - @ConditionalOnClass did not find required classes 'kotlinx.serialization.Serializable', 'kotlinx.serialization.json.Json' (OnClassCondition)

   LettuceObservationAutoConfiguration:
      Did not match:
         - @ConditionalOnClass did not find required class 'io.lettuce.core.RedisClient' (OnClassCondition)

   MessageSourceAutoConfiguration:
      Did not match:
         - ResourceBundle did not find bundle with basename messages (MessageSourceAutoConfiguration.ResourceBundleCondition)

   MybatisPlusAutoConfiguration.MapperScannerRegistrarNotFoundConfiguration:
      Did not match:
         - @ConditionalOnMissingBean (types: org.mybatis.spring.mapper.MapperFactoryBean,org.mybatis.spring.mapper.MapperScannerConfigurer; SearchStrategy: all) found beans of type 'org.mybatis.spring.mapper.MapperScannerConfigurer' com.dance.street.game.config.MybatisPlusConfig#MapperScannerRegistrar#0 (OnBeanCondition)

   MybatisPlusInnerInterceptorAutoConfiguration:
      Did not match:
         - @ConditionalOnBean (types: com.baomidou.mybatisplus.extension.plugins.inner.InnerInterceptor; SearchStrategy: all) did not find any beans of type com.baomidou.mybatisplus.extension.plugins.inner.InnerInterceptor (OnBeanCondition)

   MybatisPlusLanguageDriverAutoConfiguration.FreeMarkerConfiguration:
      Did not match:
         - @ConditionalOnClass did not find required classes 'org.mybatis.scripting.freemarker.FreeMarkerLanguageDriver', 'org.mybatis.scripting.freemarker.FreeMarkerLanguageDriverConfig' (OnClassCondition)

   MybatisPlusLanguageDriverAutoConfiguration.LegacyFreeMarkerConfiguration:
      Did not match:
         - @ConditionalOnClass did not find required class 'org.mybatis.scripting.freemarker.FreeMarkerLanguageDriver' (OnClassCondition)

   MybatisPlusLanguageDriverAutoConfiguration.LegacyVelocityConfiguration:
      Did not match:
         - @ConditionalOnClass did not find required class 'org.mybatis.scripting.velocity.Driver' (OnClassCondition)

   MybatisPlusLanguageDriverAutoConfiguration.ThymeleafConfiguration:
      Did not match:
         - @ConditionalOnClass did not find required class 'org.mybatis.scripting.thymeleaf.ThymeleafLanguageDriver' (OnClassCondition)

   MybatisPlusLanguageDriverAutoConfiguration.VelocityConfiguration:
      Did not match:
         - @ConditionalOnClass did not find required classes 'org.mybatis.scripting.velocity.VelocityLanguageDriver', 'org.mybatis.scripting.velocity.VelocityLanguageDriverConfig' (OnClassCondition)

   ProjectInfoAutoConfiguration#buildProperties:
      Did not match:
         - @ConditionalOnResource did not find resource '${spring.info.build.location:classpath:META-INF/build-info.properties}' (OnResourceCondition)

   ProjectInfoAutoConfiguration#gitProperties:
      Did not match:
         - GitResource did not find git info at classpath:git.properties (ProjectInfoAutoConfiguration.GitResourceAvailableCondition)

   SaApiKeyBeanInject:
      Did not match:
         - @ConditionalOnClass did not find required class 'cn.dev33.satoken.apikey.SaApiKeyManager' (OnClassCondition)

   SaApiKeyBeanRegister:
      Did not match:
         - @ConditionalOnClass did not find required class 'cn.dev33.satoken.apikey.SaApiKeyManager' (OnClassCondition)

   SaOAuth2BeanInject:
      Did not match:
         - @ConditionalOnClass did not find required class 'cn.dev33.satoken.oauth2.SaOAuth2Manager' (OnClassCondition)

   SaOAuth2BeanRegister:
      Did not match:
         - @ConditionalOnClass did not find required class 'cn.dev33.satoken.oauth2.SaOAuth2Manager' (OnClassCondition)

   SaSignBeanInject:
      Did not match:
         - @ConditionalOnClass did not find required class 'cn.dev33.satoken.sign.SaSignManager' (OnClassCondition)

   SaSignBeanRegister:
      Did not match:
         - @ConditionalOnClass did not find required class 'cn.dev33.satoken.sign.SaSignManager' (OnClassCondition)

   SaSsoBeanInject:
      Did not match:
         - @ConditionalOnClass did not find required class 'cn.dev33.satoken.sso.SaSsoManager' (OnClassCondition)

   SaSsoBeanRegister:
      Did not match:
         - @ConditionalOnClass did not find required class 'cn.dev33.satoken.sso.SaSsoManager' (OnClassCondition)

   ServletHttpExchangesAutoConfiguration:
      Did not match:
         - @ConditionalOnBean did not find required type 'org.springframework.boot.actuate.web.exchanges.HttpExchangeRepository' (OnBeanCondition)

   ServletManagementContextAutoConfiguration:
      Did not match:
         - @ConditionalOnClass did not find required class 'org.springframework.boot.actuate.autoconfigure.endpoint.web.WebEndpointProperties' (OnClassCondition)

   ServletMappingsAutoConfiguration:
      Did not match:
         - @ConditionalOnClass did not find required class 'org.springframework.boot.actuate.autoconfigure.endpoint.condition.ConditionalOnAvailableEndpoint' (OnClassCondition)

   ServletWebServerConfiguration#forwardedHeaderFilter:
      Did not match:
         - @ConditionalOnProperty (server.forward-headers-strategy=framework) did not find property 'server.forward-headers-strategy' (OnPropertyCondition)

   SpringApplicationAdminJmxAutoConfiguration:
      Did not match:
         - @ConditionalOnBooleanProperty (spring.application.admin.enabled=true) did not find property 'spring.application.admin.enabled' (OnPropertyCondition)

   TaskExecutorConfigurations.AsyncConfigurerWrapperConfiguration:
      Did not match:
         - @ConditionalOnBean (types: org.springframework.scheduling.annotation.AsyncConfigurer; SearchStrategy: all) did not find any beans of type org.springframework.scheduling.annotation.AsyncConfigurer (OnBeanCondition)

   TaskExecutorConfigurations.SimpleAsyncTaskExecutorBuilderConfiguration#simpleAsyncTaskExecutorBuilderVirtualThreads:
      Did not match:
         - @ConditionalOnMissingBean (types: org.springframework.boot.task.SimpleAsyncTaskExecutorBuilder; SearchStrategy: all) found beans of type 'org.springframework.boot.task.SimpleAsyncTaskExecutorBuilder' simpleAsyncTaskExecutorBuilder (OnBeanCondition)

   TaskExecutorConfigurations.TaskExecutorConfiguration#applicationTaskExecutorVirtualThreads:
      Did not match:
         - @ConditionalOnThreading did not find VIRTUAL (OnThreadingCondition)

   TaskSchedulingAutoConfiguration#scheduledBeanLazyInitializationExcludeFilter:
      Did not match:
         - @ConditionalOnBean (names: org.springframework.scheduling.config.internalScheduledAnnotationProcessor; SearchStrategy: all) did not find any beans named org.springframework.scheduling.config.internalScheduledAnnotationProcessor (OnBeanCondition)

   TaskSchedulingConfigurations.SimpleAsyncTaskSchedulerBuilderConfiguration#simpleAsyncTaskSchedulerBuilderVirtualThreads:
      Did not match:
         - @ConditionalOnMissingBean (types: org.springframework.boot.task.SimpleAsyncTaskSchedulerBuilder; SearchStrategy: all) found beans of type 'org.springframework.boot.task.SimpleAsyncTaskSchedulerBuilder' simpleAsyncTaskSchedulerBuilder (OnBeanCondition)

   TaskSchedulingConfigurations.TaskSchedulerConfiguration:
      Did not match:
         - @ConditionalOnBean (names: org.springframework.scheduling.config.internalScheduledAnnotationProcessor; SearchStrategy: all) did not find any beans named org.springframework.scheduling.config.internalScheduledAnnotationProcessor (OnBeanCondition)

   TomcatMetricsAutoConfiguration:
      Did not match:
         - @ConditionalOnClass did not find required class 'io.micrometer.core.instrument.binder.tomcat.TomcatMetrics' (OnClassCondition)

   TomcatReactiveManagementContextAutoConfiguration:
      Did not match:
         - @ConditionalOnClass did not find required class 'org.springframework.boot.actuate.autoconfigure.web.server.ManagementContextFactory' (OnClassCondition)

   TomcatReactiveWebServerAutoConfiguration:
      Did not match:
         - @ConditionalOnWebApplication did not find reactive web application classes (OnWebApplicationCondition)

   TomcatServletManagementContextAutoConfiguration:
      Did not match:
         - @ConditionalOnClass did not find required class 'org.springframework.boot.actuate.autoconfigure.web.server.ManagementContextFactory' (OnClassCondition)

   TomcatServletWebServerAutoConfiguration#tomcatForwardedHeaderFilterCustomizer:
      Did not match:
         - @ConditionalOnProperty (server.forward-headers-strategy=framework) did not find property 'server.forward-headers-strategy' (OnPropertyCondition)

   TomcatWebServerConfiguration#tomcatVirtualThreadsProtocolHandlerCustomizer:
      Did not match:
         - @ConditionalOnThreading did not find VIRTUAL (OnThreadingCondition)

   TransactionAutoConfiguration#transactionalOperator:
      Did not match:
         - @ConditionalOnSingleCandidate (types: org.springframework.transaction.ReactiveTransactionManager; SearchStrategy: all) did not find any beans (OnBeanCondition)

   TransactionAutoConfiguration.AspectJTransactionManagementConfiguration:
      Did not match:
         - @ConditionalOnBean did not find required type 'org.springframework.transaction.aspectj.AbstractTransactionAspect' (OnBeanCondition)
         - @ConditionalOnBean (types: org.springframework.transaction.aspectj.AbstractTransactionAspect; SearchStrategy: all) did not find any beans of type org.springframework.transaction.aspectj.AbstractTransactionAspect (OnBeanCondition)

   TransactionAutoConfiguration.EnableTransactionManagementConfiguration.JdkDynamicAutoProxyConfiguration:
      Did not match:
         - @ConditionalOnBooleanProperty (spring.aop.proxy-target-class=false) did not find property 'spring.aop.proxy-target-class' (OnPropertyCondition)

   WebMvcAutoConfiguration#hiddenHttpMethodFilter:
      Did not match:
         - @ConditionalOnBooleanProperty (spring.mvc.hiddenmethod.filter.enabled=true) did not find property 'spring.mvc.hiddenmethod.filter.enabled' (OnPropertyCondition)

   WebMvcAutoConfiguration.ProblemDetailsErrorHandlingConfiguration:
      Did not match:
         - @ConditionalOnBooleanProperty (spring.mvc.problemdetails.enabled=true) did not find property 'spring.mvc.problemdetails.enabled' (OnPropertyCondition)

   WebMvcAutoConfiguration.ResourceChainCustomizerConfiguration:
      Did not match:
         - @ConditionalOnEnabledResourceChain did not find class org.webjars.WebJarVersionLocator (OnEnabledResourceChainCondition)

   WebMvcAutoConfiguration.WebMvcAutoConfigurationAdapter#beanNameViewResolver:
      Did not match:
         - @ConditionalOnMissingBean (types: org.springframework.web.servlet.view.BeanNameViewResolver; SearchStrategy: all) found beans of type 'org.springframework.web.servlet.view.BeanNameViewResolver' beanNameViewResolver (OnBeanCondition)

   WebMvcHealthEndpointExtensionAutoConfiguration:
      Did not match:
         - @ConditionalOnClass did not find required class 'org.springframework.boot.health.actuate.endpoint.HealthEndpoint' (OnClassCondition)

   WebMvcMappingsAutoConfiguration:
      Did not match:
         - @ConditionalOnClass did not find required class 'org.springframework.boot.actuate.autoconfigure.endpoint.condition.ConditionalOnAvailableEndpoint' (OnClassCondition)

   WebMvcObservationAutoConfiguration:
      Did not match:
         - @ConditionalOnClass did not find required class 'org.springframework.boot.micrometer.observation.autoconfigure.ObservationProperties' (OnClassCondition)

   XADataSourceAutoConfiguration:
      Did not match:
         - @ConditionalOnClass did not find required class 'jakarta.transaction.TransactionManager' (OnClassCondition)


Exclusions:
-----------

    org.redisson.spring.starter.RedissonAutoConfigurationV2

    org.redisson.spring.starter.RedissonAutoConfigurationV4

    org.springframework.boot.data.redis.autoconfigure.DataRedisAutoConfiguration

    org.springframework.boot.data.redis.autoconfigure.DataRedisReactiveAutoConfiguration

    org.springframework.boot.data.redis.autoconfigure.DataRedisRepositoriesAutoConfiguration

    org.springframework.boot.data.redis.autoconfigure.health.DataRedisHealthContributorAutoConfiguration

    org.springframework.boot.data.redis.autoconfigure.health.DataRedisReactiveHealthContributorAutoConfiguration


Unconditional classes:
----------------------

    cn.dev33.satoken.spring.SaTokenContextRegister

    org.springframework.boot.autoconfigure.context.ConfigurationPropertiesAutoConfiguration

    cn.dev33.satoken.spring.SaBeanRegister

    org.springframework.boot.autoconfigure.ssl.SslAutoConfiguration

    org.springframework.boot.autoconfigure.context.PropertyPlaceholderAutoConfiguration

    org.springframework.boot.autoconfigure.context.LifecycleAutoConfiguration

    cn.dev33.satoken.spring.SaBeanInject

    cn.hutool.extra.spring.SpringUtil

    org.springframework.boot.autoconfigure.availability.ApplicationAvailabilityAutoConfiguration

    org.dromara.common.core.config.ThreadPoolConfig

    io.github.linpeilie.mapstruct.MapstructAutoConfiguration

    org.springframework.boot.autoconfigure.info.ProjectInfoAutoConfiguration



2026-09-14T00:00:46.707+08:00  INFO 7617 --- [dance-game] [           main] com.dance.street.game.GameApplication    : Started GameApplication in 1.931 seconds (process running for 2.273)
2026-09-14T00:00:46.707+08:00 DEBUG 7617 --- [dance-game] [           main] o.s.b.a.ApplicationAvailabilityBean      : Application availability state LivenessState changed to CORRECT
2026-09-14T00:00:46.708+08:00  INFO 7617 --- [dance-game] [           main] o.d.c.sse.listener.SseTopicListener      : 初始化SSE主题订阅监听器成功
2026-09-14T00:00:46.708+08:00  INFO 7617 --- [dance-game] [           main] o.d.c.s.l.TournamentSseTopicListener     : 初始化赛事SSE主题订阅监听器成功
2026-09-14T00:00:46.708+08:00  INFO 7617 --- [dance-game] [           main] .d.c.s.l.TournamentEventSseTopicListener : 初始化赛事事件SSE主题订阅监听器成功
2026-09-14T00:00:46.709+08:00 DEBUG 7617 --- [dance-game] [           main] o.s.b.a.ApplicationAvailabilityBean      : Application availability state ReadinessState changed to ACCEPTING_TRAFFIC
2026-09-14T00:01:03.384+08:00  INFO 7617 --- [dance-game] [nio-8080-exec-2] o.a.c.c.C.[Tomcat].[localhost].[/]       : Initializing Spring DispatcherServlet 'dispatcherServlet'
2026-09-14T00:01:03.384+08:00  INFO 7617 --- [dance-game] [nio-8080-exec-2] o.s.web.servlet.DispatcherServlet        : Initializing Servlet 'dispatcherServlet'
2026-09-14T00:01:03.385+08:00 DEBUG 7617 --- [dance-game] [nio-8080-exec-2] o.s.web.servlet.DispatcherServlet        : Detected StandardServletMultipartResolver
2026-09-14T00:01:03.385+08:00 DEBUG 7617 --- [dance-game] [nio-8080-exec-2] o.s.web.servlet.DispatcherServlet        : Detected AcceptHeaderLocaleResolver
2026-09-14T00:01:03.387+08:00 DEBUG 7617 --- [dance-game] [nio-8080-exec-2] o.s.web.servlet.DispatcherServlet        : Detected org.springframework.web.servlet.view.DefaultRequestToViewNameTranslator@453d5a2e
2026-09-14T00:01:03.387+08:00 DEBUG 7617 --- [dance-game] [nio-8080-exec-2] o.s.web.servlet.DispatcherServlet        : Detected org.springframework.web.servlet.support.SessionFlashMapManager@451dd25f
2026-09-14T00:01:03.388+08:00 DEBUG 7617 --- [dance-game] [nio-8080-exec-2] o.s.web.servlet.DispatcherServlet        : enableLoggingRequestDetails='false': request parameters and headers will be masked to prevent unsafe logging of potentially sensitive data
2026-09-14T00:01:03.388+08:00  INFO 7617 --- [dance-game] [nio-8080-exec-2] o.s.web.servlet.DispatcherServlet        : Completed initialization in 4 ms
2026-09-14T00:01:03.395+08:00 DEBUG 7617 --- [dance-game] [nio-8080-exec-2] o.s.web.servlet.DispatcherServlet        : GET "/", parameters={}
2026-09-14T00:01:03.397+08:00 DEBUG 7617 --- [dance-game] [nio-8080-exec-2] o.s.b.w.a.WelcomePageHandlerMapping      : Mapped to ParameterizableViewController [view="forward:index.html"]
2026-09-14T00:01:03.403+08:00 DEBUG 7617 --- [dance-game] [nio-8080-exec-2] o.s.w.s.v.ContentNegotiatingViewResolver : Selected '*/*' given [*/*]
2026-09-14T00:01:03.403+08:00 DEBUG 7617 --- [dance-game] [nio-8080-exec-2] o.s.w.servlet.view.InternalResourceView  : View name [forward:], model {}
2026-09-14T00:01:03.404+08:00 DEBUG 7617 --- [dance-game] [nio-8080-exec-2] o.s.w.servlet.view.InternalResourceView  : Forwarding to [index.html]
2026-09-14T00:01:03.407+08:00 DEBUG 7617 --- [dance-game] [nio-8080-exec-2] o.s.web.servlet.DispatcherServlet        : "FORWARD" dispatch for GET "/index.html", parameters={}
2026-09-14T00:01:03.409+08:00 DEBUG 7617 --- [dance-game] [nio-8080-exec-2] o.s.w.s.handler.SimpleUrlHandlerMapping  : Mapped to ResourceHttpRequestHandler [URL [file:frontend/dist/], classpath [static/], ServletContext [/]]
2026-09-14T00:01:03.416+08:00 DEBUG 7617 --- [dance-game] [nio-8080-exec-2] o.s.web.servlet.DispatcherServlet        : Exiting from "FORWARD" dispatch, status 200
2026-09-14T00:01:03.417+08:00 DEBUG 7617 --- [dance-game] [nio-8080-exec-2] o.s.web.servlet.DispatcherServlet        : Completed 200 OK
2026-09-14T00:01:41.168+08:00 DEBUG 7617 --- [dance-game] [nio-8080-exec-1] o.s.web.servlet.DispatcherServlet        : GET "/tournament/event/sse?tournamentId=2099004008896458754&clientid=e5cd7e4891bf95d1d19206ce24a7b32e", parameters={masked}
2026-09-14T00:01:41.174+08:00 DEBUG 7617 --- [dance-game] [nio-8080-exec-1] s.w.s.m.m.a.RequestMappingHandlerMapping : Mapped to com.dance.street.game.controller.TournamentEventController#event(Long, String)
2026-09-14T00:01:41.215+08:00  INFO 7617 --- [dance-game] [nio-8080-exec-1] d.c.s.c.TournamentEventSseEmitterManager : 赛事[2099004008896458754]事件SSE连接建立(普通),当前在线连接数:1
2026-09-14T00:01:41.221+08:00 DEBUG 7617 --- [dance-game] [nio-8080-exec-1] o.s.w.c.request.async.WebAsyncManager    : Started async request for "/tournament/event/sse"
2026-09-14T00:01:41.224+08:00 DEBUG 7617 --- [dance-game] [nio-8080-exec-1] o.s.web.servlet.DispatcherServlet        : Exiting but response remains open for further handling
2026-09-14T00:01:41.238+08:00 DEBUG 7617 --- [dance-game] [nio-8080-exec-3] o.s.web.servlet.DispatcherServlet        : GET "/game/stage/list?tournamentId=2099004008896458754", parameters={masked}
2026-09-14T00:01:41.239+08:00 DEBUG 7617 --- [dance-game] [nio-8080-exec-3] s.w.s.m.m.a.RequestMappingHandlerMapping : Mapped to com.dance.street.game.controller.TStageController#list(TStageBo, PageQuery)
2026-09-14T00:01:41.461+08:00 DEBUG 7617 --- [dance-game] [nio-8080-exec-3] m.m.a.RequestResponseBodyMethodProcessor : Using 'application/json', given [application/json, text/plain, */*] and supported [application/json, application/*+json]
2026-09-14T00:01:41.464+08:00 DEBUG 7617 --- [dance-game] [nio-8080-exec-3] m.m.a.RequestResponseBodyMethodProcessor : Writing [TableDataInfo(total=5, data=[TStageVo(id=2099004008971956226, tournamentId=2099004008896458754, prev (truncated)...]
2026-09-14T00:01:41.486+08:00 DEBUG 7617 --- [dance-game] [nio-8080-exec-3] o.s.web.servlet.DispatcherServlet        : Completed 200 OK
2026-09-14T00:01:41.509+08:00 DEBUG 7617 --- [dance-game] [nio-8080-exec-4] o.s.web.servlet.DispatcherServlet        : GET "/game/visScene/list?tournamentId=2099004008896458754", parameters={masked}
2026-09-14T00:01:41.509+08:00 DEBUG 7617 --- [dance-game] [nio-8080-exec-4] s.w.s.m.m.a.RequestMappingHandlerMapping : Mapped to com.dance.street.game.controller.TVisSceneController#list(TVisSceneBo, PageQuery)
2026-09-14T00:01:41.519+08:00 DEBUG 7617 --- [dance-game] [nio-8080-exec-4] m.m.a.RequestResponseBodyMethodProcessor : Using 'application/json', given [application/json, text/plain, */*] and supported [application/json, application/*+json]
2026-09-14T00:01:41.519+08:00 DEBUG 7617 --- [dance-game] [nio-8080-exec-4] m.m.a.RequestResponseBodyMethodProcessor : Writing [TableDataInfo(total=2, data=[TVisSceneVo(id=2099004009110368258, tournamentId=2099004008896458754, n (truncated)...]
2026-09-14T00:01:41.521+08:00 DEBUG 7617 --- [dance-game] [nio-8080-exec-4] o.s.web.servlet.DispatcherServlet        : Completed 200 OK
2026-09-14T00:01:41.526+08:00 DEBUG 7617 --- [dance-game] [nio-8080-exec-5] o.s.web.servlet.DispatcherServlet        : GET "/game/visWidget/list?tournamentId=2099004008896458754&sceneId=2099004009110368258", parameters={masked}
2026-09-14T00:01:41.526+08:00 DEBUG 7617 --- [dance-game] [nio-8080-exec-6] o.s.web.servlet.DispatcherServlet        : GET "/game/visWidget/list?tournamentId=2099004008896458754&sceneId=2099004009122951170", parameters={masked}
2026-09-14T00:01:41.526+08:00 DEBUG 7617 --- [dance-game] [nio-8080-exec-5] s.w.s.m.m.a.RequestMappingHandlerMapping : Mapped to com.dance.street.game.controller.TVisWidgetController#list(TVisWidgetBo, PageQuery)
2026-09-14T00:01:41.526+08:00 DEBUG 7617 --- [dance-game] [nio-8080-exec-6] s.w.s.m.m.a.RequestMappingHandlerMapping : Mapped to com.dance.street.game.controller.TVisWidgetController#list(TVisWidgetBo, PageQuery)
2026-09-14T00:01:41.537+08:00 DEBUG 7617 --- [dance-game] [nio-8080-exec-5] m.m.a.RequestResponseBodyMethodProcessor : Using 'application/json', given [application/json, text/plain, */*] and supported [application/json, application/*+json]
2026-09-14T00:01:41.537+08:00 DEBUG 7617 --- [dance-game] [nio-8080-exec-6] m.m.a.RequestResponseBodyMethodProcessor : Using 'application/json', given [application/json, text/plain, */*] and supported [application/json, application/*+json]
2026-09-14T00:01:41.538+08:00 DEBUG 7617 --- [dance-game] [nio-8080-exec-5] m.m.a.RequestResponseBodyMethodProcessor : Writing [TableDataInfo(total=1, data=[TVisWidgetVo(id=2099004009148116993, tournamentId=2099004008896458754,  (truncated)...]
2026-09-14T00:01:41.538+08:00 DEBUG 7617 --- [dance-game] [nio-8080-exec-6] m.m.a.RequestResponseBodyMethodProcessor : Writing [TableDataInfo(total=6, data=[TVisWidgetVo(id=2099004009160699905, tournamentId=2099004008896458754,  (truncated)...]
2026-09-14T00:01:41.541+08:00 DEBUG 7617 --- [dance-game] [nio-8080-exec-5] o.s.web.servlet.DispatcherServlet        : Completed 200 OK
2026-09-14T00:01:41.541+08:00 DEBUG 7617 --- [dance-game] [nio-8080-exec-6] o.s.web.servlet.DispatcherServlet        : Completed 200 OK
2026-09-14T00:01:41.555+08:00 DEBUG 7617 --- [dance-game] [nio-8080-exec-7] o.s.web.servlet.DispatcherServlet        : GET "/game/tournament/authKey/2099004008896458754", parameters={}
2026-09-14T00:01:41.555+08:00 DEBUG 7617 --- [dance-game] [nio-8080-exec-7] s.w.s.m.m.a.RequestMappingHandlerMapping : Mapped to com.dance.street.game.controller.TTournamentController#getAuthKey(Long)
2026-09-14T00:01:41.564+08:00 DEBUG 7617 --- [dance-game] [nio-8080-exec-7] m.m.a.RequestResponseBodyMethodProcessor : Using 'application/json', given [application/json, text/plain, */*] and supported [application/json, application/*+json]
2026-09-14T00:01:41.564+08:00 DEBUG 7617 --- [dance-game] [nio-8080-exec-7] m.m.a.RequestResponseBodyMethodProcessor : Writing [R(code=200, msg=操作成功, data={authKey=9babe1fc5b3449c385a68b2d705ca394})]
2026-09-14T00:01:41.567+08:00 DEBUG 7617 --- [dance-game] [nio-8080-exec-7] o.s.web.servlet.DispatcherServlet        : Completed 200 OK
2026-09-14T00:02:52.318+08:00 DEBUG 7617 --- [dance-game] [nio-8080-exec-8] o.s.web.servlet.DispatcherServlet        : GET "/login/passwordStatus", parameters={}
2026-09-14T00:02:52.320+08:00 DEBUG 7617 --- [dance-game] [nio-8080-exec-8] s.w.s.m.m.a.RequestMappingHandlerMapping : Mapped to com.dance.street.game.controller.PasswordController#passwordStatus()
2026-09-14T00:02:52.346+08:00 DEBUG 7617 --- [dance-game] [nio-8080-exec-8] o.s.jdbc.core.JdbcTemplate               : Executing prepared SQL query
2026-09-14T00:02:52.347+08:00 DEBUG 7617 --- [dance-game] [nio-8080-exec-8] o.s.jdbc.core.JdbcTemplate               : Executing prepared SQL statement [SELECT password FROM t_login_account WHERE username = ? LIMIT 1]
2026-09-14T00:02:52.445+08:00 DEBUG 7617 --- [dance-game] [nio-8080-exec-8] m.m.a.RequestResponseBodyMethodProcessor : Using 'application/json', given [application/json, text/plain, */*] and supported [application/json, application/*+json]
2026-09-14T00:02:52.445+08:00 DEBUG 7617 --- [dance-game] [nio-8080-exec-8] m.m.a.RequestResponseBodyMethodProcessor : Writing [R(code=200, msg=操作成功, data={defaultPassword=true})]
2026-09-14T00:02:52.448+08:00 DEBUG 7617 --- [dance-game] [nio-8080-exec-8] o.s.web.servlet.DispatcherServlet        : Completed 200 OK
2026-09-14T00:02:52.613+08:00 DEBUG 7617 --- [dance-game] [nio-8080-exec-9] o.s.web.servlet.DispatcherServlet        : GET "/game/visScene/list?tournamentId=2099013250185527297", parameters={masked}
2026-09-14T00:02:52.615+08:00 DEBUG 7617 --- [dance-game] [nio-8080-exec-9] s.w.s.m.m.a.RequestMappingHandlerMapping : Mapped to com.dance.street.game.controller.TVisSceneController#list(TVisSceneBo, PageQuery)
2026-09-14T00:02:52.688+08:00 DEBUG 7617 --- [dance-game] [nio-8080-exec-9] m.m.a.RequestResponseBodyMethodProcessor : Using 'application/json', given [application/json, text/plain, */*] and supported [application/json, application/*+json]
2026-09-14T00:02:52.688+08:00 DEBUG 7617 --- [dance-game] [nio-8080-exec-9] m.m.a.RequestResponseBodyMethodProcessor : Writing [TableDataInfo(total=2, data=[TVisSceneVo(id=2099013250319745026, tournamentId=2099013250185527297, n (truncated)...]
2026-09-14T00:02:52.688+08:00 DEBUG 7617 --- [dance-game] [nio-8080-exec-9] o.s.web.servlet.DispatcherServlet        : Completed 200 OK
2026-09-14T00:02:52.724+08:00 DEBUG 7617 --- [dance-game] [io-8080-exec-10] o.s.web.servlet.DispatcherServlet        : GET "/game/visWidget/list?tournamentId=2099013250185527297&sceneId=2099013250344910849", parameters={masked}
2026-09-14T00:02:52.724+08:00 DEBUG 7617 --- [dance-game] [nio-8080-exec-2] o.s.web.servlet.DispatcherServlet        : GET "/game/visWidget/list?tournamentId=2099013250185527297&sceneId=2099013250319745026", parameters={masked}
2026-09-14T00:02:52.724+08:00 DEBUG 7617 --- [dance-game] [nio-8080-exec-2] s.w.s.m.m.a.RequestMappingHandlerMapping : Mapped to com.dance.street.game.controller.TVisWidgetController#list(TVisWidgetBo, PageQuery)
2026-09-14T00:02:52.725+08:00 DEBUG 7617 --- [dance-game] [io-8080-exec-10] s.w.s.m.m.a.RequestMappingHandlerMapping : Mapped to com.dance.street.game.controller.TVisWidgetController#list(TVisWidgetBo, PageQuery)
2026-09-14T00:02:52.729+08:00 DEBUG 7617 --- [dance-game] [nio-8080-exec-2] m.m.a.RequestResponseBodyMethodProcessor : Using 'application/json', given [application/json, text/plain, */*] and supported [application/json, application/*+json]
2026-09-14T00:02:52.729+08:00 DEBUG 7617 --- [dance-game] [nio-8080-exec-2] m.m.a.RequestResponseBodyMethodProcessor : Writing [TableDataInfo(total=1, data=[TVisWidgetVo(id=2099013250361688065, tournamentId=2099013250185527297,  (truncated)...]
2026-09-14T00:02:52.730+08:00 DEBUG 7617 --- [dance-game] [nio-8080-exec-2] o.s.web.servlet.DispatcherServlet        : Completed 200 OK
2026-09-14T00:02:52.730+08:00 DEBUG 7617 --- [dance-game] [io-8080-exec-10] m.m.a.RequestResponseBodyMethodProcessor : Using 'application/json', given [application/json, text/plain, */*] and supported [application/json, application/*+json]
2026-09-14T00:02:52.730+08:00 DEBUG 7617 --- [dance-game] [io-8080-exec-10] m.m.a.RequestResponseBodyMethodProcessor : Writing [TableDataInfo(total=7, data=[TVisWidgetVo(id=2099013250370076674, tournamentId=2099013250185527297,  (truncated)...]
2026-09-14T00:02:52.731+08:00 DEBUG 7617 --- [dance-game] [io-8080-exec-10] o.s.web.servlet.DispatcherServlet        : Completed 200 OK
2026-09-14T00:02:52.742+08:00 DEBUG 7617 --- [dance-game] [nio-8080-exec-1] o.s.web.servlet.DispatcherServlet        : GET "/game/tournament/authKey/2099013250185527297", parameters={}
2026-09-14T00:02:52.742+08:00 DEBUG 7617 --- [dance-game] [nio-8080-exec-1] s.w.s.m.m.a.RequestMappingHandlerMapping : Mapped to com.dance.street.game.controller.TTournamentController#getAuthKey(Long)
2026-09-14T00:02:52.744+08:00 DEBUG 7617 --- [dance-game] [nio-8080-exec-1] m.m.a.RequestResponseBodyMethodProcessor : Using 'application/json', given [application/json, text/plain, */*] and supported [application/json, application/*+json]
2026-09-14T00:02:52.744+08:00 DEBUG 7617 --- [dance-game] [nio-8080-exec-1] m.m.a.RequestResponseBodyMethodProcessor : Writing [R(code=200, msg=操作成功, data={authKey=c305874284074dd1bcc6f344539dcaf6})]
2026-09-14T00:02:52.745+08:00 DEBUG 7617 --- [dance-game] [nio-8080-exec-1] o.s.web.servlet.DispatcherServlet        : Completed 200 OK
2026-09-14T00:02:54.475+08:00 DEBUG 7617 --- [dance-game] [nio-8080-exec-5] o.s.web.servlet.DispatcherServlet        : GET "/game/stage/2099013250298773505", parameters={}
2026-09-14T00:02:54.476+08:00 DEBUG 7617 --- [dance-game] [nio-8080-exec-3] o.s.web.servlet.DispatcherServlet        : GET "/game/tournament/2099013250185527297", parameters={}
2026-09-14T00:02:54.475+08:00 DEBUG 7617 --- [dance-game] [nio-8080-exec-6] o.s.web.servlet.DispatcherServlet        : GET "/game/stage/2099013250302967810", parameters={}
2026-09-14T00:02:54.475+08:00 DEBUG 7617 --- [dance-game] [nio-8080-exec-4] o.s.web.servlet.DispatcherServlet        : GET "/game/stage/2099013250311356418", parameters={}
2026-09-14T00:02:54.479+08:00 DEBUG 7617 --- [dance-game] [nio-8080-exec-4] s.w.s.m.m.a.RequestMappingHandlerMapping : Mapped to com.dance.street.game.controller.TStageController#getInfo(Long)
2026-09-14T00:02:54.479+08:00 DEBUG 7617 --- [dance-game] [nio-8080-exec-5] s.w.s.m.m.a.RequestMappingHandlerMapping : Mapped to com.dance.street.game.controller.TStageController#getInfo(Long)
2026-09-14T00:02:54.479+08:00 DEBUG 7617 --- [dance-game] [nio-8080-exec-6] s.w.s.m.m.a.RequestMappingHandlerMapping : Mapped to com.dance.street.game.controller.TStageController#getInfo(Long)
2026-09-14T00:02:54.479+08:00 DEBUG 7617 --- [dance-game] [nio-8080-exec-3] s.w.s.m.m.a.RequestMappingHandlerMapping : Mapped to com.dance.street.game.controller.TTournamentController#getInfo(Long)
2026-09-14T00:02:54.502+08:00 DEBUG 7617 --- [dance-game] [nio-8080-exec-6] m.m.a.RequestResponseBodyMethodProcessor : Using 'application/json', given [application/json, text/plain, */*] and supported [application/json, application/*+json]
2026-09-14T00:02:54.502+08:00 DEBUG 7617 --- [dance-game] [nio-8080-exec-4] m.m.a.RequestResponseBodyMethodProcessor : Using 'application/json', given [application/json, text/plain, */*] and supported [application/json, application/*+json]
2026-09-14T00:02:54.502+08:00 DEBUG 7617 --- [dance-game] [nio-8080-exec-5] m.m.a.RequestResponseBodyMethodProcessor : Using 'application/json', given [application/json, text/plain, */*] and supported [application/json, application/*+json]
2026-09-14T00:02:54.502+08:00 DEBUG 7617 --- [dance-game] [nio-8080-exec-5] m.m.a.RequestResponseBodyMethodProcessor : Writing [R(code=200, msg=操作成功, data=TStageVo(id=2099013250298773505, tournamentId=2099013250185527297, prevSt (truncated)...]
2026-09-14T00:02:54.502+08:00 DEBUG 7617 --- [dance-game] [nio-8080-exec-4] m.m.a.RequestResponseBodyMethodProcessor : Writing [R(code=200, msg=操作成功, data=TStageVo(id=2099013250311356418, tournamentId=2099013250185527297, prevSt (truncated)...]
2026-09-14T00:02:54.502+08:00 DEBUG 7617 --- [dance-game] [nio-8080-exec-6] m.m.a.RequestResponseBodyMethodProcessor : Writing [R(code=200, msg=操作成功, data=TStageVo(id=2099013250302967810, tournamentId=2099013250185527297, prevSt (truncated)...]
2026-09-14T00:02:54.507+08:00 DEBUG 7617 --- [dance-game] [nio-8080-exec-6] o.s.web.servlet.DispatcherServlet        : Completed 200 OK
2026-09-14T00:02:54.507+08:00 DEBUG 7617 --- [dance-game] [nio-8080-exec-4] o.s.web.servlet.DispatcherServlet        : Completed 200 OK
2026-09-14T00:02:54.508+08:00 DEBUG 7617 --- [dance-game] [nio-8080-exec-5] o.s.web.servlet.DispatcherServlet        : Completed 200 OK
2026-09-14T00:02:54.510+08:00 DEBUG 7617 --- [dance-game] [nio-8080-exec-3] m.m.a.RequestResponseBodyMethodProcessor : Using 'application/json', given [application/json, text/plain, */*] and supported [application/json, application/*+json]
2026-09-14T00:02:54.515+08:00 DEBUG 7617 --- [dance-game] [nio-8080-exec-3] m.m.a.RequestResponseBodyMethodProcessor : Writing [R(code=200, msg=操作成功, data=TTournamentVo(id=2099013250185527297, name=56, coverImage=, coverImageUrl (truncated)...]
2026-09-14T00:02:54.516+08:00 DEBUG 7617 --- [dance-game] [nio-8080-exec-8] o.s.web.servlet.DispatcherServlet        : GET "/game/stage/2099013250281996289", parameters={}
2026-09-14T00:02:54.516+08:00 DEBUG 7617 --- [dance-game] [nio-8080-exec-7] o.s.web.servlet.DispatcherServlet        : GET "/game/stage/2099013250290384898", parameters={}
2026-09-14T00:02:54.517+08:00 DEBUG 7617 --- [dance-game] [nio-8080-exec-9] o.s.web.servlet.DispatcherServlet        : GET "/tournament/event/sse?tournamentId=2099013250185527297&clientid=e5cd7e4891bf95d1d19206ce24a7b32e", parameters={masked}
2026-09-14T00:02:54.517+08:00 DEBUG 7617 --- [dance-game] [nio-8080-exec-9] s.w.s.m.m.a.RequestMappingHandlerMapping : Mapped to com.dance.street.game.controller.TournamentEventController#event(Long, String)
2026-09-14T00:02:54.517+08:00 DEBUG 7617 --- [dance-game] [nio-8080-exec-8] s.w.s.m.m.a.RequestMappingHandlerMapping : Mapped to com.dance.street.game.controller.TStageController#getInfo(Long)
2026-09-14T00:02:54.517+08:00 DEBUG 7617 --- [dance-game] [nio-8080-exec-7] s.w.s.m.m.a.RequestMappingHandlerMapping : Mapped to com.dance.street.game.controller.TStageController#getInfo(Long)
2026-09-14T00:02:54.518+08:00  INFO 7617 --- [dance-game] [nio-8080-exec-9] d.c.s.c.TournamentEventSseEmitterManager : 赛事[2099013250185527297]事件SSE连接建立(普通),当前在线连接数:1
2026-09-14T00:02:54.518+08:00 DEBUG 7617 --- [dance-game] [nio-8080-exec-9] o.s.w.c.request.async.WebAsyncManager    : Started async request for "/tournament/event/sse"
2026-09-14T00:02:54.518+08:00 DEBUG 7617 --- [dance-game] [nio-8080-exec-9] o.s.web.servlet.DispatcherServlet        : Exiting but response remains open for further handling
2026-09-14T00:02:54.519+08:00 DEBUG 7617 --- [dance-game] [nio-8080-exec-3] o.s.web.servlet.DispatcherServlet        : Completed 200 OK
2026-09-14T00:02:54.520+08:00 DEBUG 7617 --- [dance-game] [nio-8080-exec-7] m.m.a.RequestResponseBodyMethodProcessor : Using 'application/json', given [application/json, text/plain, */*] and supported [application/json, application/*+json]
2026-09-14T00:02:54.520+08:00 DEBUG 7617 --- [dance-game] [nio-8080-exec-8] m.m.a.RequestResponseBodyMethodProcessor : Using 'application/json', given [application/json, text/plain, */*] and supported [application/json, application/*+json]
2026-09-14T00:02:54.520+08:00 DEBUG 7617 --- [dance-game] [nio-8080-exec-7] m.m.a.RequestResponseBodyMethodProcessor : Writing [R(code=200, msg=操作成功, data=TStageVo(id=2099013250290384898, tournamentId=2099013250185527297, prevSt (truncated)...]
2026-09-14T00:02:54.520+08:00 DEBUG 7617 --- [dance-game] [nio-8080-exec-8] m.m.a.RequestResponseBodyMethodProcessor : Writing [R(code=200, msg=操作成功, data=TStageVo(id=2099013250281996289, tournamentId=2099013250185527297, prevSt (truncated)...]
2026-09-14T00:02:54.521+08:00 DEBUG 7617 --- [dance-game] [nio-8080-exec-7] o.s.web.servlet.DispatcherServlet        : Completed 200 OK
2026-09-14T00:02:54.521+08:00 DEBUG 7617 --- [dance-game] [nio-8080-exec-8] o.s.web.servlet.DispatcherServlet        : Completed 200 OK
2026-09-14T00:02:54.523+08:00 DEBUG 7617 --- [dance-game] [nio-8080-exec-2] o.s.web.servlet.DispatcherServlet        : GET "/tournament/screen/control?authKey=c305874284074dd1bcc6f344539dcaf6&clientid=e5cd7e4891bf95d1d19206ce24a7b32e&screenIds=28f712bf-5ebc-4734-8d85-fec9e1b6fc8d&terminalId=terminal_1789315374502_7aurft0c31s&tournamentId=2099013250185527297", parameters={masked}
2026-09-14T00:02:54.524+08:00 DEBUG 7617 --- [dance-game] [nio-8080-exec-2] s.w.s.m.m.a.RequestMappingHandlerMapping : Mapped to org.dromara.common.sse.controller.SseController#screenControl(String, String, String, String, HttpServletRequest)
2026-09-14T00:02:54.525+08:00 DEBUG 7617 --- [dance-game] [io-8080-exec-10] o.s.web.servlet.DispatcherServlet        : GET "/game/tournament/2099013250185527297", parameters={}
2026-09-14T00:02:54.525+08:00 DEBUG 7617 --- [dance-game] [nio-8080-exec-1] o.s.web.servlet.DispatcherServlet        : GET "/game/stage/flow/2099013250185527297", parameters={}
2026-09-14T00:02:54.525+08:00 DEBUG 7617 --- [dance-game] [io-8080-exec-10] s.w.s.m.m.a.RequestMappingHandlerMapping : Mapped to com.dance.street.game.controller.TTournamentController#getInfo(Long)
2026-09-14T00:02:54.525+08:00 DEBUG 7617 --- [dance-game] [nio-8080-exec-1] s.w.s.m.m.a.RequestMappingHandlerMapping : Mapped to com.dance.street.game.controller.TStageController#flow(Long)
2026-09-14T00:02:54.528+08:00 DEBUG 7617 --- [dance-game] [io-8080-exec-10] m.m.a.RequestResponseBodyMethodProcessor : Using 'application/json', given [application/json, text/plain, */*] and supported [application/json, application/*+json]
2026-09-14T00:02:54.528+08:00 DEBUG 7617 --- [dance-game] [io-8080-exec-10] m.m.a.RequestResponseBodyMethodProcessor : Writing [R(code=200, msg=操作成功, data=TTournamentVo(id=2099013250185527297, name=56, coverImage=, coverImageUrl (truncated)...]
2026-09-14T00:02:54.528+08:00 DEBUG 7617 --- [dance-game] [io-8080-exec-10] o.s.web.servlet.DispatcherServlet        : Completed 200 OK
2026-09-14T00:02:54.532+08:00 DEBUG 7617 --- [dance-game] [nio-8080-exec-1] m.m.a.RequestResponseBodyMethodProcessor : Using 'application/json', given [application/json, text/plain, */*] and supported [application/json, application/*+json]
2026-09-14T00:02:54.532+08:00 DEBUG 7617 --- [dance-game] [nio-8080-exec-5] o.s.web.servlet.DispatcherServlet        : GET "/game/tournament/2099013250185527297", parameters={}
2026-09-14T00:02:54.533+08:00 DEBUG 7617 --- [dance-game] [nio-8080-exec-5] s.w.s.m.m.a.RequestMappingHandlerMapping : Mapped to com.dance.street.game.controller.TTournamentController#getInfo(Long)
2026-09-14T00:02:54.533+08:00 DEBUG 7617 --- [dance-game] [nio-8080-exec-1] m.m.a.RequestResponseBodyMethodProcessor : Writing [R(code=200, msg=操作成功, data=StageFlowVo(stages=[StageFlowVo.StageFlowItem(id=2099013250235858945, nam (truncated)...]
2026-09-14T00:02:54.536+08:00 DEBUG 7617 --- [dance-game] [nio-8080-exec-5] m.m.a.RequestResponseBodyMethodProcessor : Using 'application/json', given [application/json, text/plain, */*] and supported [application/json, application/*+json]
2026-09-14T00:02:54.536+08:00 DEBUG 7617 --- [dance-game] [nio-8080-exec-5] m.m.a.RequestResponseBodyMethodProcessor : Writing [R(code=200, msg=操作成功, data=TTournamentVo(id=2099013250185527297, name=56, coverImage=, coverImageUrl (truncated)...]
2026-09-14T00:02:54.536+08:00 DEBUG 7617 --- [dance-game] [nio-8080-exec-1] o.s.web.servlet.DispatcherServlet        : Completed 200 OK
2026-09-14T00:02:54.536+08:00 DEBUG 7617 --- [dance-game] [nio-8080-exec-5] o.s.web.servlet.DispatcherServlet        : Completed 200 OK
2026-09-14T00:02:54.541+08:00 DEBUG 7617 --- [dance-game] [nio-8080-exec-4] o.s.web.servlet.DispatcherServlet        : GET "/game/competitor/list?stageId=2099013250311356418&pageNum=1&pageSize=999", parameters={masked}
2026-09-14T00:02:54.541+08:00 DEBUG 7617 --- [dance-game] [nio-8080-exec-6] o.s.web.servlet.DispatcherServlet        : GET "/game/tournament/2099013250185527297", parameters={}
2026-09-14T00:02:54.541+08:00 DEBUG 7617 --- [dance-game] [nio-8080-exec-4] s.w.s.m.m.a.RequestMappingHandlerMapping : Mapped to com.dance.street.game.controller.TCompetitorController#list(TCompetitorBo, PageQuery)
2026-09-14T00:02:54.542+08:00 DEBUG 7617 --- [dance-game] [nio-8080-exec-6] s.w.s.m.m.a.RequestMappingHandlerMapping : Mapped to com.dance.street.game.controller.TTournamentController#getInfo(Long)
2026-09-14T00:02:54.544+08:00  INFO 7617 --- [dance-game] [nio-8080-exec-2] o.d.c.s.c.TournamentSseEmitterManager    : 注册屏幕 screenId:28f712bf-5ebc-4734-8d85-fec9e1b6fc8d tournamentId:2099013250185527297
2026-09-14T00:02:54.544+08:00 DEBUG 7617 --- [dance-game] [nio-8080-exec-6] m.m.a.RequestResponseBodyMethodProcessor : Using 'application/json', given [application/json, text/plain, */*] and supported [application/json, application/*+json]
2026-09-14T00:02:54.544+08:00 DEBUG 7617 --- [dance-game] [nio-8080-exec-6] m.m.a.RequestResponseBodyMethodProcessor : Writing [R(code=200, msg=操作成功, data=TTournamentVo(id=2099013250185527297, name=56, coverImage=, coverImageUrl (truncated)...]
2026-09-14T00:02:54.545+08:00 DEBUG 7617 --- [dance-game] [nio-8080-exec-6] o.s.web.servlet.DispatcherServlet        : Completed 200 OK
2026-09-14T00:02:54.545+08:00 DEBUG 7617 --- [dance-game] [nio-8080-exec-2] o.s.w.c.request.async.WebAsyncManager    : Started async request for "/tournament/screen/control"
2026-09-14T00:02:54.545+08:00 DEBUG 7617 --- [dance-game] [nio-8080-exec-2] o.s.web.servlet.DispatcherServlet        : Exiting but response remains open for further handling
2026-09-14T00:02:54.551+08:00 DEBUG 7617 --- [dance-game] [nio-8080-exec-9] o.s.web.servlet.DispatcherServlet        : GET "/game/competitor/list?stageId=2099013250298773505&pageNum=1&pageSize=999", parameters={masked}
2026-09-14T00:02:54.551+08:00 DEBUG 7617 --- [dance-game] [nio-8080-exec-9] s.w.s.m.m.a.RequestMappingHandlerMapping : Mapped to com.dance.street.game.controller.TCompetitorController#list(TCompetitorBo, PageQuery)
2026-09-14T00:02:54.555+08:00 DEBUG 7617 --- [dance-game] [nio-8080-exec-4] m.m.a.RequestResponseBodyMethodProcessor : Using 'application/json', given [application/json, text/plain, */*] and supported [application/json, application/*+json]
2026-09-14T00:02:54.555+08:00 DEBUG 7617 --- [dance-game] [nio-8080-exec-9] m.m.a.RequestResponseBodyMethodProcessor : Using 'application/json', given [application/json, text/plain, */*] and supported [application/json, application/*+json]
2026-09-14T00:02:54.555+08:00 DEBUG 7617 --- [dance-game] [nio-8080-exec-4] m.m.a.RequestResponseBodyMethodProcessor : Writing [TableDataInfo(total=0, data=[], code=200, msg=查询成功)]
2026-09-14T00:02:54.555+08:00 DEBUG 7617 --- [dance-game] [nio-8080-exec-9] m.m.a.RequestResponseBodyMethodProcessor : Writing [TableDataInfo(total=0, data=[], code=200, msg=查询成功)]
2026-09-14T00:02:54.556+08:00 DEBUG 7617 --- [dance-game] [nio-8080-exec-9] o.s.web.servlet.DispatcherServlet        : Completed 200 OK
2026-09-14T00:02:54.556+08:00 DEBUG 7617 --- [dance-game] [nio-8080-exec-4] o.s.web.servlet.DispatcherServlet        : Completed 200 OK
2026-09-14T00:02:54.562+08:00 DEBUG 7617 --- [dance-game] [nio-8080-exec-3] o.s.web.servlet.DispatcherServlet        : GET "/game/competitor/list?stageId=2099013250302967810&pageNum=1&pageSize=999", parameters={masked}
2026-09-14T00:02:54.563+08:00 DEBUG 7617 --- [dance-game] [nio-8080-exec-8] o.s.web.servlet.DispatcherServlet        : GET "/game/tournament/2099013250185527297", parameters={}
2026-09-14T00:02:54.563+08:00 DEBUG 7617 --- [dance-game] [nio-8080-exec-3] s.w.s.m.m.a.RequestMappingHandlerMapping : Mapped to com.dance.street.game.controller.TCompetitorController#list(TCompetitorBo, PageQuery)
2026-09-14T00:02:54.563+08:00 DEBUG 7617 --- [dance-game] [nio-8080-exec-8] s.w.s.m.m.a.RequestMappingHandlerMapping : Mapped to com.dance.street.game.controller.TTournamentController#getInfo(Long)
2026-09-14T00:02:54.567+08:00 DEBUG 7617 --- [dance-game] [nio-8080-exec-8] m.m.a.RequestResponseBodyMethodProcessor : Using 'application/json', given [application/json, text/plain, */*] and supported [application/json, application/*+json]
2026-09-14T00:02:54.567+08:00 DEBUG 7617 --- [dance-game] [nio-8080-exec-8] m.m.a.RequestResponseBodyMethodProcessor : Writing [R(code=200, msg=操作成功, data=TTournamentVo(id=2099013250185527297, name=56, coverImage=, coverImageUrl (truncated)...]
2026-09-14T00:02:54.568+08:00 DEBUG 7617 --- [dance-game] [nio-8080-exec-8] o.s.web.servlet.DispatcherServlet        : Completed 200 OK
2026-09-14T00:02:54.572+08:00 DEBUG 7617 --- [dance-game] [nio-8080-exec-3] m.m.a.RequestResponseBodyMethodProcessor : Using 'application/json', given [application/json, text/plain, */*] and supported [application/json, application/*+json]
2026-09-14T00:02:54.572+08:00 DEBUG 7617 --- [dance-game] [nio-8080-exec-3] m.m.a.RequestResponseBodyMethodProcessor : Writing [TableDataInfo(total=0, data=[], code=200, msg=查询成功)]
2026-09-14T00:02:54.572+08:00 DEBUG 7617 --- [dance-game] [nio-8080-exec-3] o.s.web.servlet.DispatcherServlet        : Completed 200 OK
2026-09-14T00:02:54.573+08:00 DEBUG 7617 --- [dance-game] [nio-8080-exec-7] o.s.web.servlet.DispatcherServlet        : GET "/game/match/list?stageId=2099013250298773505&pageNum=1&pageSize=999", parameters={masked}
2026-09-14T00:02:54.573+08:00 DEBUG 7617 --- [dance-game] [nio-8080-exec-7] s.w.s.m.m.a.RequestMappingHandlerMapping : Mapped to com.dance.street.game.controller.TMatchController#list(TMatchBo, PageQuery)
2026-09-14T00:02:54.579+08:00 DEBUG 7617 --- [dance-game] [io-8080-exec-10] o.s.web.servlet.DispatcherServlet        : GET "/game/match/list?stageId=2099013250311356418&pageNum=1&pageSize=999", parameters={masked}
2026-09-14T00:02:54.580+08:00 DEBUG 7617 --- [dance-game] [io-8080-exec-10] s.w.s.m.m.a.RequestMappingHandlerMapping : Mapped to com.dance.street.game.controller.TMatchController#list(TMatchBo, PageQuery)
2026-09-14T00:02:54.585+08:00 DEBUG 7617 --- [dance-game] [nio-8080-exec-7] m.m.a.RequestResponseBodyMethodProcessor : Using 'application/json', given [application/json, text/plain, */*] and supported [application/json, application/*+json]
2026-09-14T00:02:54.586+08:00 DEBUG 7617 --- [dance-game] [io-8080-exec-10] m.m.a.RequestResponseBodyMethodProcessor : Using 'application/json', given [application/json, text/plain, */*] and supported [application/json, application/*+json]
2026-09-14T00:02:54.586+08:00 DEBUG 7617 --- [dance-game] [nio-8080-exec-7] m.m.a.RequestResponseBodyMethodProcessor : Writing [TableDataInfo(total=0, data=[], code=200, msg=查询成功)]
2026-09-14T00:02:54.586+08:00 DEBUG 7617 --- [dance-game] [io-8080-exec-10] m.m.a.RequestResponseBodyMethodProcessor : Writing [TableDataInfo(total=0, data=[], code=200, msg=查询成功)]
2026-09-14T00:02:54.586+08:00 DEBUG 7617 --- [dance-game] [nio-8080-exec-7] o.s.web.servlet.DispatcherServlet        : Completed 200 OK
2026-09-14T00:02:54.586+08:00 DEBUG 7617 --- [dance-game] [io-8080-exec-10] o.s.web.servlet.DispatcherServlet        : Completed 200 OK
2026-09-14T00:02:54.590+08:00 DEBUG 7617 --- [dance-game] [nio-8080-exec-1] o.s.web.servlet.DispatcherServlet        : GET "/game/tournament/2099013250185527297", parameters={}
2026-09-14T00:02:54.590+08:00 DEBUG 7617 --- [dance-game] [nio-8080-exec-5] o.s.web.servlet.DispatcherServlet        : GET "/game/competitor/list?stageId=2099013250281996289&pageNum=1&pageSize=999", parameters={masked}
2026-09-14T00:02:54.590+08:00 DEBUG 7617 --- [dance-game] [nio-8080-exec-5] s.w.s.m.m.a.RequestMappingHandlerMapping : Mapped to com.dance.street.game.controller.TCompetitorController#list(TCompetitorBo, PageQuery)
2026-09-14T00:02:54.590+08:00 DEBUG 7617 --- [dance-game] [nio-8080-exec-1] s.w.s.m.m.a.RequestMappingHandlerMapping : Mapped to com.dance.street.game.controller.TTournamentController#getInfo(Long)
2026-09-14T00:02:54.594+08:00 DEBUG 7617 --- [dance-game] [nio-8080-exec-1] m.m.a.RequestResponseBodyMethodProcessor : Using 'application/json', given [application/json, text/plain, */*] and supported [application/json, application/*+json]
2026-09-14T00:02:54.594+08:00 DEBUG 7617 --- [dance-game] [nio-8080-exec-1] m.m.a.RequestResponseBodyMethodProcessor : Writing [R(code=200, msg=操作成功, data=TTournamentVo(id=2099013250185527297, name=56, coverImage=, coverImageUrl (truncated)...]
2026-09-14T00:02:54.594+08:00 DEBUG 7617 --- [dance-game] [nio-8080-exec-1] o.s.web.servlet.DispatcherServlet        : Completed 200 OK
2026-09-14T00:02:54.595+08:00 DEBUG 7617 --- [dance-game] [nio-8080-exec-5] m.m.a.RequestResponseBodyMethodProcessor : Using 'application/json', given [application/json, text/plain, */*] and supported [application/json, application/*+json]
2026-09-14T00:02:54.595+08:00 DEBUG 7617 --- [dance-game] [nio-8080-exec-5] m.m.a.RequestResponseBodyMethodProcessor : Writing [TableDataInfo(total=0, data=[], code=200, msg=查询成功)]
2026-09-14T00:02:54.595+08:00 DEBUG 7617 --- [dance-game] [nio-8080-exec-5] o.s.web.servlet.DispatcherServlet        : Completed 200 OK
2026-09-14T00:02:54.598+08:00 DEBUG 7617 --- [dance-game] [nio-8080-exec-6] o.s.web.servlet.DispatcherServlet        : GET "/game/match/list?stageId=2099013250302967810&pageNum=1&pageSize=999", parameters={masked}
2026-09-14T00:02:54.598+08:00 DEBUG 7617 --- [dance-game] [nio-8080-exec-2] o.s.web.servlet.DispatcherServlet        : GET "/game/stage/prebracket/2099013250298773505", parameters={}
2026-09-14T00:02:54.599+08:00 DEBUG 7617 --- [dance-game] [nio-8080-exec-6] s.w.s.m.m.a.RequestMappingHandlerMapping : Mapped to com.dance.street.game.controller.TMatchController#list(TMatchBo, PageQuery)
2026-09-14T00:02:54.599+08:00 DEBUG 7617 --- [dance-game] [nio-8080-exec-2] s.w.s.m.m.a.RequestMappingHandlerMapping : Mapped to com.dance.street.game.controller.TStageController#prebracket(Long)
2026-09-14T00:02:54.603+08:00 DEBUG 7617 --- [dance-game] [nio-8080-exec-6] m.m.a.RequestResponseBodyMethodProcessor : Using 'application/json', given [application/json, text/plain, */*] and supported [application/json, application/*+json]
2026-09-14T00:02:54.603+08:00 DEBUG 7617 --- [dance-game] [nio-8080-exec-6] m.m.a.RequestResponseBodyMethodProcessor : Writing [TableDataInfo(total=0, data=[], code=200, msg=查询成功)]
2026-09-14T00:02:54.603+08:00 DEBUG 7617 --- [dance-game] [nio-8080-exec-6] o.s.web.servlet.DispatcherServlet        : Completed 200 OK
2026-09-14T00:02:54.606+08:00 DEBUG 7617 --- [dance-game] [nio-8080-exec-9] o.s.web.servlet.DispatcherServlet        : GET "/game/stage/prebracket/2099013250311356418", parameters={}
2026-09-14T00:02:54.607+08:00 DEBUG 7617 --- [dance-game] [nio-8080-exec-9] s.w.s.m.m.a.RequestMappingHandlerMapping : Mapped to com.dance.street.game.controller.TStageController#prebracket(Long)
2026-09-14T00:02:54.610+08:00 DEBUG 7617 --- [dance-game] [nio-8080-exec-2] m.m.a.RequestResponseBodyMethodProcessor : Using 'application/json', given [application/json, text/plain, */*] and supported [application/json, application/*+json]
2026-09-14T00:02:54.610+08:00 DEBUG 7617 --- [dance-game] [nio-8080-exec-2] m.m.a.RequestResponseBodyMethodProcessor : Writing [R(code=200, msg=操作成功, data=PreBracketVo(stageId=2099013250298773505, stageName=8强, stageMode=KNOCKOU (truncated)...]
2026-09-14T00:02:54.611+08:00 DEBUG 7617 --- [dance-game] [nio-8080-exec-2] o.s.web.servlet.DispatcherServlet        : Completed 200 OK
2026-09-14T00:02:54.612+08:00 DEBUG 7617 --- [dance-game] [nio-8080-exec-9] m.m.a.RequestResponseBodyMethodProcessor : Using 'application/json', given [application/json, text/plain, */*] and supported [application/json, application/*+json]
2026-09-14T00:02:54.612+08:00 DEBUG 7617 --- [dance-game] [nio-8080-exec-9] m.m.a.RequestResponseBodyMethodProcessor : Writing [R(code=200, msg=操作成功, data=PreBracketVo(stageId=2099013250311356418, stageName=决赛, stageMode=KNOCKOU (truncated)...]
2026-09-14T00:02:54.613+08:00 DEBUG 7617 --- [dance-game] [nio-8080-exec-9] o.s.web.servlet.DispatcherServlet        : Completed 200 OK
2026-09-14T00:02:54.615+08:00 DEBUG 7617 --- [dance-game] [nio-8080-exec-4] o.s.web.servlet.DispatcherServlet        : GET "/game/competitor/list?stageId=2099013250290384898&pageNum=1&pageSize=999", parameters={masked}
2026-09-14T00:02:54.615+08:00 DEBUG 7617 --- [dance-game] [nio-8080-exec-8] o.s.web.servlet.DispatcherServlet        : GET "/game/match/list?stageId=2099013250281996289&pageNum=1&pageSize=999", parameters={masked}
2026-09-14T00:02:54.616+08:00 DEBUG 7617 --- [dance-game] [nio-8080-exec-4] s.w.s.m.m.a.RequestMappingHandlerMapping : Mapped to com.dance.street.game.controller.TCompetitorController#list(TCompetitorBo, PageQuery)
2026-09-14T00:02:54.616+08:00 DEBUG 7617 --- [dance-game] [nio-8080-exec-8] s.w.s.m.m.a.RequestMappingHandlerMapping : Mapped to com.dance.street.game.controller.TMatchController#list(TMatchBo, PageQuery)
2026-09-14T00:02:54.619+08:00 DEBUG 7617 --- [dance-game] [nio-8080-exec-4] m.m.a.RequestResponseBodyMethodProcessor : Using 'application/json', given [application/json, text/plain, */*] and supported [application/json, application/*+json]
2026-09-14T00:02:54.619+08:00 DEBUG 7617 --- [dance-game] [nio-8080-exec-8] m.m.a.RequestResponseBodyMethodProcessor : Using 'application/json', given [application/json, text/plain, */*] and supported [application/json, application/*+json]
2026-09-14T00:02:54.619+08:00 DEBUG 7617 --- [dance-game] [nio-8080-exec-4] m.m.a.RequestResponseBodyMethodProcessor : Writing [TableDataInfo(total=0, data=[], code=200, msg=查询成功)]
2026-09-14T00:02:54.619+08:00 DEBUG 7617 --- [dance-game] [nio-8080-exec-8] m.m.a.RequestResponseBodyMethodProcessor : Writing [TableDataInfo(total=0, data=[], code=200, msg=查询成功)]
2026-09-14T00:02:54.620+08:00 DEBUG 7617 --- [dance-game] [nio-8080-exec-8] o.s.web.servlet.DispatcherServlet        : Completed 200 OK
2026-09-14T00:02:54.620+08:00 DEBUG 7617 --- [dance-game] [nio-8080-exec-4] o.s.web.servlet.DispatcherServlet        : Completed 200 OK
2026-09-14T00:02:54.624+08:00 DEBUG 7617 --- [dance-game] [nio-8080-exec-3] o.s.web.servlet.DispatcherServlet        : GET "/game/stage/prebracket/2099013250302967810", parameters={}
2026-09-14T00:02:54.625+08:00 DEBUG 7617 --- [dance-game] [nio-8080-exec-3] s.w.s.m.m.a.RequestMappingHandlerMapping : Mapped to com.dance.street.game.controller.TStageController#prebracket(Long)
2026-09-14T00:02:54.625+08:00 DEBUG 7617 --- [dance-game] [io-8080-exec-10] o.s.web.servlet.DispatcherServlet        : GET "/game/stage/prebracket/2099013250281996289", parameters={}
2026-09-14T00:02:54.625+08:00 DEBUG 7617 --- [dance-game] [io-8080-exec-10] s.w.s.m.m.a.RequestMappingHandlerMapping : Mapped to com.dance.street.game.controller.TStageController#prebracket(Long)
2026-09-14T00:02:54.630+08:00 DEBUG 7617 --- [dance-game] [io-8080-exec-10] m.m.a.RequestResponseBodyMethodProcessor : Using 'application/json', given [application/json, text/plain, */*] and supported [application/json, application/*+json]
2026-09-14T00:02:54.630+08:00 DEBUG 7617 --- [dance-game] [nio-8080-exec-3] m.m.a.RequestResponseBodyMethodProcessor : Using 'application/json', given [application/json, text/plain, */*] and supported [application/json, application/*+json]
2026-09-14T00:02:54.630+08:00 DEBUG 7617 --- [dance-game] [io-8080-exec-10] m.m.a.RequestResponseBodyMethodProcessor : Writing [R(code=200, msg=操作成功, data=PreBracketVo(stageId=2099013250281996289, stageName=32强, stageMode=KNOCKO (truncated)...]
2026-09-14T00:02:54.630+08:00 DEBUG 7617 --- [dance-game] [nio-8080-exec-3] m.m.a.RequestResponseBodyMethodProcessor : Writing [R(code=200, msg=操作成功, data=PreBracketVo(stageId=2099013250302967810, stageName=半决赛, stageMode=KNOCKO (truncated)...]
2026-09-14T00:02:54.630+08:00 DEBUG 7617 --- [dance-game] [nio-8080-exec-3] o.s.web.servlet.DispatcherServlet        : Completed 200 OK
2026-09-14T00:02:54.630+08:00 DEBUG 7617 --- [dance-game] [io-8080-exec-10] o.s.web.servlet.DispatcherServlet        : Completed 200 OK
2026-09-14T00:02:54.638+08:00 DEBUG 7617 --- [dance-game] [nio-8080-exec-7] o.s.web.servlet.DispatcherServlet        : GET "/game/match/list?stageId=2099013250290384898&pageNum=1&pageSize=999", parameters={masked}
2026-09-14T00:02:54.638+08:00 DEBUG 7617 --- [dance-game] [nio-8080-exec-7] s.w.s.m.m.a.RequestMappingHandlerMapping : Mapped to com.dance.street.game.controller.TMatchController#list(TMatchBo, PageQuery)
2026-09-14T00:02:54.644+08:00 DEBUG 7617 --- [dance-game] [nio-8080-exec-7] m.m.a.RequestResponseBodyMethodProcessor : Using 'application/json', given [application/json, text/plain, */*] and supported [application/json, application/*+json]
2026-09-14T00:02:54.645+08:00 DEBUG 7617 --- [dance-game] [nio-8080-exec-7] m.m.a.RequestResponseBodyMethodProcessor : Writing [TableDataInfo(total=0, data=[], code=200, msg=查询成功)]
2026-09-14T00:02:54.645+08:00 DEBUG 7617 --- [dance-game] [nio-8080-exec-7] o.s.web.servlet.DispatcherServlet        : Completed 200 OK
2026-09-14T00:02:54.650+08:00 DEBUG 7617 --- [dance-game] [nio-8080-exec-1] o.s.web.servlet.DispatcherServlet        : GET "/game/stage/prebracket/2099013250290384898", parameters={}
2026-09-14T00:02:54.650+08:00 DEBUG 7617 --- [dance-game] [nio-8080-exec-1] s.w.s.m.m.a.RequestMappingHandlerMapping : Mapped to com.dance.street.game.controller.TStageController#prebracket(Long)
2026-09-14T00:02:54.654+08:00 DEBUG 7617 --- [dance-game] [nio-8080-exec-1] m.m.a.RequestResponseBodyMethodProcessor : Using 'application/json', given [application/json, text/plain, */*] and supported [application/json, application/*+json]
2026-09-14T00:02:54.654+08:00 DEBUG 7617 --- [dance-game] [nio-8080-exec-1] m.m.a.RequestResponseBodyMethodProcessor : Writing [R(code=200, msg=操作成功, data=PreBracketVo(stageId=2099013250290384898, stageName=16强, stageMode=KNOCKO (truncated)...]
2026-09-14T00:02:54.654+08:00 DEBUG 7617 --- [dance-game] [nio-8080-exec-1] o.s.web.servlet.DispatcherServlet        : Completed 200 OK
2026-09-14T00:02:54.847+08:00 DEBUG 7617 --- [dance-game] [nio-8080-exec-5] o.s.web.servlet.DispatcherServlet        : GET "/game/stage/2099013250311356418", parameters={}
2026-09-14T00:02:54.847+08:00 DEBUG 7617 --- [dance-game] [nio-8080-exec-6] o.s.web.servlet.DispatcherServlet        : GET "/game/tournament/2099013250185527297", parameters={}
2026-09-14T00:02:54.848+08:00 DEBUG 7617 --- [dance-game] [nio-8080-exec-6] s.w.s.m.m.a.RequestMappingHandlerMapping : Mapped to com.dance.street.game.controller.TTournamentController#getInfo(Long)
2026-09-14T00:02:54.848+08:00 DEBUG 7617 --- [dance-game] [nio-8080-exec-5] s.w.s.m.m.a.RequestMappingHandlerMapping : Mapped to com.dance.street.game.controller.TStageController#getInfo(Long)
2026-09-14T00:02:54.851+08:00 DEBUG 7617 --- [dance-game] [nio-8080-exec-6] m.m.a.RequestResponseBodyMethodProcessor : Using 'application/json', given [application/json, text/plain, */*] and supported [application/json, application/*+json]
2026-09-14T00:02:54.851+08:00 DEBUG 7617 --- [dance-game] [nio-8080-exec-5] m.m.a.RequestResponseBodyMethodProcessor : Using 'application/json', given [application/json, text/plain, */*] and supported [application/json, application/*+json]
2026-09-14T00:02:54.851+08:00 DEBUG 7617 --- [dance-game] [nio-8080-exec-6] m.m.a.RequestResponseBodyMethodProcessor : Writing [R(code=200, msg=操作成功, data=TTournamentVo(id=2099013250185527297, name=56, coverImage=, coverImageUrl (truncated)...]
2026-09-14T00:02:54.852+08:00 DEBUG 7617 --- [dance-game] [nio-8080-exec-5] m.m.a.RequestResponseBodyMethodProcessor : Writing [R(code=200, msg=操作成功, data=TStageVo(id=2099013250311356418, tournamentId=2099013250185527297, prevSt (truncated)...]
2026-09-14T00:02:54.852+08:00 DEBUG 7617 --- [dance-game] [nio-8080-exec-6] o.s.web.servlet.DispatcherServlet        : Completed 200 OK
2026-09-14T00:02:54.852+08:00 DEBUG 7617 --- [dance-game] [nio-8080-exec-5] o.s.web.servlet.DispatcherServlet        : Completed 200 OK
2026-09-14T00:02:54.861+08:00 DEBUG 7617 --- [dance-game] [nio-8080-exec-9] o.s.web.servlet.DispatcherServlet        : GET "/game/stage/2099013250298773505", parameters={}
2026-09-14T00:02:54.861+08:00 DEBUG 7617 --- [dance-game] [nio-8080-exec-2] o.s.web.servlet.DispatcherServlet        : GET "/game/stage/2099013250302967810", parameters={}
2026-09-14T00:02:54.861+08:00 DEBUG 7617 --- [dance-game] [nio-8080-exec-9] s.w.s.m.m.a.RequestMappingHandlerMapping : Mapped to com.dance.street.game.controller.TStageController#getInfo(Long)
2026-09-14T00:02:54.861+08:00 DEBUG 7617 --- [dance-game] [nio-8080-exec-2] s.w.s.m.m.a.RequestMappingHandlerMapping : Mapped to com.dance.street.game.controller.TStageController#getInfo(Long)
2026-09-14T00:02:54.864+08:00 DEBUG 7617 --- [dance-game] [nio-8080-exec-9] m.m.a.RequestResponseBodyMethodProcessor : Using 'application/json', given [application/json, text/plain, */*] and supported [application/json, application/*+json]
2026-09-14T00:02:54.864+08:00 DEBUG 7617 --- [dance-game] [nio-8080-exec-2] m.m.a.RequestResponseBodyMethodProcessor : Using 'application/json', given [application/json, text/plain, */*] and supported [application/json, application/*+json]
2026-09-14T00:02:54.864+08:00 DEBUG 7617 --- [dance-game] [nio-8080-exec-9] m.m.a.RequestResponseBodyMethodProcessor : Writing [R(code=200, msg=操作成功, data=TStageVo(id=2099013250298773505, tournamentId=2099013250185527297, prevSt (truncated)...]
2026-09-14T00:02:54.864+08:00 DEBUG 7617 --- [dance-game] [nio-8080-exec-2] m.m.a.RequestResponseBodyMethodProcessor : Writing [R(code=200, msg=操作成功, data=TStageVo(id=2099013250302967810, tournamentId=2099013250185527297, prevSt (truncated)...]
2026-09-14T00:02:54.864+08:00 DEBUG 7617 --- [dance-game] [nio-8080-exec-9] o.s.web.servlet.DispatcherServlet        : Completed 200 OK
2026-09-14T00:02:54.864+08:00 DEBUG 7617 --- [dance-game] [nio-8080-exec-2] o.s.web.servlet.DispatcherServlet        : Completed 200 OK
2026-09-14T00:02:54.871+08:00 DEBUG 7617 --- [dance-game] [nio-8080-exec-4] o.s.web.servlet.DispatcherServlet        : GET "/game/stage/2099013250290384898", parameters={}
2026-09-14T00:02:54.871+08:00 DEBUG 7617 --- [dance-game] [nio-8080-exec-8] o.s.web.servlet.DispatcherServlet        : GET "/game/stage/2099013250281996289", parameters={}
2026-09-14T00:02:54.871+08:00 DEBUG 7617 --- [dance-game] [nio-8080-exec-4] s.w.s.m.m.a.RequestMappingHandlerMapping : Mapped to com.dance.street.game.controller.TStageController#getInfo(Long)
2026-09-14T00:02:54.871+08:00 DEBUG 7617 --- [dance-game] [nio-8080-exec-8] s.w.s.m.m.a.RequestMappingHandlerMapping : Mapped to com.dance.street.game.controller.TStageController#getInfo(Long)
2026-09-14T00:02:54.875+08:00 DEBUG 7617 --- [dance-game] [nio-8080-exec-8] m.m.a.RequestResponseBodyMethodProcessor : Using 'application/json', given [application/json, text/plain, */*] and supported [application/json, application/*+json]
2026-09-14T00:02:54.875+08:00 DEBUG 7617 --- [dance-game] [nio-8080-exec-4] m.m.a.RequestResponseBodyMethodProcessor : Using 'application/json', given [application/json, text/plain, */*] and supported [application/json, application/*+json]
2026-09-14T00:02:54.875+08:00 DEBUG 7617 --- [dance-game] [nio-8080-exec-8] m.m.a.RequestResponseBodyMethodProcessor : Writing [R(code=200, msg=操作成功, data=TStageVo(id=2099013250281996289, tournamentId=2099013250185527297, prevSt (truncated)...]
2026-09-14T00:02:54.876+08:00 DEBUG 7617 --- [dance-game] [nio-8080-exec-4] m.m.a.RequestResponseBodyMethodProcessor : Writing [R(code=200, msg=操作成功, data=TStageVo(id=2099013250290384898, tournamentId=2099013250185527297, prevSt (truncated)...]
2026-09-14T00:02:54.876+08:00 DEBUG 7617 --- [dance-game] [nio-8080-exec-4] o.s.web.servlet.DispatcherServlet        : Completed 200 OK
2026-09-14T00:02:54.876+08:00 DEBUG 7617 --- [dance-game] [nio-8080-exec-8] o.s.web.servlet.DispatcherServlet        : Completed 200 OK
2026-09-14T00:02:54.880+08:00 DEBUG 7617 --- [dance-game] [io-8080-exec-10] o.s.web.servlet.DispatcherServlet        : GET "/game/tournament/2099013250185527297", parameters={}
2026-09-14T00:02:54.880+08:00 DEBUG 7617 --- [dance-game] [nio-8080-exec-3] o.s.web.servlet.DispatcherServlet        : GET "/game/stage/flow/2099013250185527297", parameters={}
2026-09-14T00:02:54.881+08:00 DEBUG 7617 --- [dance-game] [nio-8080-exec-3] s.w.s.m.m.a.RequestMappingHandlerMapping : Mapped to com.dance.street.game.controller.TStageController#flow(Long)
2026-09-14T00:02:54.881+08:00 DEBUG 7617 --- [dance-game] [io-8080-exec-10] s.w.s.m.m.a.RequestMappingHandlerMapping : Mapped to com.dance.street.game.controller.TTournamentController#getInfo(Long)
2026-09-14T00:02:54.882+08:00 DEBUG 7617 --- [dance-game] [io-8080-exec-10] m.m.a.RequestResponseBodyMethodProcessor : Using 'application/json', given [application/json, text/plain, */*] and supported [application/json, application/*+json]
2026-09-14T00:02:54.882+08:00 DEBUG 7617 --- [dance-game] [io-8080-exec-10] m.m.a.RequestResponseBodyMethodProcessor : Writing [R(code=200, msg=操作成功, data=TTournamentVo(id=2099013250185527297, name=56, coverImage=, coverImageUrl (truncated)...]
2026-09-14T00:02:54.882+08:00 DEBUG 7617 --- [dance-game] [nio-8080-exec-3] m.m.a.RequestResponseBodyMethodProcessor : Using 'application/json', given [application/json, text/plain, */*] and supported [application/json, application/*+json]
2026-09-14T00:02:54.882+08:00 DEBUG 7617 --- [dance-game] [io-8080-exec-10] o.s.web.servlet.DispatcherServlet        : Completed 200 OK
2026-09-14T00:02:54.882+08:00 DEBUG 7617 --- [dance-game] [nio-8080-exec-3] m.m.a.RequestResponseBodyMethodProcessor : Writing [R(code=200, msg=操作成功, data=StageFlowVo(stages=[StageFlowVo.StageFlowItem(id=2099013250235858945, nam (truncated)...]
2026-09-14T00:02:54.882+08:00 DEBUG 7617 --- [dance-game] [nio-8080-exec-3] o.s.web.servlet.DispatcherServlet        : Completed 200 OK
2026-09-14T00:02:54.886+08:00 DEBUG 7617 --- [dance-game] [nio-8080-exec-7] o.s.web.servlet.DispatcherServlet        : GET "/game/tournament/2099013250185527297", parameters={}
2026-09-14T00:02:54.886+08:00 DEBUG 7617 --- [dance-game] [nio-8080-exec-1] o.s.web.servlet.DispatcherServlet        : GET "/game/competitor/list?stageId=2099013250311356418&pageNum=1&pageSize=999", parameters={masked}
2026-09-14T00:02:54.886+08:00 DEBUG 7617 --- [dance-game] [nio-8080-exec-1] s.w.s.m.m.a.RequestMappingHandlerMapping : Mapped to com.dance.street.game.controller.TCompetitorController#list(TCompetitorBo, PageQuery)
2026-09-14T00:02:54.886+08:00 DEBUG 7617 --- [dance-game] [nio-8080-exec-7] s.w.s.m.m.a.RequestMappingHandlerMapping : Mapped to com.dance.street.game.controller.TTournamentController#getInfo(Long)
2026-09-14T00:02:54.888+08:00 DEBUG 7617 --- [dance-game] [nio-8080-exec-7] m.m.a.RequestResponseBodyMethodProcessor : Using 'application/json', given [application/json, text/plain, */*] and supported [application/json, application/*+json]
2026-09-14T00:02:54.888+08:00 DEBUG 7617 --- [dance-game] [nio-8080-exec-7] m.m.a.RequestResponseBodyMethodProcessor : Writing [R(code=200, msg=操作成功, data=TTournamentVo(id=2099013250185527297, name=56, coverImage=, coverImageUrl (truncated)...]
2026-09-14T00:02:54.888+08:00 DEBUG 7617 --- [dance-game] [nio-8080-exec-7] o.s.web.servlet.DispatcherServlet        : Completed 200 OK
2026-09-14T00:02:54.892+08:00 DEBUG 7617 --- [dance-game] [nio-8080-exec-1] m.m.a.RequestResponseBodyMethodProcessor : Using 'application/json', given [application/json, text/plain, */*] and supported [application/json, application/*+json]
2026-09-14T00:02:54.892+08:00 DEBUG 7617 --- [dance-game] [nio-8080-exec-1] m.m.a.RequestResponseBodyMethodProcessor : Writing [TableDataInfo(total=0, data=[], code=200, msg=查询成功)]
2026-09-14T00:02:54.893+08:00 DEBUG 7617 --- [dance-game] [nio-8080-exec-1] o.s.web.servlet.DispatcherServlet        : Completed 200 OK
2026-09-14T00:02:54.894+08:00 DEBUG 7617 --- [dance-game] [nio-8080-exec-6] o.s.web.servlet.DispatcherServlet        : GET "/game/tournament/2099013250185527297", parameters={}
2026-09-14T00:02:54.894+08:00 DEBUG 7617 --- [dance-game] [nio-8080-exec-6] s.w.s.m.m.a.RequestMappingHandlerMapping : Mapped to com.dance.street.game.controller.TTournamentController#getInfo(Long)
2026-09-14T00:02:54.896+08:00 DEBUG 7617 --- [dance-game] [nio-8080-exec-5] o.s.web.servlet.DispatcherServlet        : GET "/game/competitor/list?stageId=2099013250298773505&pageNum=1&pageSize=999", parameters={masked}
2026-09-14T00:02:54.897+08:00 DEBUG 7617 --- [dance-game] [nio-8080-exec-5] s.w.s.m.m.a.RequestMappingHandlerMapping : Mapped to com.dance.street.game.controller.TCompetitorController#list(TCompetitorBo, PageQuery)
2026-09-14T00:02:54.897+08:00 DEBUG 7617 --- [dance-game] [nio-8080-exec-6] m.m.a.RequestResponseBodyMethodProcessor : Using 'application/json', given [application/json, text/plain, */*] and supported [application/json, application/*+json]
2026-09-14T00:02:54.897+08:00 DEBUG 7617 --- [dance-game] [nio-8080-exec-6] m.m.a.RequestResponseBodyMethodProcessor : Writing [R(code=200, msg=操作成功, data=TTournamentVo(id=2099013250185527297, name=56, coverImage=, coverImageUrl (truncated)...]
2026-09-14T00:02:54.897+08:00 DEBUG 7617 --- [dance-game] [nio-8080-exec-6] o.s.web.servlet.DispatcherServlet        : Completed 200 OK
2026-09-14T00:02:54.901+08:00 DEBUG 7617 --- [dance-game] [nio-8080-exec-5] m.m.a.RequestResponseBodyMethodProcessor : Using 'application/json', given [application/json, text/plain, */*] and supported [application/json, application/*+json]
2026-09-14T00:02:54.901+08:00 DEBUG 7617 --- [dance-game] [nio-8080-exec-5] m.m.a.RequestResponseBodyMethodProcessor : Writing [TableDataInfo(total=0, data=[], code=200, msg=查询成功)]
2026-09-14T00:02:54.901+08:00 DEBUG 7617 --- [dance-game] [nio-8080-exec-5] o.s.web.servlet.DispatcherServlet        : Completed 200 OK
2026-09-14T00:02:54.901+08:00 DEBUG 7617 --- [dance-game] [nio-8080-exec-9] o.s.web.servlet.DispatcherServlet        : GET "/game/match/list?stageId=2099013250311356418&pageNum=1&pageSize=999", parameters={masked}
2026-09-14T00:02:54.902+08:00 DEBUG 7617 --- [dance-game] [nio-8080-exec-9] s.w.s.m.m.a.RequestMappingHandlerMapping : Mapped to com.dance.street.game.controller.TMatchController#list(TMatchBo, PageQuery)
2026-09-14T00:02:54.904+08:00 DEBUG 7617 --- [dance-game] [nio-8080-exec-2] o.s.web.servlet.DispatcherServlet        : GET "/game/tournament/2099013250185527297", parameters={}
2026-09-14T00:02:54.905+08:00 DEBUG 7617 --- [dance-game] [nio-8080-exec-2] s.w.s.m.m.a.RequestMappingHandlerMapping : Mapped to com.dance.street.game.controller.TTournamentController#getInfo(Long)
2026-09-14T00:02:54.906+08:00 DEBUG 7617 --- [dance-game] [nio-8080-exec-9] m.m.a.RequestResponseBodyMethodProcessor : Using 'application/json', given [application/json, text/plain, */*] and supported [application/json, application/*+json]
2026-09-14T00:02:54.906+08:00 DEBUG 7617 --- [dance-game] [nio-8080-exec-2] m.m.a.RequestResponseBodyMethodProcessor : Using 'application/json', given [application/json, text/plain, */*] and supported [application/json, application/*+json]
2026-09-14T00:02:54.906+08:00 DEBUG 7617 --- [dance-game] [nio-8080-exec-9] m.m.a.RequestResponseBodyMethodProcessor : Writing [TableDataInfo(total=0, data=[], code=200, msg=查询成功)]
2026-09-14T00:02:54.906+08:00 DEBUG 7617 --- [dance-game] [nio-8080-exec-2] m.m.a.RequestResponseBodyMethodProcessor : Writing [R(code=200, msg=操作成功, data=TTournamentVo(id=2099013250185527297, name=56, coverImage=, coverImageUrl (truncated)...]
2026-09-14T00:02:54.906+08:00 DEBUG 7617 --- [dance-game] [nio-8080-exec-9] o.s.web.servlet.DispatcherServlet        : Completed 200 OK
2026-09-14T00:02:54.906+08:00 DEBUG 7617 --- [dance-game] [nio-8080-exec-2] o.s.web.servlet.DispatcherServlet        : Completed 200 OK
2026-09-14T00:02:54.918+08:00 DEBUG 7617 --- [dance-game] [nio-8080-exec-8] o.s.web.servlet.DispatcherServlet        : GET "/game/match/list?stageId=2099013250298773505&pageNum=1&pageSize=999", parameters={masked}
2026-09-14T00:02:54.918+08:00 DEBUG 7617 --- [dance-game] [nio-8080-exec-4] o.s.web.servlet.DispatcherServlet        : GET "/game/competitor/list?stageId=2099013250302967810&pageNum=1&pageSize=999", parameters={masked}
2026-09-14T00:02:54.918+08:00 DEBUG 7617 --- [dance-game] [nio-8080-exec-4] s.w.s.m.m.a.RequestMappingHandlerMapping : Mapped to com.dance.street.game.controller.TCompetitorController#list(TCompetitorBo, PageQuery)
2026-09-14T00:02:54.918+08:00 DEBUG 7617 --- [dance-game] [nio-8080-exec-8] s.w.s.m.m.a.RequestMappingHandlerMapping : Mapped to com.dance.street.game.controller.TMatchController#list(TMatchBo, PageQuery)
2026-09-14T00:02:54.922+08:00 DEBUG 7617 --- [dance-game] [nio-8080-exec-4] m.m.a.RequestResponseBodyMethodProcessor : Using 'application/json', given [application/json, text/plain, */*] and supported [application/json, application/*+json]
2026-09-14T00:02:54.922+08:00 DEBUG 7617 --- [dance-game] [nio-8080-exec-8] m.m.a.RequestResponseBodyMethodProcessor : Using 'application/json', given [application/json, text/plain, */*] and supported [application/json, application/*+json]
2026-09-14T00:02:54.922+08:00 DEBUG 7617 --- [dance-game] [nio-8080-exec-4] m.m.a.RequestResponseBodyMethodProcessor : Writing [TableDataInfo(total=0, data=[], code=200, msg=查询成功)]
2026-09-14T00:02:54.922+08:00 DEBUG 7617 --- [dance-game] [nio-8080-exec-8] m.m.a.RequestResponseBodyMethodProcessor : Writing [TableDataInfo(total=0, data=[], code=200, msg=查询成功)]
2026-09-14T00:02:54.922+08:00 DEBUG 7617 --- [dance-game] [nio-8080-exec-4] o.s.web.servlet.DispatcherServlet        : Completed 200 OK
2026-09-14T00:02:54.922+08:00 DEBUG 7617 --- [dance-game] [nio-8080-exec-8] o.s.web.servlet.DispatcherServlet        : Completed 200 OK
2026-09-14T00:02:54.929+08:00 DEBUG 7617 --- [dance-game] [io-8080-exec-10] o.s.web.servlet.DispatcherServlet        : GET "/game/tournament/2099013250185527297", parameters={}
2026-09-14T00:02:54.929+08:00 DEBUG 7617 --- [dance-game] [nio-8080-exec-3] o.s.web.servlet.DispatcherServlet        : GET "/game/stage/prebracket/2099013250311356418", parameters={}
2026-09-14T00:02:54.929+08:00 DEBUG 7617 --- [dance-game] [io-8080-exec-10] s.w.s.m.m.a.RequestMappingHandlerMapping : Mapped to com.dance.street.game.controller.TTournamentController#getInfo(Long)
2026-09-14T00:02:54.929+08:00 DEBUG 7617 --- [dance-game] [nio-8080-exec-3] s.w.s.m.m.a.RequestMappingHandlerMapping : Mapped to com.dance.street.game.controller.TStageController#prebracket(Long)
2026-09-14T00:02:54.931+08:00 DEBUG 7617 --- [dance-game] [io-8080-exec-10] m.m.a.RequestResponseBodyMethodProcessor : Using 'application/json', given [application/json, text/plain, */*] and supported [application/json, application/*+json]
2026-09-14T00:02:54.931+08:00 DEBUG 7617 --- [dance-game] [io-8080-exec-10] m.m.a.RequestResponseBodyMethodProcessor : Writing [R(code=200, msg=操作成功, data=TTournamentVo(id=2099013250185527297, name=56, coverImage=, coverImageUrl (truncated)...]
2026-09-14T00:02:54.931+08:00 DEBUG 7617 --- [dance-game] [io-8080-exec-10] o.s.web.servlet.DispatcherServlet        : Completed 200 OK
2026-09-14T00:02:54.936+08:00 DEBUG 7617 --- [dance-game] [nio-8080-exec-7] o.s.web.servlet.DispatcherServlet        : GET "/game/competitor/list?stageId=2099013250290384898&pageNum=1&pageSize=999", parameters={masked}
2026-09-14T00:02:54.936+08:00 DEBUG 7617 --- [dance-game] [nio-8080-exec-7] s.w.s.m.m.a.RequestMappingHandlerMapping : Mapped to com.dance.street.game.controller.TCompetitorController#list(TCompetitorBo, PageQuery)
2026-09-14T00:02:54.936+08:00 DEBUG 7617 --- [dance-game] [nio-8080-exec-3] m.m.a.RequestResponseBodyMethodProcessor : Using 'application/json', given [application/json, text/plain, */*] and supported [application/json, application/*+json]
2026-09-14T00:02:54.936+08:00 DEBUG 7617 --- [dance-game] [nio-8080-exec-3] m.m.a.RequestResponseBodyMethodProcessor : Writing [R(code=200, msg=操作成功, data=PreBracketVo(stageId=2099013250311356418, stageName=决赛, stageMode=KNOCKOU (truncated)...]
2026-09-14T00:02:54.936+08:00 DEBUG 7617 --- [dance-game] [nio-8080-exec-3] o.s.web.servlet.DispatcherServlet        : Completed 200 OK
2026-09-14T00:02:54.941+08:00 DEBUG 7617 --- [dance-game] [nio-8080-exec-1] o.s.web.servlet.DispatcherServlet        : GET "/game/match/list?stageId=2099013250302967810&pageNum=1&pageSize=999", parameters={masked}
2026-09-14T00:02:54.941+08:00 DEBUG 7617 --- [dance-game] [nio-8080-exec-1] s.w.s.m.m.a.RequestMappingHandlerMapping : Mapped to com.dance.street.game.controller.TMatchController#list(TMatchBo, PageQuery)
2026-09-14T00:02:54.942+08:00 DEBUG 7617 --- [dance-game] [nio-8080-exec-7] m.m.a.RequestResponseBodyMethodProcessor : Using 'application/json', given [application/json, text/plain, */*] and supported [application/json, application/*+json]
2026-09-14T00:02:54.943+08:00 DEBUG 7617 --- [dance-game] [nio-8080-exec-7] m.m.a.RequestResponseBodyMethodProcessor : Writing [TableDataInfo(total=0, data=[], code=200, msg=查询成功)]
2026-09-14T00:02:54.943+08:00 DEBUG 7617 --- [dance-game] [nio-8080-exec-7] o.s.web.servlet.DispatcherServlet        : Completed 200 OK
2026-09-14T00:02:54.947+08:00 DEBUG 7617 --- [dance-game] [nio-8080-exec-1] m.m.a.RequestResponseBodyMethodProcessor : Using 'application/json', given [application/json, text/plain, */*] and supported [application/json, application/*+json]
2026-09-14T00:02:54.947+08:00 DEBUG 7617 --- [dance-game] [nio-8080-exec-1] m.m.a.RequestResponseBodyMethodProcessor : Writing [TableDataInfo(total=0, data=[], code=200, msg=查询成功)]
2026-09-14T00:02:54.947+08:00 DEBUG 7617 --- [dance-game] [nio-8080-exec-6] o.s.web.servlet.DispatcherServlet        : GET "/game/stage/prebracket/2099013250298773505", parameters={}
2026-09-14T00:02:54.947+08:00 DEBUG 7617 --- [dance-game] [nio-8080-exec-1] o.s.web.servlet.DispatcherServlet        : Completed 200 OK
2026-09-14T00:02:54.947+08:00 DEBUG 7617 --- [dance-game] [nio-8080-exec-6] s.w.s.m.m.a.RequestMappingHandlerMapping : Mapped to com.dance.street.game.controller.TStageController#prebracket(Long)
2026-09-14T00:02:54.952+08:00 DEBUG 7617 --- [dance-game] [nio-8080-exec-5] o.s.web.servlet.DispatcherServlet        : GET "/game/competitor/list?stageId=2099013250281996289&pageNum=1&pageSize=999", parameters={masked}
2026-09-14T00:02:54.952+08:00 DEBUG 7617 --- [dance-game] [nio-8080-exec-5] s.w.s.m.m.a.RequestMappingHandlerMapping : Mapped to com.dance.street.game.controller.TCompetitorController#list(TCompetitorBo, PageQuery)
2026-09-14T00:02:54.954+08:00 DEBUG 7617 --- [dance-game] [nio-8080-exec-6] m.m.a.RequestResponseBodyMethodProcessor : Using 'application/json', given [application/json, text/plain, */*] and supported [application/json, application/*+json]
2026-09-14T00:02:54.954+08:00 DEBUG 7617 --- [dance-game] [nio-8080-exec-6] m.m.a.RequestResponseBodyMethodProcessor : Writing [R(code=200, msg=操作成功, data=PreBracketVo(stageId=2099013250298773505, stageName=8强, stageMode=KNOCKOU (truncated)...]
2026-09-14T00:02:54.954+08:00 DEBUG 7617 --- [dance-game] [nio-8080-exec-6] o.s.web.servlet.DispatcherServlet        : Completed 200 OK
2026-09-14T00:02:54.956+08:00 DEBUG 7617 --- [dance-game] [nio-8080-exec-5] m.m.a.RequestResponseBodyMethodProcessor : Using 'application/json', given [application/json, text/plain, */*] and supported [application/json, application/*+json]
2026-09-14T00:02:54.956+08:00 DEBUG 7617 --- [dance-game] [nio-8080-exec-5] m.m.a.RequestResponseBodyMethodProcessor : Writing [TableDataInfo(total=0, data=[], code=200, msg=查询成功)]
2026-09-14T00:02:54.957+08:00 DEBUG 7617 --- [dance-game] [nio-8080-exec-5] o.s.web.servlet.DispatcherServlet        : Completed 200 OK
2026-09-14T00:02:54.959+08:00 DEBUG 7617 --- [dance-game] [nio-8080-exec-9] o.s.web.servlet.DispatcherServlet        : GET "/game/match/list?stageId=2099013250290384898&pageNum=1&pageSize=999", parameters={masked}
2026-09-14T00:02:54.960+08:00 DEBUG 7617 --- [dance-game] [nio-8080-exec-9] s.w.s.m.m.a.RequestMappingHandlerMapping : Mapped to com.dance.street.game.controller.TMatchController#list(TMatchBo, PageQuery)
2026-09-14T00:02:54.961+08:00 DEBUG 7617 --- [dance-game] [nio-8080-exec-2] o.s.web.servlet.DispatcherServlet        : GET "/game/stage/prebracket/2099013250302967810", parameters={}
2026-09-14T00:02:54.962+08:00 DEBUG 7617 --- [dance-game] [nio-8080-exec-2] s.w.s.m.m.a.RequestMappingHandlerMapping : Mapped to com.dance.street.game.controller.TStageController#prebracket(Long)
2026-09-14T00:02:54.966+08:00 DEBUG 7617 --- [dance-game] [nio-8080-exec-9] m.m.a.RequestResponseBodyMethodProcessor : Using 'application/json', given [application/json, text/plain, */*] and supported [application/json, application/*+json]
2026-09-14T00:02:54.966+08:00 DEBUG 7617 --- [dance-game] [nio-8080-exec-9] m.m.a.RequestResponseBodyMethodProcessor : Writing [TableDataInfo(total=0, data=[], code=200, msg=查询成功)]
2026-09-14T00:02:54.966+08:00 DEBUG 7617 --- [dance-game] [nio-8080-exec-9] o.s.web.servlet.DispatcherServlet        : Completed 200 OK
2026-09-14T00:02:54.970+08:00 DEBUG 7617 --- [dance-game] [nio-8080-exec-2] m.m.a.RequestResponseBodyMethodProcessor : Using 'application/json', given [application/json, text/plain, */*] and supported [application/json, application/*+json]
2026-09-14T00:02:54.970+08:00 DEBUG 7617 --- [dance-game] [nio-8080-exec-2] m.m.a.RequestResponseBodyMethodProcessor : Writing [R(code=200, msg=操作成功, data=PreBracketVo(stageId=2099013250302967810, stageName=半决赛, stageMode=KNOCKO (truncated)...]
2026-09-14T00:02:54.970+08:00 DEBUG 7617 --- [dance-game] [nio-8080-exec-4] o.s.web.servlet.DispatcherServlet        : GET "/game/match/list?stageId=2099013250281996289&pageNum=1&pageSize=999", parameters={masked}
2026-09-14T00:02:54.970+08:00 DEBUG 7617 --- [dance-game] [nio-8080-exec-2] o.s.web.servlet.DispatcherServlet        : Completed 200 OK
2026-09-14T00:02:54.971+08:00 DEBUG 7617 --- [dance-game] [nio-8080-exec-4] s.w.s.m.m.a.RequestMappingHandlerMapping : Mapped to com.dance.street.game.controller.TMatchController#list(TMatchBo, PageQuery)
2026-09-14T00:02:54.974+08:00 DEBUG 7617 --- [dance-game] [nio-8080-exec-8] o.s.web.servlet.DispatcherServlet        : GET "/game/stage/prebracket/2099013250290384898", parameters={}
2026-09-14T00:02:54.974+08:00 DEBUG 7617 --- [dance-game] [nio-8080-exec-8] s.w.s.m.m.a.RequestMappingHandlerMapping : Mapped to com.dance.street.game.controller.TStageController#prebracket(Long)
2026-09-14T00:02:54.976+08:00 DEBUG 7617 --- [dance-game] [nio-8080-exec-4] m.m.a.RequestResponseBodyMethodProcessor : Using 'application/json', given [application/json, text/plain, */*] and supported [application/json, application/*+json]
2026-09-14T00:02:54.976+08:00 DEBUG 7617 --- [dance-game] [nio-8080-exec-4] m.m.a.RequestResponseBodyMethodProcessor : Writing [TableDataInfo(total=0, data=[], code=200, msg=查询成功)]
2026-09-14T00:02:54.976+08:00 DEBUG 7617 --- [dance-game] [nio-8080-exec-4] o.s.web.servlet.DispatcherServlet        : Completed 200 OK
2026-09-14T00:02:54.982+08:00 DEBUG 7617 --- [dance-game] [io-8080-exec-10] o.s.web.servlet.DispatcherServlet        : GET "/game/stage/prebracket/2099013250281996289", parameters={}
2026-09-14T00:02:54.982+08:00 DEBUG 7617 --- [dance-game] [io-8080-exec-10] s.w.s.m.m.a.RequestMappingHandlerMapping : Mapped to com.dance.street.game.controller.TStageController#prebracket(Long)
2026-09-14T00:02:54.983+08:00 DEBUG 7617 --- [dance-game] [nio-8080-exec-8] m.m.a.RequestResponseBodyMethodProcessor : Using 'application/json', given [application/json, text/plain, */*] and supported [application/json, application/*+json]
2026-09-14T00:02:54.983+08:00 DEBUG 7617 --- [dance-game] [nio-8080-exec-8] m.m.a.RequestResponseBodyMethodProcessor : Writing [R(code=200, msg=操作成功, data=PreBracketVo(stageId=2099013250290384898, stageName=16强, stageMode=KNOCKO (truncated)...]
2026-09-14T00:02:54.983+08:00 DEBUG 7617 --- [dance-game] [nio-8080-exec-8] o.s.web.servlet.DispatcherServlet        : Completed 200 OK
2026-09-14T00:02:54.986+08:00 DEBUG 7617 --- [dance-game] [io-8080-exec-10] m.m.a.RequestResponseBodyMethodProcessor : Using 'application/json', given [application/json, text/plain, */*] and supported [application/json, application/*+json]
2026-09-14T00:02:54.986+08:00 DEBUG 7617 --- [dance-game] [io-8080-exec-10] m.m.a.RequestResponseBodyMethodProcessor : Writing [R(code=200, msg=操作成功, data=PreBracketVo(stageId=2099013250281996289, stageName=32强, stageMode=KNOCKO (truncated)...]
2026-09-14T00:02:54.986+08:00 DEBUG 7617 --- [dance-game] [io-8080-exec-10] o.s.web.servlet.DispatcherServlet        : Completed 200 OK
2026-09-14T00:03:02.488+08:00 DEBUG 7617 --- [dance-game] [nio-8080-exec-3] o.s.web.servlet.DispatcherServlet        : GET "/login/passwordStatus", parameters={}
2026-09-14T00:03:02.492+08:00 DEBUG 7617 --- [dance-game] [nio-8080-exec-3] s.w.s.m.m.a.RequestMappingHandlerMapping : Mapped to com.dance.street.game.controller.PasswordController#passwordStatus()
2026-09-14T00:03:02.496+08:00 DEBUG 7617 --- [dance-game] [nio-8080-exec-3] o.s.jdbc.core.JdbcTemplate               : Executing prepared SQL query
2026-09-14T00:03:02.496+08:00 DEBUG 7617 --- [dance-game] [nio-8080-exec-3] o.s.jdbc.core.JdbcTemplate               : Executing prepared SQL statement [SELECT password FROM t_login_account WHERE username = ? LIMIT 1]
2026-09-14T00:03:02.566+08:00 DEBUG 7617 --- [dance-game] [nio-8080-exec-3] m.m.a.RequestResponseBodyMethodProcessor : Using 'application/json', given [application/json, text/plain, */*] and supported [application/json, application/*+json]
2026-09-14T00:03:02.567+08:00 DEBUG 7617 --- [dance-game] [nio-8080-exec-3] m.m.a.RequestResponseBodyMethodProcessor : Writing [R(code=200, msg=操作成功, data={defaultPassword=true})]
2026-09-14T00:03:02.568+08:00 DEBUG 7617 --- [dance-game] [nio-8080-exec-3] o.s.web.servlet.DispatcherServlet        : Completed 200 OK
2026-09-14T00:03:02.611+08:00 DEBUG 7617 --- [dance-game] [nio-8080-exec-7] o.s.web.servlet.DispatcherServlet        : GET "/game/tournament/list?pageNum=1&pageSize=20", parameters={masked}
2026-09-14T00:03:02.613+08:00 DEBUG 7617 --- [dance-game] [nio-8080-exec-7] s.w.s.m.m.a.RequestMappingHandlerMapping : Mapped to com.dance.street.game.controller.TTournamentController#list(TTournamentBo, PageQuery)
2026-09-14T00:03:02.645+08:00 DEBUG 7617 --- [dance-game] [nio-8080-exec-7] m.m.a.RequestResponseBodyMethodProcessor : Using 'application/json', given [application/json, text/plain, */*] and supported [application/json, application/*+json]
2026-09-14T00:03:02.646+08:00 DEBUG 7617 --- [dance-game] [nio-8080-exec-7] m.m.a.RequestResponseBodyMethodProcessor : Writing [TableDataInfo(total=2, data=[TTournamentVo(id=2099013250185527297, name=56, coverImage=, coverImageU (truncated)...]
2026-09-14T00:03:02.647+08:00 DEBUG 7617 --- [dance-game] [nio-8080-exec-7] o.s.web.servlet.DispatcherServlet        : Completed 200 OK
2026-09-14T00:03:03.483+08:00 DEBUG 7617 --- [dance-game] [nio-8080-exec-1] o.s.web.servlet.DispatcherServlet        : GET "/login/passwordStatus", parameters={}
2026-09-14T00:03:03.483+08:00 DEBUG 7617 --- [dance-game] [nio-8080-exec-1] s.w.s.m.m.a.RequestMappingHandlerMapping : Mapped to com.dance.street.game.controller.PasswordController#passwordStatus()
2026-09-14T00:03:03.484+08:00 DEBUG 7617 --- [dance-game] [nio-8080-exec-1] o.s.jdbc.core.JdbcTemplate               : Executing prepared SQL query
2026-09-14T00:03:03.484+08:00 DEBUG 7617 --- [dance-game] [nio-8080-exec-1] o.s.jdbc.core.JdbcTemplate               : Executing prepared SQL statement [SELECT password FROM t_login_account WHERE username = ? LIMIT 1]
2026-09-14T00:03:03.569+08:00 DEBUG 7617 --- [dance-game] [nio-8080-exec-1] m.m.a.RequestResponseBodyMethodProcessor : Using 'application/json', given [application/json, text/plain, */*] and supported [application/json, application/*+json]
2026-09-14T00:03:03.569+08:00 DEBUG 7617 --- [dance-game] [nio-8080-exec-1] m.m.a.RequestResponseBodyMethodProcessor : Writing [R(code=200, msg=操作成功, data={defaultPassword=true})]
2026-09-14T00:03:03.569+08:00 DEBUG 7617 --- [dance-game] [nio-8080-exec-1] o.s.web.servlet.DispatcherServlet        : Completed 200 OK
2026-09-14T00:03:03.646+08:00 DEBUG 7617 --- [dance-game] [nio-8080-exec-6] o.s.web.servlet.DispatcherServlet        : GET "/game/visScene/list?tournamentId=2099004008896458754", parameters={masked}
2026-09-14T00:03:03.650+08:00 DEBUG 7617 --- [dance-game] [nio-8080-exec-6] s.w.s.m.m.a.RequestMappingHandlerMapping : Mapped to com.dance.street.game.controller.TVisSceneController#list(TVisSceneBo, PageQuery)
2026-09-14T00:03:03.659+08:00 DEBUG 7617 --- [dance-game] [nio-8080-exec-6] m.m.a.RequestResponseBodyMethodProcessor : Using 'application/json', given [application/json, text/plain, */*] and supported [application/json, application/*+json]
2026-09-14T00:03:03.659+08:00 DEBUG 7617 --- [dance-game] [nio-8080-exec-6] m.m.a.RequestResponseBodyMethodProcessor : Writing [TableDataInfo(total=2, data=[TVisSceneVo(id=2099004009110368258, tournamentId=2099004008896458754, n (truncated)...]
2026-09-14T00:03:03.661+08:00 DEBUG 7617 --- [dance-game] [nio-8080-exec-6] o.s.web.servlet.DispatcherServlet        : Completed 200 OK
2026-09-14T00:03:03.667+08:00 DEBUG 7617 --- [dance-game] [nio-8080-exec-5] o.s.web.servlet.DispatcherServlet        : GET "/game/visWidget/list?tournamentId=2099004008896458754&sceneId=2099004009110368258", parameters={masked}
2026-09-14T00:03:03.668+08:00 DEBUG 7617 --- [dance-game] [nio-8080-exec-5] s.w.s.m.m.a.RequestMappingHandlerMapping : Mapped to com.dance.street.game.controller.TVisWidgetController#list(TVisWidgetBo, PageQuery)
2026-09-14T00:03:03.669+08:00 DEBUG 7617 --- [dance-game] [nio-8080-exec-9] o.s.web.servlet.DispatcherServlet        : GET "/game/visWidget/list?tournamentId=2099004008896458754&sceneId=2099004009122951170", parameters={masked}
2026-09-14T00:03:03.669+08:00 DEBUG 7617 --- [dance-game] [nio-8080-exec-9] s.w.s.m.m.a.RequestMappingHandlerMapping : Mapped to com.dance.street.game.controller.TVisWidgetController#list(TVisWidgetBo, PageQuery)
2026-09-14T00:03:03.676+08:00 DEBUG 7617 --- [dance-game] [nio-8080-exec-5] m.m.a.RequestResponseBodyMethodProcessor : Using 'application/json', given [application/json, text/plain, */*] and supported [application/json, application/*+json]
2026-09-14T00:03:03.676+08:00 DEBUG 7617 --- [dance-game] [nio-8080-exec-9] m.m.a.RequestResponseBodyMethodProcessor : Using 'application/json', given [application/json, text/plain, */*] and supported [application/json, application/*+json]
2026-09-14T00:03:03.677+08:00 DEBUG 7617 --- [dance-game] [nio-8080-exec-5] m.m.a.RequestResponseBodyMethodProcessor : Writing [TableDataInfo(total=1, data=[TVisWidgetVo(id=2099004009148116993, tournamentId=2099004008896458754,  (truncated)...]
2026-09-14T00:03:03.677+08:00 DEBUG 7617 --- [dance-game] [nio-8080-exec-9] m.m.a.RequestResponseBodyMethodProcessor : Writing [TableDataInfo(total=6, data=[TVisWidgetVo(id=2099004009160699905, tournamentId=2099004008896458754,  (truncated)...]
2026-09-14T00:03:03.677+08:00 DEBUG 7617 --- [dance-game] [nio-8080-exec-9] o.s.web.servlet.DispatcherServlet        : Completed 200 OK
2026-09-14T00:03:03.677+08:00 DEBUG 7617 --- [dance-game] [nio-8080-exec-5] o.s.web.servlet.DispatcherServlet        : Completed 200 OK
2026-09-14T00:03:03.692+08:00 DEBUG 7617 --- [dance-game] [nio-8080-exec-2] o.s.web.servlet.DispatcherServlet        : GET "/game/tournament/authKey/2099004008896458754", parameters={}
2026-09-14T00:03:03.693+08:00 DEBUG 7617 --- [dance-game] [nio-8080-exec-2] s.w.s.m.m.a.RequestMappingHandlerMapping : Mapped to com.dance.street.game.controller.TTournamentController#getAuthKey(Long)
2026-09-14T00:03:03.694+08:00 DEBUG 7617 --- [dance-game] [nio-8080-exec-2] m.m.a.RequestResponseBodyMethodProcessor : Using 'application/json', given [application/json, text/plain, */*] and supported [application/json, application/*+json]
2026-09-14T00:03:03.694+08:00 DEBUG 7617 --- [dance-game] [nio-8080-exec-2] m.m.a.RequestResponseBodyMethodProcessor : Writing [R(code=200, msg=操作成功, data={authKey=9babe1fc5b3449c385a68b2d705ca394})]
2026-09-14T00:03:03.695+08:00 DEBUG 7617 --- [dance-game] [nio-8080-exec-2] o.s.web.servlet.DispatcherServlet        : Completed 200 OK
2026-09-14T00:03:05.260+08:00 DEBUG 7617 --- [dance-game] [io-8080-exec-10] o.s.web.servlet.DispatcherServlet        : GET "/game/tournament/2099004008896458754", parameters={}
2026-09-14T00:03:05.260+08:00 DEBUG 7617 --- [dance-game] [nio-8080-exec-8] o.s.web.servlet.DispatcherServlet        : GET "/game/stage/first/2099004008896458754", parameters={}
2026-09-14T00:03:05.260+08:00 DEBUG 7617 --- [dance-game] [nio-8080-exec-4] o.s.web.servlet.DispatcherServlet        : GET "/game/referee/list?tournamentId=2099004008896458754", parameters={masked}
2026-09-14T00:03:05.261+08:00 DEBUG 7617 --- [dance-game] [nio-8080-exec-4] s.w.s.m.m.a.RequestMappingHandlerMapping : Mapped to com.dance.street.game.controller.TRefereeController#list(TRefereeBo, PageQuery)
2026-09-14T00:03:05.261+08:00 DEBUG 7617 --- [dance-game] [io-8080-exec-10] s.w.s.m.m.a.RequestMappingHandlerMapping : Mapped to com.dance.street.game.controller.TTournamentController#getInfo(Long)
2026-09-14T00:03:05.261+08:00 DEBUG 7617 --- [dance-game] [nio-8080-exec-8] s.w.s.m.m.a.RequestMappingHandlerMapping : Mapped to com.dance.street.game.controller.TStageController#getFirstStage(Long)
2026-09-14T00:03:05.266+08:00 DEBUG 7617 --- [dance-game] [io-8080-exec-10] m.m.a.RequestResponseBodyMethodProcessor : Using 'application/json', given [application/json, text/plain, */*] and supported [application/json, application/*+json]
2026-09-14T00:03:05.267+08:00 DEBUG 7617 --- [dance-game] [io-8080-exec-10] m.m.a.RequestResponseBodyMethodProcessor : Writing [R(code=200, msg=操作成功, data=TTournamentVo(id=2099004008896458754, name=345, coverImage=, coverImageUr (truncated)...]
2026-09-14T00:03:05.267+08:00 DEBUG 7617 --- [dance-game] [io-8080-exec-10] o.s.web.servlet.DispatcherServlet        : Completed 200 OK
2026-09-14T00:03:05.281+08:00 DEBUG 7617 --- [dance-game] [nio-8080-exec-8] m.m.a.RequestResponseBodyMethodProcessor : Using 'application/json', given [application/json, text/plain, */*] and supported [application/json, application/*+json]
2026-09-14T00:03:05.281+08:00 DEBUG 7617 --- [dance-game] [nio-8080-exec-8] m.m.a.RequestResponseBodyMethodProcessor : Writing [R(code=200, msg=操作成功, data=TStageVo(id=2099004008971956226, tournamentId=2099004008896458754, prevSt (truncated)...]
2026-09-14T00:03:05.282+08:00 DEBUG 7617 --- [dance-game] [nio-8080-exec-8] o.s.web.servlet.DispatcherServlet        : Completed 200 OK
2026-09-14T00:03:05.285+08:00 DEBUG 7617 --- [dance-game] [nio-8080-exec-4] m.m.a.RequestResponseBodyMethodProcessor : Using 'application/json', given [application/json, text/plain, */*] and supported [application/json, application/*+json]
2026-09-14T00:03:05.286+08:00 DEBUG 7617 --- [dance-game] [nio-8080-exec-4] m.m.a.RequestResponseBodyMethodProcessor : Writing [TableDataInfo(total=1, data=[TRefereeVo(id=2099004009194254337, tournamentId=2099004008896458754, av (truncated)...]
2026-09-14T00:03:05.287+08:00 DEBUG 7617 --- [dance-game] [nio-8080-exec-3] o.s.web.servlet.DispatcherServlet        : GET "/game/stage/2099004008971956226", parameters={}
2026-09-14T00:03:05.287+08:00 DEBUG 7617 --- [dance-game] [nio-8080-exec-3] s.w.s.m.m.a.RequestMappingHandlerMapping : Mapped to com.dance.street.game.controller.TStageController#getInfo(Long)
2026-09-14T00:03:05.289+08:00 DEBUG 7617 --- [dance-game] [nio-8080-exec-4] o.s.web.servlet.DispatcherServlet        : Completed 200 OK
2026-09-14T00:03:05.289+08:00 DEBUG 7617 --- [dance-game] [nio-8080-exec-3] m.m.a.RequestResponseBodyMethodProcessor : Using 'application/json', given [application/json, text/plain, */*] and supported [application/json, application/*+json]
2026-09-14T00:03:05.289+08:00 DEBUG 7617 --- [dance-game] [nio-8080-exec-3] m.m.a.RequestResponseBodyMethodProcessor : Writing [R(code=200, msg=操作成功, data=TStageVo(id=2099004008971956226, tournamentId=2099004008896458754, prevSt (truncated)...]
2026-09-14T00:03:05.290+08:00 DEBUG 7617 --- [dance-game] [nio-8080-exec-3] o.s.web.servlet.DispatcherServlet        : Completed 200 OK
2026-09-14T00:03:05.293+08:00 DEBUG 7617 --- [dance-game] [nio-8080-exec-7] o.s.web.servlet.DispatcherServlet        : GET "/game/referee/list?tournamentId=2099004008896458754", parameters={masked}
2026-09-14T00:03:05.294+08:00 DEBUG 7617 --- [dance-game] [nio-8080-exec-7] s.w.s.m.m.a.RequestMappingHandlerMapping : Mapped to com.dance.street.game.controller.TRefereeController#list(TRefereeBo, PageQuery)
2026-09-14T00:03:05.296+08:00 DEBUG 7617 --- [dance-game] [nio-8080-exec-1] o.s.web.servlet.DispatcherServlet        : GET "/game/player/list?tournamentId=2099004008896458754&pageNum=1&pageSize=1000", parameters={masked}
2026-09-14T00:03:05.296+08:00 DEBUG 7617 --- [dance-game] [nio-8080-exec-6] o.s.web.servlet.DispatcherServlet        : GET "/game/competitor/list?tournamentId=2099004008896458754&stageId=2099004008971956226&pageNum=1&pageSize=1000", parameters={masked}
2026-09-14T00:03:05.296+08:00 DEBUG 7617 --- [dance-game] [nio-8080-exec-1] s.w.s.m.m.a.RequestMappingHandlerMapping : Mapped to com.dance.street.game.controller.TPlayerController#list(TPlayerBo, PageQuery)
2026-09-14T00:03:05.297+08:00 DEBUG 7617 --- [dance-game] [nio-8080-exec-5] o.s.web.servlet.DispatcherServlet        : GET "/game/stage/2099004008971956226", parameters={}
2026-09-14T00:03:05.297+08:00 DEBUG 7617 --- [dance-game] [nio-8080-exec-6] s.w.s.m.m.a.RequestMappingHandlerMapping : Mapped to com.dance.street.game.controller.TCompetitorController#list(TCompetitorBo, PageQuery)
2026-09-14T00:03:05.297+08:00 DEBUG 7617 --- [dance-game] [nio-8080-exec-5] s.w.s.m.m.a.RequestMappingHandlerMapping : Mapped to com.dance.street.game.controller.TStageController#getInfo(Long)
2026-09-14T00:03:05.298+08:00 DEBUG 7617 --- [dance-game] [nio-8080-exec-5] m.m.a.RequestResponseBodyMethodProcessor : Using 'application/json', given [application/json, text/plain, */*] and supported [application/json, application/*+json]
2026-09-14T00:03:05.298+08:00 DEBUG 7617 --- [dance-game] [nio-8080-exec-5] m.m.a.RequestResponseBodyMethodProcessor : Writing [R(code=200, msg=操作成功, data=TStageVo(id=2099004008971956226, tournamentId=2099004008896458754, prevSt (truncated)...]
2026-09-14T00:03:05.298+08:00 DEBUG 7617 --- [dance-game] [nio-8080-exec-5] o.s.web.servlet.DispatcherServlet        : Completed 200 OK
2026-09-14T00:03:05.299+08:00 DEBUG 7617 --- [dance-game] [nio-8080-exec-7] m.m.a.RequestResponseBodyMethodProcessor : Using 'application/json', given [application/json, text/plain, */*] and supported [application/json, application/*+json]
2026-09-14T00:03:05.299+08:00 DEBUG 7617 --- [dance-game] [nio-8080-exec-7] m.m.a.RequestResponseBodyMethodProcessor : Writing [TableDataInfo(total=1, data=[TRefereeVo(id=2099004009194254337, tournamentId=2099004008896458754, av (truncated)...]
2026-09-14T00:03:05.299+08:00 DEBUG 7617 --- [dance-game] [nio-8080-exec-7] o.s.web.servlet.DispatcherServlet        : Completed 200 OK
2026-09-14T00:03:05.303+08:00 DEBUG 7617 --- [dance-game] [nio-8080-exec-9] o.s.web.servlet.DispatcherServlet        : POST "/game/stage/2099004008971956226/ensure-circle-slots", parameters={}
2026-09-14T00:03:05.304+08:00 DEBUG 7617 --- [dance-game] [nio-8080-exec-9] s.w.s.m.m.a.RequestMappingHandlerMapping : Mapped to com.dance.street.game.controller.TStageController#ensureCircleSlots(Long)
2026-09-14T00:03:05.311+08:00 DEBUG 7617 --- [dance-game] [nio-8080-exec-1] m.m.a.RequestResponseBodyMethodProcessor : Using 'application/json', given [application/json, text/plain, */*] and supported [application/json, application/*+json]
2026-09-14T00:03:05.311+08:00 DEBUG 7617 --- [dance-game] [nio-8080-exec-6] m.m.a.RequestResponseBodyMethodProcessor : Using 'application/json', given [application/json, text/plain, */*] and supported [application/json, application/*+json]
2026-09-14T00:03:05.313+08:00 DEBUG 7617 --- [dance-game] [nio-8080-exec-6] m.m.a.RequestResponseBodyMethodProcessor : Writing [TableDataInfo(total=19, data=[TCompetitorVo(id=2099004943664214018, tournamentId=2099004008896458754 (truncated)...]
2026-09-14T00:03:05.313+08:00 DEBUG 7617 --- [dance-game] [nio-8080-exec-1] m.m.a.RequestResponseBodyMethodProcessor : Writing [TableDataInfo(total=19, data=[TPlayerVo(id=2099004926236880897, tournamentId=2099004008896458754, na (truncated)...]
2026-09-14T00:03:05.315+08:00 DEBUG 7617 --- [dance-game] [nio-8080-exec-6] o.s.web.servlet.DispatcherServlet        : Completed 200 OK
2026-09-14T00:03:05.315+08:00 DEBUG 7617 --- [dance-game] [nio-8080-exec-1] o.s.web.servlet.DispatcherServlet        : Completed 200 OK
2026-09-14T00:03:05.345+08:00 DEBUG 7617 --- [dance-game] [nio-8080-exec-9] m.m.a.RequestResponseBodyMethodProcessor : Using 'application/json', given [application/json, text/plain, */*] and supported [application/json, application/*+json]
2026-09-14T00:03:05.345+08:00 DEBUG 7617 --- [dance-game] [nio-8080-exec-9] m.m.a.RequestResponseBodyMethodProcessor : Writing [R(code=200, msg=操作成功, data=null)]
2026-09-14T00:03:05.345+08:00 DEBUG 7617 --- [dance-game] [nio-8080-exec-9] o.s.web.servlet.DispatcherServlet        : Completed 200 OK
2026-09-14T00:03:05.350+08:00 DEBUG 7617 --- [dance-game] [nio-8080-exec-2] o.s.web.servlet.DispatcherServlet        : GET "/game/match/list?stageId=2099004008971956226&pageNum=1&pageSize=99", parameters={masked}
2026-09-14T00:03:05.350+08:00 DEBUG 7617 --- [dance-game] [nio-8080-exec-2] s.w.s.m.m.a.RequestMappingHandlerMapping : Mapped to com.dance.street.game.controller.TMatchController#list(TMatchBo, PageQuery)
2026-09-14T00:03:05.368+08:00 DEBUG 7617 --- [dance-game] [nio-8080-exec-2] m.m.a.RequestResponseBodyMethodProcessor : Using 'application/json', given [application/json, text/plain, */*] and supported [application/json, application/*+json]
2026-09-14T00:03:05.381+08:00 DEBUG 7617 --- [dance-game] [nio-8080-exec-2] m.m.a.RequestResponseBodyMethodProcessor : Writing [TableDataInfo(total=1, data=[TMatchVo(id=2099005479637544961, tournamentId=2099004008896458754, stag (truncated)...]
2026-09-14T00:03:05.384+08:00 DEBUG 7617 --- [dance-game] [nio-8080-exec-2] o.s.web.servlet.DispatcherServlet        : Completed 200 OK
2026-09-14T00:03:05.392+08:00 DEBUG 7617 --- [dance-game] [io-8080-exec-10] o.s.web.servlet.DispatcherServlet        : GET "/game/tournament/2099004008896458754", parameters={}
2026-09-14T00:03:05.392+08:00 DEBUG 7617 --- [dance-game] [nio-8080-exec-3] o.s.web.servlet.DispatcherServlet        : GET "/game/stage/2099004009060036610", parameters={}
2026-09-14T00:03:05.392+08:00 DEBUG 7617 --- [dance-game] [nio-8080-exec-4] o.s.web.servlet.DispatcherServlet        : GET "/game/stage/2099004009081008129", parameters={}
2026-09-14T00:03:05.392+08:00 DEBUG 7617 --- [dance-game] [nio-8080-exec-8] o.s.web.servlet.DispatcherServlet        : GET "/game/stage/2099004009093591041", parameters={}
2026-09-14T00:03:05.392+08:00 DEBUG 7617 --- [dance-game] [io-8080-exec-10] s.w.s.m.m.a.RequestMappingHandlerMapping : Mapped to com.dance.street.game.controller.TTournamentController#getInfo(Long)
2026-09-14T00:03:05.392+08:00 DEBUG 7617 --- [dance-game] [nio-8080-exec-3] s.w.s.m.m.a.RequestMappingHandlerMapping : Mapped to com.dance.street.game.controller.TStageController#getInfo(Long)
2026-09-14T00:03:05.392+08:00 DEBUG 7617 --- [dance-game] [nio-8080-exec-4] s.w.s.m.m.a.RequestMappingHandlerMapping : Mapped to com.dance.street.game.controller.TStageController#getInfo(Long)
2026-09-14T00:03:05.392+08:00 DEBUG 7617 --- [dance-game] [nio-8080-exec-8] s.w.s.m.m.a.RequestMappingHandlerMapping : Mapped to com.dance.street.game.controller.TStageController#getInfo(Long)
2026-09-14T00:03:05.395+08:00 DEBUG 7617 --- [dance-game] [io-8080-exec-10] m.m.a.RequestResponseBodyMethodProcessor : Using 'application/json', given [application/json, text/plain, */*] and supported [application/json, application/*+json]
2026-09-14T00:03:05.395+08:00 DEBUG 7617 --- [dance-game] [nio-8080-exec-3] m.m.a.RequestResponseBodyMethodProcessor : Using 'application/json', given [application/json, text/plain, */*] and supported [application/json, application/*+json]
2026-09-14T00:03:05.395+08:00 DEBUG 7617 --- [dance-game] [nio-8080-exec-8] m.m.a.RequestResponseBodyMethodProcessor : Using 'application/json', given [application/json, text/plain, */*] and supported [application/json, application/*+json]
2026-09-14T00:03:05.395+08:00 DEBUG 7617 --- [dance-game] [nio-8080-exec-4] m.m.a.RequestResponseBodyMethodProcessor : Using 'application/json', given [application/json, text/plain, */*] and supported [application/json, application/*+json]
2026-09-14T00:03:05.395+08:00 DEBUG 7617 --- [dance-game] [io-8080-exec-10] m.m.a.RequestResponseBodyMethodProcessor : Writing [R(code=200, msg=操作成功, data=TTournamentVo(id=2099004008896458754, name=345, coverImage=, coverImageUr (truncated)...]
2026-09-14T00:03:05.395+08:00 DEBUG 7617 --- [dance-game] [nio-8080-exec-8] m.m.a.RequestResponseBodyMethodProcessor : Writing [R(code=200, msg=操作成功, data=TStageVo(id=2099004009093591041, tournamentId=2099004008896458754, prevSt (truncated)...]
2026-09-14T00:03:05.395+08:00 DEBUG 7617 --- [dance-game] [nio-8080-exec-4] m.m.a.RequestResponseBodyMethodProcessor : Writing [R(code=200, msg=操作成功, data=TStageVo(id=2099004009081008129, tournamentId=2099004008896458754, prevSt (truncated)...]
2026-09-14T00:03:05.395+08:00 DEBUG 7617 --- [dance-game] [nio-8080-exec-3] m.m.a.RequestResponseBodyMethodProcessor : Writing [R(code=200, msg=操作成功, data=TStageVo(id=2099004009060036610, tournamentId=2099004008896458754, prevSt (truncated)...]
2026-09-14T00:03:05.395+08:00 DEBUG 7617 --- [dance-game] [nio-8080-exec-4] o.s.web.servlet.DispatcherServlet        : Completed 200 OK
2026-09-14T00:03:05.395+08:00 DEBUG 7617 --- [dance-game] [io-8080-exec-10] o.s.web.servlet.DispatcherServlet        : Completed 200 OK
2026-09-14T00:03:05.395+08:00 DEBUG 7617 --- [dance-game] [nio-8080-exec-3] o.s.web.servlet.DispatcherServlet        : Completed 200 OK
2026-09-14T00:03:05.395+08:00 DEBUG 7617 --- [dance-game] [nio-8080-exec-8] o.s.web.servlet.DispatcherServlet        : Completed 200 OK
2026-09-14T00:03:05.398+08:00 DEBUG 7617 --- [dance-game] [nio-8080-exec-5] o.s.web.servlet.DispatcherServlet        : GET "/tournament/event/sse?tournamentId=2099004008896458754&clientid=e5cd7e4891bf95d1d19206ce24a7b32e", parameters={masked}
2026-09-14T00:03:05.398+08:00 DEBUG 7617 --- [dance-game] [nio-8080-exec-7] o.s.web.servlet.DispatcherServlet        : GET "/game/stage/2099004009043259394", parameters={}
2026-09-14T00:03:05.399+08:00 DEBUG 7617 --- [dance-game] [nio-8080-exec-5] s.w.s.m.m.a.RequestMappingHandlerMapping : Mapped to com.dance.street.game.controller.TournamentEventController#event(Long, String)
2026-09-14T00:03:05.399+08:00 DEBUG 7617 --- [dance-game] [nio-8080-exec-7] s.w.s.m.m.a.RequestMappingHandlerMapping : Mapped to com.dance.street.game.controller.TStageController#getInfo(Long)
2026-09-14T00:03:05.399+08:00  INFO 7617 --- [dance-game] [nio-8080-exec-5] d.c.s.c.TournamentEventSseEmitterManager : 赛事[2099004008896458754]事件SSE连接建立(普通),当前在线连接数:2
2026-09-14T00:03:05.399+08:00 DEBUG 7617 --- [dance-game] [nio-8080-exec-5] o.s.w.c.request.async.WebAsyncManager    : Started async request for "/tournament/event/sse"
2026-09-14T00:03:05.399+08:00 DEBUG 7617 --- [dance-game] [nio-8080-exec-5] o.s.web.servlet.DispatcherServlet        : Exiting but response remains open for further handling
2026-09-14T00:03:05.400+08:00 DEBUG 7617 --- [dance-game] [nio-8080-exec-7] m.m.a.RequestResponseBodyMethodProcessor : Using 'application/json', given [application/json, text/plain, */*] and supported [application/json, application/*+json]
2026-09-14T00:03:05.400+08:00 DEBUG 7617 --- [dance-game] [nio-8080-exec-7] m.m.a.RequestResponseBodyMethodProcessor : Writing [R(code=200, msg=操作成功, data=TStageVo(id=2099004009043259394, tournamentId=2099004008896458754, prevSt (truncated)...]
2026-09-14T00:03:05.400+08:00 DEBUG 7617 --- [dance-game] [nio-8080-exec-7] o.s.web.servlet.DispatcherServlet        : Completed 200 OK
2026-09-14T00:03:05.406+08:00 DEBUG 7617 --- [dance-game] [nio-8080-exec-6] o.s.web.servlet.DispatcherServlet        : GET "/game/stage/flow/2099004008896458754", parameters={}
2026-09-14T00:03:05.406+08:00 DEBUG 7617 --- [dance-game] [nio-8080-exec-1] o.s.web.servlet.DispatcherServlet        : GET "/game/tournament/2099004008896458754", parameters={}
2026-09-14T00:03:05.406+08:00 DEBUG 7617 --- [dance-game] [nio-8080-exec-6] s.w.s.m.m.a.RequestMappingHandlerMapping : Mapped to com.dance.street.game.controller.TStageController#flow(Long)
2026-09-14T00:03:05.406+08:00 DEBUG 7617 --- [dance-game] [nio-8080-exec-1] s.w.s.m.m.a.RequestMappingHandlerMapping : Mapped to com.dance.street.game.controller.TTournamentController#getInfo(Long)
2026-09-14T00:03:05.408+08:00 DEBUG 7617 --- [dance-game] [nio-8080-exec-1] m.m.a.RequestResponseBodyMethodProcessor : Using 'application/json', given [application/json, text/plain, */*] and supported [application/json, application/*+json]
2026-09-14T00:03:05.408+08:00 DEBUG 7617 --- [dance-game] [nio-8080-exec-1] m.m.a.RequestResponseBodyMethodProcessor : Writing [R(code=200, msg=操作成功, data=TTournamentVo(id=2099004008896458754, name=345, coverImage=, coverImageUr (truncated)...]
2026-09-14T00:03:05.408+08:00 DEBUG 7617 --- [dance-game] [nio-8080-exec-1] o.s.web.servlet.DispatcherServlet        : Completed 200 OK
2026-09-14T00:03:05.410+08:00 DEBUG 7617 --- [dance-game] [nio-8080-exec-6] m.m.a.RequestResponseBodyMethodProcessor : Using 'application/json', given [application/json, text/plain, */*] and supported [application/json, application/*+json]
2026-09-14T00:03:05.411+08:00 DEBUG 7617 --- [dance-game] [nio-8080-exec-6] m.m.a.RequestResponseBodyMethodProcessor : Writing [R(code=200, msg=操作成功, data=StageFlowVo(stages=[StageFlowVo.StageFlowItem(id=2099004008971956226, nam (truncated)...]
2026-09-14T00:03:05.412+08:00 DEBUG 7617 --- [dance-game] [nio-8080-exec-6] o.s.web.servlet.DispatcherServlet        : Completed 200 OK
2026-09-14T00:03:05.427+08:00 DEBUG 7617 --- [dance-game] [nio-8080-exec-9] o.s.web.servlet.DispatcherServlet        : GET "/game/tournament/2099004008896458754", parameters={}
2026-09-14T00:03:05.428+08:00 DEBUG 7617 --- [dance-game] [nio-8080-exec-9] s.w.s.m.m.a.RequestMappingHandlerMapping : Mapped to com.dance.street.game.controller.TTournamentController#getInfo(Long)
2026-09-14T00:03:05.428+08:00 DEBUG 7617 --- [dance-game] [nio-8080-exec-2] o.s.web.servlet.DispatcherServlet        : GET "/game/competitor/list?stageId=2099004009081008129&pageNum=1&pageSize=999", parameters={masked}
2026-09-14T00:03:05.428+08:00 DEBUG 7617 --- [dance-game] [nio-8080-exec-2] s.w.s.m.m.a.RequestMappingHandlerMapping : Mapped to com.dance.street.game.controller.TCompetitorController#list(TCompetitorBo, PageQuery)
2026-09-14T00:03:05.429+08:00 DEBUG 7617 --- [dance-game] [nio-8080-exec-9] m.m.a.RequestResponseBodyMethodProcessor : Using 'application/json', given [application/json, text/plain, */*] and supported [application/json, application/*+json]
2026-09-14T00:03:05.429+08:00 DEBUG 7617 --- [dance-game] [nio-8080-exec-9] m.m.a.RequestResponseBodyMethodProcessor : Writing [R(code=200, msg=操作成功, data=TTournamentVo(id=2099004008896458754, name=345, coverImage=, coverImageUr (truncated)...]
2026-09-14T00:03:05.429+08:00 DEBUG 7617 --- [dance-game] [nio-8080-exec-9] o.s.web.servlet.DispatcherServlet        : Completed 200 OK
2026-09-14T00:03:05.430+08:00 DEBUG 7617 --- [dance-game] [nio-8080-exec-2] m.m.a.RequestResponseBodyMethodProcessor : Using 'application/json', given [application/json, text/plain, */*] and supported [application/json, application/*+json]
2026-09-14T00:03:05.430+08:00 DEBUG 7617 --- [dance-game] [nio-8080-exec-2] m.m.a.RequestResponseBodyMethodProcessor : Writing [TableDataInfo(total=0, data=[], code=200, msg=查询成功)]
2026-09-14T00:03:05.430+08:00 DEBUG 7617 --- [dance-game] [nio-8080-exec-2] o.s.web.servlet.DispatcherServlet        : Completed 200 OK
2026-09-14T00:03:05.432+08:00 DEBUG 7617 --- [dance-game] [nio-8080-exec-4] o.s.web.servlet.DispatcherServlet        : GET "/game/tournament/2099004008896458754", parameters={}
2026-09-14T00:03:05.432+08:00 DEBUG 7617 --- [dance-game] [nio-8080-exec-4] s.w.s.m.m.a.RequestMappingHandlerMapping : Mapped to com.dance.street.game.controller.TTournamentController#getInfo(Long)
2026-09-14T00:03:05.433+08:00 DEBUG 7617 --- [dance-game] [nio-8080-exec-4] m.m.a.RequestResponseBodyMethodProcessor : Using 'application/json', given [application/json, text/plain, */*] and supported [application/json, application/*+json]
2026-09-14T00:03:05.433+08:00 DEBUG 7617 --- [dance-game] [nio-8080-exec-4] m.m.a.RequestResponseBodyMethodProcessor : Writing [R(code=200, msg=操作成功, data=TTournamentVo(id=2099004008896458754, name=345, coverImage=, coverImageUr (truncated)...]
2026-09-14T00:03:05.434+08:00 DEBUG 7617 --- [dance-game] [nio-8080-exec-4] o.s.web.servlet.DispatcherServlet        : Completed 200 OK
2026-09-14T00:03:05.435+08:00 DEBUG 7617 --- [dance-game] [io-8080-exec-10] o.s.web.servlet.DispatcherServlet        : GET "/game/tournament/2099004008896458754", parameters={}
2026-09-14T00:03:05.436+08:00 DEBUG 7617 --- [dance-game] [io-8080-exec-10] s.w.s.m.m.a.RequestMappingHandlerMapping : Mapped to com.dance.street.game.controller.TTournamentController#getInfo(Long)
2026-09-14T00:03:05.438+08:00 DEBUG 7617 --- [dance-game] [io-8080-exec-10] m.m.a.RequestResponseBodyMethodProcessor : Using 'application/json', given [application/json, text/plain, */*] and supported [application/json, application/*+json]
2026-09-14T00:03:05.438+08:00 DEBUG 7617 --- [dance-game] [io-8080-exec-10] m.m.a.RequestResponseBodyMethodProcessor : Writing [R(code=200, msg=操作成功, data=TTournamentVo(id=2099004008896458754, name=345, coverImage=, coverImageUr (truncated)...]
2026-09-14T00:03:05.439+08:00 DEBUG 7617 --- [dance-game] [io-8080-exec-10] o.s.web.servlet.DispatcherServlet        : Completed 200 OK
2026-09-14T00:03:05.439+08:00 DEBUG 7617 --- [dance-game] [nio-8080-exec-8] o.s.web.servlet.DispatcherServlet        : GET "/game/match/list?stageId=2099004009081008129&pageNum=1&pageSize=999", parameters={masked}
2026-09-14T00:03:05.439+08:00 DEBUG 7617 --- [dance-game] [nio-8080-exec-3] o.s.web.servlet.DispatcherServlet        : GET "/game/competitor/list?stageId=2099004009060036610&pageNum=1&pageSize=999", parameters={masked}
2026-09-14T00:03:05.439+08:00 DEBUG 7617 --- [dance-game] [nio-8080-exec-3] s.w.s.m.m.a.RequestMappingHandlerMapping : Mapped to com.dance.street.game.controller.TCompetitorController#list(TCompetitorBo, PageQuery)
2026-09-14T00:03:05.439+08:00 DEBUG 7617 --- [dance-game] [nio-8080-exec-8] s.w.s.m.m.a.RequestMappingHandlerMapping : Mapped to com.dance.street.game.controller.TMatchController#list(TMatchBo, PageQuery)
2026-09-14T00:03:05.442+08:00 DEBUG 7617 --- [dance-game] [nio-8080-exec-5] o.s.web.servlet.DispatcherServlet        : GET "/game/competitor/list?stageId=2099004009093591041&pageNum=1&pageSize=999", parameters={masked}
2026-09-14T00:03:05.442+08:00 DEBUG 7617 --- [dance-game] [nio-8080-exec-5] s.w.s.m.m.a.RequestMappingHandlerMapping : Mapped to com.dance.street.game.controller.TCompetitorController#list(TCompetitorBo, PageQuery)
2026-09-14T00:03:05.444+08:00 DEBUG 7617 --- [dance-game] [nio-8080-exec-3] m.m.a.RequestResponseBodyMethodProcessor : Using 'application/json', given [application/json, text/plain, */*] and supported [application/json, application/*+json]
2026-09-14T00:03:05.444+08:00 DEBUG 7617 --- [dance-game] [nio-8080-exec-8] m.m.a.RequestResponseBodyMethodProcessor : Using 'application/json', given [application/json, text/plain, */*] and supported [application/json, application/*+json]
2026-09-14T00:03:05.444+08:00 DEBUG 7617 --- [dance-game] [nio-8080-exec-3] m.m.a.RequestResponseBodyMethodProcessor : Writing [TableDataInfo(total=0, data=[], code=200, msg=查询成功)]
2026-09-14T00:03:05.444+08:00 DEBUG 7617 --- [dance-game] [nio-8080-exec-8] m.m.a.RequestResponseBodyMethodProcessor : Writing [TableDataInfo(total=0, data=[], code=200, msg=查询成功)]
2026-09-14T00:03:05.444+08:00 DEBUG 7617 --- [dance-game] [nio-8080-exec-8] o.s.web.servlet.DispatcherServlet        : Completed 200 OK
2026-09-14T00:03:05.444+08:00 DEBUG 7617 --- [dance-game] [nio-8080-exec-3] o.s.web.servlet.DispatcherServlet        : Completed 200 OK
2026-09-14T00:03:05.447+08:00 DEBUG 7617 --- [dance-game] [nio-8080-exec-5] m.m.a.RequestResponseBodyMethodProcessor : Using 'application/json', given [application/json, text/plain, */*] and supported [application/json, application/*+json]
2026-09-14T00:03:05.447+08:00 DEBUG 7617 --- [dance-game] [nio-8080-exec-5] m.m.a.RequestResponseBodyMethodProcessor : Writing [TableDataInfo(total=0, data=[], code=200, msg=查询成功)]
2026-09-14T00:03:05.448+08:00 DEBUG 7617 --- [dance-game] [nio-8080-exec-5] o.s.web.servlet.DispatcherServlet        : Completed 200 OK
2026-09-14T00:03:05.448+08:00 DEBUG 7617 --- [dance-game] [nio-8080-exec-1] o.s.web.servlet.DispatcherServlet        : GET "/game/stage/prebracket/2099004009081008129", parameters={}
2026-09-14T00:03:05.448+08:00 DEBUG 7617 --- [dance-game] [nio-8080-exec-7] o.s.web.servlet.DispatcherServlet        : GET "/game/competitor/list?stageId=2099004009043259394&pageNum=1&pageSize=999", parameters={masked}
2026-09-14T00:03:05.448+08:00 DEBUG 7617 --- [dance-game] [nio-8080-exec-7] s.w.s.m.m.a.RequestMappingHandlerMapping : Mapped to com.dance.street.game.controller.TCompetitorController#list(TCompetitorBo, PageQuery)
2026-09-14T00:03:05.448+08:00 DEBUG 7617 --- [dance-game] [nio-8080-exec-1] s.w.s.m.m.a.RequestMappingHandlerMapping : Mapped to com.dance.street.game.controller.TStageController#prebracket(Long)
2026-09-14T00:03:05.451+08:00 DEBUG 7617 --- [dance-game] [nio-8080-exec-6] o.s.web.servlet.DispatcherServlet        : GET "/game/match/list?stageId=2099004009060036610&pageNum=1&pageSize=999", parameters={masked}
2026-09-14T00:03:05.451+08:00 DEBUG 7617 --- [dance-game] [nio-8080-exec-6] s.w.s.m.m.a.RequestMappingHandlerMapping : Mapped to com.dance.street.game.controller.TMatchController#list(TMatchBo, PageQuery)
2026-09-14T00:03:05.452+08:00 DEBUG 7617 --- [dance-game] [nio-8080-exec-1] m.m.a.RequestResponseBodyMethodProcessor : Using 'application/json', given [application/json, text/plain, */*] and supported [application/json, application/*+json]
2026-09-14T00:03:05.452+08:00 DEBUG 7617 --- [dance-game] [nio-8080-exec-1] m.m.a.RequestResponseBodyMethodProcessor : Writing [R(code=200, msg=操作成功, data=PreBracketVo(stageId=2099004009081008129, stageName=半决赛, stageMode=KNOCKO (truncated)...]
2026-09-14T00:03:05.452+08:00 DEBUG 7617 --- [dance-game] [nio-8080-exec-1] o.s.web.servlet.DispatcherServlet        : Completed 200 OK
2026-09-14T00:03:05.454+08:00 DEBUG 7617 --- [dance-game] [nio-8080-exec-6] m.m.a.RequestResponseBodyMethodProcessor : Using 'application/json', given [application/json, text/plain, */*] and supported [application/json, application/*+json]
2026-09-14T00:03:05.454+08:00 DEBUG 7617 --- [dance-game] [nio-8080-exec-6] m.m.a.RequestResponseBodyMethodProcessor : Writing [TableDataInfo(total=0, data=[], code=200, msg=查询成功)]
2026-09-14T00:03:05.455+08:00 DEBUG 7617 --- [dance-game] [nio-8080-exec-6] o.s.web.servlet.DispatcherServlet        : Completed 200 OK
2026-09-14T00:03:05.455+08:00 DEBUG 7617 --- [dance-game] [nio-8080-exec-7] m.m.a.RequestResponseBodyMethodProcessor : Using 'application/json', given [application/json, text/plain, */*] and supported [application/json, application/*+json]
2026-09-14T00:03:05.455+08:00 DEBUG 7617 --- [dance-game] [nio-8080-exec-7] m.m.a.RequestResponseBodyMethodProcessor : Writing [TableDataInfo(total=16, data=[TCompetitorVo(id=2099005659438968833, tournamentId=2099004008896458754 (truncated)...]
2026-09-14T00:03:05.455+08:00 DEBUG 7617 --- [dance-game] [nio-8080-exec-7] o.s.web.servlet.DispatcherServlet        : Completed 200 OK
2026-09-14T00:03:05.456+08:00 DEBUG 7617 --- [dance-game] [nio-8080-exec-9] o.s.web.servlet.DispatcherServlet        : GET "/game/match/list?stageId=2099004009093591041&pageNum=1&pageSize=999", parameters={masked}
2026-09-14T00:03:05.457+08:00 DEBUG 7617 --- [dance-game] [nio-8080-exec-9] s.w.s.m.m.a.RequestMappingHandlerMapping : Mapped to com.dance.street.game.controller.TMatchController#list(TMatchBo, PageQuery)
2026-09-14T00:03:05.460+08:00 DEBUG 7617 --- [dance-game] [nio-8080-exec-4] o.s.web.servlet.DispatcherServlet        : GET "/game/match/list?stageId=2099004009043259394&pageNum=1&pageSize=999", parameters={masked}
2026-09-14T00:03:05.460+08:00 DEBUG 7617 --- [dance-game] [nio-8080-exec-2] o.s.web.servlet.DispatcherServlet        : GET "/game/stage/prebracket/2099004009060036610", parameters={}
2026-09-14T00:03:05.460+08:00 DEBUG 7617 --- [dance-game] [nio-8080-exec-4] s.w.s.m.m.a.RequestMappingHandlerMapping : Mapped to com.dance.street.game.controller.TMatchController#list(TMatchBo, PageQuery)
2026-09-14T00:03:05.460+08:00 DEBUG 7617 --- [dance-game] [nio-8080-exec-2] s.w.s.m.m.a.RequestMappingHandlerMapping : Mapped to com.dance.street.game.controller.TStageController#prebracket(Long)
2026-09-14T00:03:05.461+08:00 DEBUG 7617 --- [dance-game] [nio-8080-exec-9] m.m.a.RequestResponseBodyMethodProcessor : Using 'application/json', given [application/json, text/plain, */*] and supported [application/json, application/*+json]
2026-09-14T00:03:05.461+08:00 DEBUG 7617 --- [dance-game] [nio-8080-exec-9] m.m.a.RequestResponseBodyMethodProcessor : Writing [TableDataInfo(total=0, data=[], code=200, msg=查询成功)]
2026-09-14T00:03:05.461+08:00 DEBUG 7617 --- [dance-game] [nio-8080-exec-9] o.s.web.servlet.DispatcherServlet        : Completed 200 OK
2026-09-14T00:03:05.466+08:00 DEBUG 7617 --- [dance-game] [io-8080-exec-10] o.s.web.servlet.DispatcherServlet        : GET "/game/stage/prebracket/2099004009093591041", parameters={}
2026-09-14T00:03:05.466+08:00 DEBUG 7617 --- [dance-game] [io-8080-exec-10] s.w.s.m.m.a.RequestMappingHandlerMapping : Mapped to com.dance.street.game.controller.TStageController#prebracket(Long)
2026-09-14T00:03:05.469+08:00 DEBUG 7617 --- [dance-game] [io-8080-exec-10] m.m.a.RequestResponseBodyMethodProcessor : Using 'application/json', given [application/json, text/plain, */*] and supported [application/json, application/*+json]
2026-09-14T00:03:05.469+08:00 DEBUG 7617 --- [dance-game] [io-8080-exec-10] m.m.a.RequestResponseBodyMethodProcessor : Writing [R(code=200, msg=操作成功, data=PreBracketVo(stageId=2099004009093591041, stageName=决赛, stageMode=KNOCKOU (truncated)...]
2026-09-14T00:03:05.469+08:00 DEBUG 7617 --- [dance-game] [io-8080-exec-10] o.s.web.servlet.DispatcherServlet        : Completed 200 OK
2026-09-14T00:03:05.471+08:00 DEBUG 7617 --- [dance-game] [nio-8080-exec-4] m.m.a.RequestResponseBodyMethodProcessor : Using 'application/json', given [application/json, text/plain, */*] and supported [application/json, application/*+json]
2026-09-14T00:03:05.471+08:00 DEBUG 7617 --- [dance-game] [nio-8080-exec-4] m.m.a.RequestResponseBodyMethodProcessor : Writing [TableDataInfo(total=8, data=[TMatchVo(id=2099005719677562881, tournamentId=2099004008896458754, stag (truncated)...]
2026-09-14T00:03:05.473+08:00 DEBUG 7617 --- [dance-game] [nio-8080-exec-4] o.s.web.servlet.DispatcherServlet        : Completed 200 OK
2026-09-14T00:03:05.476+08:00 DEBUG 7617 --- [dance-game] [nio-8080-exec-2] m.m.a.RequestResponseBodyMethodProcessor : Using 'application/json', given [application/json, text/plain, */*] and supported [application/json, application/*+json]
2026-09-14T00:03:05.477+08:00 DEBUG 7617 --- [dance-game] [nio-8080-exec-2] m.m.a.RequestResponseBodyMethodProcessor : Writing [R(code=200, msg=操作成功, data=PreBracketVo(stageId=2099004009060036610, stageName=8强, stageMode=KNOCKOU (truncated)...]
2026-09-14T00:03:05.479+08:00 DEBUG 7617 --- [dance-game] [nio-8080-exec-2] o.s.web.servlet.DispatcherServlet        : Completed 200 OK
2026-09-14T00:03:05.480+08:00 DEBUG 7617 --- [dance-game] [nio-8080-exec-8] o.s.web.servlet.DispatcherServlet        : GET "/game/matchParticipant/list?matchId=2099005719677562885&pageNum=1&pageSize=99", parameters={masked}
2026-09-14T00:03:05.480+08:00 DEBUG 7617 --- [dance-game] [nio-8080-exec-3] o.s.web.servlet.DispatcherServlet        : GET "/game/matchParticipant/list?matchId=2099005719677562881&pageNum=1&pageSize=99", parameters={masked}
2026-09-14T00:03:05.480+08:00 DEBUG 7617 --- [dance-game] [nio-8080-exec-3] s.w.s.m.m.a.RequestMappingHandlerMapping : Mapped to com.dance.street.game.controller.TMatchParticipantController#list(TMatchParticipantBo, PageQuery)
2026-09-14T00:03:05.480+08:00 DEBUG 7617 --- [dance-game] [nio-8080-exec-8] s.w.s.m.m.a.RequestMappingHandlerMapping : Mapped to com.dance.street.game.controller.TMatchParticipantController#list(TMatchParticipantBo, PageQuery)
2026-09-14T00:03:05.482+08:00 DEBUG 7617 --- [dance-game] [nio-8080-exec-5] o.s.web.servlet.DispatcherServlet        : GET "/game/matchParticipant/list?matchId=2099005719681757189&pageNum=1&pageSize=99", parameters={masked}
2026-09-14T00:03:05.483+08:00 DEBUG 7617 --- [dance-game] [nio-8080-exec-5] s.w.s.m.m.a.RequestMappingHandlerMapping : Mapped to com.dance.street.game.controller.TMatchParticipantController#list(TMatchParticipantBo, PageQuery)
2026-09-14T00:03:05.488+08:00 DEBUG 7617 --- [dance-game] [nio-8080-exec-5] m.m.a.RequestResponseBodyMethodProcessor : Using 'application/json', given [application/json, text/plain, */*] and supported [application/json, application/*+json]
2026-09-14T00:03:05.488+08:00 DEBUG 7617 --- [dance-game] [nio-8080-exec-8] m.m.a.RequestResponseBodyMethodProcessor : Using 'application/json', given [application/json, text/plain, */*] and supported [application/json, application/*+json]
2026-09-14T00:03:05.488+08:00 DEBUG 7617 --- [dance-game] [nio-8080-exec-3] m.m.a.RequestResponseBodyMethodProcessor : Using 'application/json', given [application/json, text/plain, */*] and supported [application/json, application/*+json]
2026-09-14T00:03:05.489+08:00 DEBUG 7617 --- [dance-game] [nio-8080-exec-8] m.m.a.RequestResponseBodyMethodProcessor : Writing [TableDataInfo(total=2, data=[TMatchParticipantVo(id=2099005719681757187, tournamentId=20990040088964 (truncated)...]
2026-09-14T00:03:05.489+08:00 DEBUG 7617 --- [dance-game] [nio-8080-exec-5] m.m.a.RequestResponseBodyMethodProcessor : Writing [TableDataInfo(total=2, data=[TMatchParticipantVo(id=2099005719681757191, tournamentId=20990040088964 (truncated)...]
2026-09-14T00:03:05.489+08:00 DEBUG 7617 --- [dance-game] [nio-8080-exec-3] m.m.a.RequestResponseBodyMethodProcessor : Writing [TableDataInfo(total=2, data=[TMatchParticipantVo(id=2099005719677562883, tournamentId=20990040088964 (truncated)...]
2026-09-14T00:03:05.490+08:00 DEBUG 7617 --- [dance-game] [nio-8080-exec-3] o.s.web.servlet.DispatcherServlet        : Completed 200 OK
2026-09-14T00:03:05.490+08:00 DEBUG 7617 --- [dance-game] [nio-8080-exec-8] o.s.web.servlet.DispatcherServlet        : Completed 200 OK
2026-09-14T00:03:05.490+08:00 DEBUG 7617 --- [dance-game] [nio-8080-exec-5] o.s.web.servlet.DispatcherServlet        : Completed 200 OK
2026-09-14T00:03:05.494+08:00 DEBUG 7617 --- [dance-game] [nio-8080-exec-1] o.s.web.servlet.DispatcherServlet        : GET "/game/matchParticipant/list?matchId=2099005719681757193&pageNum=1&pageSize=99", parameters={masked}
2026-09-14T00:03:05.494+08:00 DEBUG 7617 --- [dance-game] [nio-8080-exec-6] o.s.web.servlet.DispatcherServlet        : GET "/game/matchParticipant/list?matchId=2099005719681757197&pageNum=1&pageSize=99", parameters={masked}
2026-09-14T00:03:05.494+08:00 DEBUG 7617 --- [dance-game] [nio-8080-exec-7] o.s.web.servlet.DispatcherServlet        : GET "/game/matchParticipant/list?matchId=2099005719681757201&pageNum=1&pageSize=99", parameters={masked}
2026-09-14T00:03:05.494+08:00 DEBUG 7617 --- [dance-game] [nio-8080-exec-1] s.w.s.m.m.a.RequestMappingHandlerMapping : Mapped to com.dance.street.game.controller.TMatchParticipantController#list(TMatchParticipantBo, PageQuery)
2026-09-14T00:03:05.494+08:00 DEBUG 7617 --- [dance-game] [nio-8080-exec-6] s.w.s.m.m.a.RequestMappingHandlerMapping : Mapped to com.dance.street.game.controller.TMatchParticipantController#list(TMatchParticipantBo, PageQuery)
2026-09-14T00:03:05.494+08:00 DEBUG 7617 --- [dance-game] [nio-8080-exec-7] s.w.s.m.m.a.RequestMappingHandlerMapping : Mapped to com.dance.street.game.controller.TMatchParticipantController#list(TMatchParticipantBo, PageQuery)
2026-09-14T00:03:05.498+08:00 DEBUG 7617 --- [dance-game] [nio-8080-exec-7] m.m.a.RequestResponseBodyMethodProcessor : Using 'application/json', given [application/json, text/plain, */*] and supported [application/json, application/*+json]
2026-09-14T00:03:05.498+08:00 DEBUG 7617 --- [dance-game] [nio-8080-exec-1] m.m.a.RequestResponseBodyMethodProcessor : Using 'application/json', given [application/json, text/plain, */*] and supported [application/json, application/*+json]
2026-09-14T00:03:05.498+08:00 DEBUG 7617 --- [dance-game] [nio-8080-exec-7] m.m.a.RequestResponseBodyMethodProcessor : Writing [TableDataInfo(total=2, data=[TMatchParticipantVo(id=2099005719681757203, tournamentId=20990040088964 (truncated)...]
2026-09-14T00:03:05.498+08:00 DEBUG 7617 --- [dance-game] [nio-8080-exec-1] m.m.a.RequestResponseBodyMethodProcessor : Writing [TableDataInfo(total=2, data=[TMatchParticipantVo(id=2099005719681757195, tournamentId=20990040088964 (truncated)...]
2026-09-14T00:03:05.498+08:00 DEBUG 7617 --- [dance-game] [nio-8080-exec-6] m.m.a.RequestResponseBodyMethodProcessor : Using 'application/json', given [application/json, text/plain, */*] and supported [application/json, application/*+json]
2026-09-14T00:03:05.498+08:00 DEBUG 7617 --- [dance-game] [nio-8080-exec-6] m.m.a.RequestResponseBodyMethodProcessor : Writing [TableDataInfo(total=2, data=[TMatchParticipantVo(id=2099005719681757199, tournamentId=20990040088964 (truncated)...]
2026-09-14T00:03:05.498+08:00 DEBUG 7617 --- [dance-game] [nio-8080-exec-7] o.s.web.servlet.DispatcherServlet        : Completed 200 OK
2026-09-14T00:03:05.498+08:00 DEBUG 7617 --- [dance-game] [nio-8080-exec-6] o.s.web.servlet.DispatcherServlet        : Completed 200 OK
2026-09-14T00:03:05.499+08:00 DEBUG 7617 --- [dance-game] [nio-8080-exec-1] o.s.web.servlet.DispatcherServlet        : Completed 200 OK
2026-09-14T00:03:05.505+08:00 DEBUG 7617 --- [dance-game] [nio-8080-exec-9] o.s.web.servlet.DispatcherServlet        : GET "/game/matchParticipant/list?matchId=2099005719685951494&pageNum=1&pageSize=99", parameters={masked}
2026-09-14T00:03:05.505+08:00 DEBUG 7617 --- [dance-game] [io-8080-exec-10] o.s.web.servlet.DispatcherServlet        : GET "/game/matchParticipant/list?matchId=2099005719685951490&pageNum=1&pageSize=99", parameters={masked}
2026-09-14T00:03:05.505+08:00 DEBUG 7617 --- [dance-game] [io-8080-exec-10] s.w.s.m.m.a.RequestMappingHandlerMapping : Mapped to com.dance.street.game.controller.TMatchParticipantController#list(TMatchParticipantBo, PageQuery)
2026-09-14T00:03:05.505+08:00 DEBUG 7617 --- [dance-game] [nio-8080-exec-9] s.w.s.m.m.a.RequestMappingHandlerMapping : Mapped to com.dance.street.game.controller.TMatchParticipantController#list(TMatchParticipantBo, PageQuery)
2026-09-14T00:03:05.510+08:00 DEBUG 7617 --- [dance-game] [io-8080-exec-10] m.m.a.RequestResponseBodyMethodProcessor : Using 'application/json', given [application/json, text/plain, */*] and supported [application/json, application/*+json]
2026-09-14T00:03:05.510+08:00 DEBUG 7617 --- [dance-game] [io-8080-exec-10] m.m.a.RequestResponseBodyMethodProcessor : Writing [TableDataInfo(total=2, data=[TMatchParticipantVo(id=2099005719685951492, tournamentId=20990040088964 (truncated)...]
2026-09-14T00:03:05.510+08:00 DEBUG 7617 --- [dance-game] [io-8080-exec-10] o.s.web.servlet.DispatcherServlet        : Completed 200 OK
2026-09-14T00:03:05.510+08:00 DEBUG 7617 --- [dance-game] [nio-8080-exec-9] m.m.a.RequestResponseBodyMethodProcessor : Using 'application/json', given [application/json, text/plain, */*] and supported [application/json, application/*+json]
2026-09-14T00:03:05.510+08:00 DEBUG 7617 --- [dance-game] [nio-8080-exec-9] m.m.a.RequestResponseBodyMethodProcessor : Writing [TableDataInfo(total=2, data=[TMatchParticipantVo(id=2099005719685951496, tournamentId=20990040088964 (truncated)...]
2026-09-14T00:03:05.510+08:00 DEBUG 7617 --- [dance-game] [nio-8080-exec-9] o.s.web.servlet.DispatcherServlet        : Completed 200 OK
2026-09-14T00:03:05.689+08:00 DEBUG 7617 --- [dance-game] [nio-8080-exec-4] o.s.web.servlet.DispatcherServlet        : GET "/tournament/screen/control?authKey=9babe1fc5b3449c385a68b2d705ca394&clientid=e5cd7e4891bf95d1d19206ce24a7b32e&screenIds=6e03f4fd-dfc4-4b49-a391-293c6a30a2d8&terminalId=terminal_1789315385686_bzepozkdmyp&tournamentId=2099004008896458754", parameters={masked}
2026-09-14T00:03:05.689+08:00 DEBUG 7617 --- [dance-game] [nio-8080-exec-4] s.w.s.m.m.a.RequestMappingHandlerMapping : Mapped to org.dromara.common.sse.controller.SseController#screenControl(String, String, String, String, HttpServletRequest)
2026-09-14T00:03:05.691+08:00  INFO 7617 --- [dance-game] [nio-8080-exec-4] o.d.c.s.c.TournamentSseEmitterManager    : 注册屏幕 screenId:6e03f4fd-dfc4-4b49-a391-293c6a30a2d8 tournamentId:2099004008896458754
2026-09-14T00:03:05.691+08:00 DEBUG 7617 --- [dance-game] [nio-8080-exec-4] o.s.w.c.request.async.WebAsyncManager    : Started async request for "/tournament/screen/control"
2026-09-14T00:03:05.691+08:00 DEBUG 7617 --- [dance-game] [nio-8080-exec-4] o.s.web.servlet.DispatcherServlet        : Exiting but response remains open for further handling
2026-09-14T00:03:10.123+08:00 DEBUG 7617 --- [dance-game] [nio-8080-exec-8] o.s.web.servlet.DispatcherServlet        : GET "/game/stage/2099004009093591041", parameters={}
2026-09-14T00:03:10.124+08:00 DEBUG 7617 --- [dance-game] [nio-8080-exec-5] o.s.web.servlet.DispatcherServlet        : GET "/game/stage/2099004009081008129", parameters={}
2026-09-14T00:03:10.124+08:00 DEBUG 7617 --- [dance-game] [nio-8080-exec-5] s.w.s.m.m.a.RequestMappingHandlerMapping : Mapped to com.dance.street.game.controller.TStageController#getInfo(Long)
2026-09-14T00:03:10.121+08:00 DEBUG 7617 --- [dance-game] [nio-8080-exec-2] o.s.web.servlet.DispatcherServlet        : GET "/game/tournament/2099004008896458754", parameters={}
2026-09-14T00:03:10.125+08:00 DEBUG 7617 --- [dance-game] [nio-8080-exec-2] s.w.s.m.m.a.RequestMappingHandlerMapping : Mapped to com.dance.street.game.controller.TTournamentController#getInfo(Long)
2026-09-14T00:03:10.126+08:00 DEBUG 7617 --- [dance-game] [nio-8080-exec-8] s.w.s.m.m.a.RequestMappingHandlerMapping : Mapped to com.dance.street.game.controller.TStageController#getInfo(Long)
2026-09-14T00:03:10.129+08:00 DEBUG 7617 --- [dance-game] [nio-8080-exec-2] m.m.a.RequestResponseBodyMethodProcessor : Using 'application/json', given [application/json, text/plain, */*] and supported [application/json, application/*+json]
2026-09-14T00:03:10.129+08:00 DEBUG 7617 --- [dance-game] [nio-8080-exec-2] m.m.a.RequestResponseBodyMethodProcessor : Writing [R(code=200, msg=操作成功, data=TTournamentVo(id=2099004008896458754, name=345, coverImage=, coverImageUr (truncated)...]
2026-09-14T00:03:10.130+08:00 DEBUG 7617 --- [dance-game] [nio-8080-exec-5] m.m.a.RequestResponseBodyMethodProcessor : Using 'application/json', given [application/json, text/plain, */*] and supported [application/json, application/*+json]
2026-09-14T00:03:10.130+08:00 DEBUG 7617 --- [dance-game] [nio-8080-exec-2] o.s.web.servlet.DispatcherServlet        : Completed 200 OK
2026-09-14T00:03:10.130+08:00 DEBUG 7617 --- [dance-game] [nio-8080-exec-5] m.m.a.RequestResponseBodyMethodProcessor : Writing [R(code=200, msg=操作成功, data=TStageVo(id=2099004009081008129, tournamentId=2099004008896458754, prevSt (truncated)...]
2026-09-14T00:03:10.134+08:00 DEBUG 7617 --- [dance-game] [nio-8080-exec-5] o.s.web.servlet.DispatcherServlet        : Completed 200 OK
2026-09-14T00:03:10.138+08:00 DEBUG 7617 --- [dance-game] [nio-8080-exec-8] m.m.a.RequestResponseBodyMethodProcessor : Using 'application/json', given [application/json, text/plain, */*] and supported [application/json, application/*+json]
2026-09-14T00:03:10.139+08:00 DEBUG 7617 --- [dance-game] [nio-8080-exec-8] m.m.a.RequestResponseBodyMethodProcessor : Writing [R(code=200, msg=操作成功, data=TStageVo(id=2099004009093591041, tournamentId=2099004008896458754, prevSt (truncated)...]
2026-09-14T00:03:10.139+08:00 DEBUG 7617 --- [dance-game] [nio-8080-exec-8] o.s.web.servlet.DispatcherServlet        : Completed 200 OK
2026-09-14T00:03:10.144+08:00 DEBUG 7617 --- [dance-game] [nio-8080-exec-3] o.s.web.servlet.DispatcherServlet        : GET "/game/stage/2099004009060036610", parameters={}
2026-09-14T00:03:10.145+08:00 DEBUG 7617 --- [dance-game] [nio-8080-exec-3] s.w.s.m.m.a.RequestMappingHandlerMapping : Mapped to com.dance.street.game.controller.TStageController#getInfo(Long)
2026-09-14T00:03:10.146+08:00 DEBUG 7617 --- [dance-game] [nio-8080-exec-7] o.s.web.servlet.DispatcherServlet        : GET "/tournament/event/sse?tournamentId=2099004008896458754&clientid=e5cd7e4891bf95d1d19206ce24a7b32e", parameters={masked}
2026-09-14T00:03:10.146+08:00 DEBUG 7617 --- [dance-game] [nio-8080-exec-6] o.s.web.servlet.DispatcherServlet        : GET "/game/stage/2099004009043259394", parameters={}
2026-09-14T00:03:10.146+08:00 DEBUG 7617 --- [dance-game] [nio-8080-exec-7] s.w.s.m.m.a.RequestMappingHandlerMapping : Mapped to com.dance.street.game.controller.TournamentEventController#event(Long, String)
2026-09-14T00:03:10.146+08:00 DEBUG 7617 --- [dance-game] [nio-8080-exec-6] s.w.s.m.m.a.RequestMappingHandlerMapping : Mapped to com.dance.street.game.controller.TStageController#getInfo(Long)
2026-09-14T00:03:10.146+08:00  INFO 7617 --- [dance-game] [nio-8080-exec-7] d.c.s.c.TournamentEventSseEmitterManager : 赛事[2099004008896458754]事件SSE连接建立(普通),当前在线连接数:3
2026-09-14T00:03:10.146+08:00 DEBUG 7617 --- [dance-game] [nio-8080-exec-7] o.s.w.c.request.async.WebAsyncManager    : Started async request for "/tournament/event/sse"
2026-09-14T00:03:10.147+08:00 DEBUG 7617 --- [dance-game] [nio-8080-exec-7] o.s.web.servlet.DispatcherServlet        : Exiting but response remains open for further handling
2026-09-14T00:03:10.148+08:00 DEBUG 7617 --- [dance-game] [nio-8080-exec-3] m.m.a.RequestResponseBodyMethodProcessor : Using 'application/json', given [application/json, text/plain, */*] and supported [application/json, application/*+json]
2026-09-14T00:03:10.148+08:00 DEBUG 7617 --- [dance-game] [nio-8080-exec-6] m.m.a.RequestResponseBodyMethodProcessor : Using 'application/json', given [application/json, text/plain, */*] and supported [application/json, application/*+json]
2026-09-14T00:03:10.148+08:00 DEBUG 7617 --- [dance-game] [nio-8080-exec-3] m.m.a.RequestResponseBodyMethodProcessor : Writing [R(code=200, msg=操作成功, data=TStageVo(id=2099004009060036610, tournamentId=2099004008896458754, prevSt (truncated)...]
2026-09-14T00:03:10.148+08:00 DEBUG 7617 --- [dance-game] [nio-8080-exec-6] m.m.a.RequestResponseBodyMethodProcessor : Writing [R(code=200, msg=操作成功, data=TStageVo(id=2099004009043259394, tournamentId=2099004008896458754, prevSt (truncated)...]
2026-09-14T00:03:10.148+08:00 DEBUG 7617 --- [dance-game] [nio-8080-exec-3] o.s.web.servlet.DispatcherServlet        : Completed 200 OK
2026-09-14T00:03:10.148+08:00 DEBUG 7617 --- [dance-game] [nio-8080-exec-6] o.s.web.servlet.DispatcherServlet        : Completed 200 OK
2026-09-14T00:03:10.152+08:00 DEBUG 7617 --- [dance-game] [io-8080-exec-10] o.s.web.servlet.DispatcherServlet        : GET "/game/stage/flow/2099004008896458754", parameters={}
2026-09-14T00:03:10.152+08:00 DEBUG 7617 --- [dance-game] [nio-8080-exec-1] o.s.web.servlet.DispatcherServlet        : GET "/game/tournament/2099004008896458754", parameters={}
2026-09-14T00:03:10.152+08:00 DEBUG 7617 --- [dance-game] [io-8080-exec-10] s.w.s.m.m.a.RequestMappingHandlerMapping : Mapped to com.dance.street.game.controller.TStageController#flow(Long)
2026-09-14T00:03:10.152+08:00 DEBUG 7617 --- [dance-game] [nio-8080-exec-1] s.w.s.m.m.a.RequestMappingHandlerMapping : Mapped to com.dance.street.game.controller.TTournamentController#getInfo(Long)
2026-09-14T00:03:10.154+08:00 DEBUG 7617 --- [dance-game] [nio-8080-exec-1] m.m.a.RequestResponseBodyMethodProcessor : Using 'application/json', given [application/json, text/plain, */*] and supported [application/json, application/*+json]
2026-09-14T00:03:10.154+08:00 DEBUG 7617 --- [dance-game] [nio-8080-exec-1] m.m.a.RequestResponseBodyMethodProcessor : Writing [R(code=200, msg=操作成功, data=TTournamentVo(id=2099004008896458754, name=345, coverImage=, coverImageUr (truncated)...]
2026-09-14T00:03:10.154+08:00 DEBUG 7617 --- [dance-game] [nio-8080-exec-1] o.s.web.servlet.DispatcherServlet        : Completed 200 OK
2026-09-14T00:03:10.154+08:00 DEBUG 7617 --- [dance-game] [io-8080-exec-10] m.m.a.RequestResponseBodyMethodProcessor : Using 'application/json', given [application/json, text/plain, */*] and supported [application/json, application/*+json]
2026-09-14T00:03:10.154+08:00 DEBUG 7617 --- [dance-game] [io-8080-exec-10] m.m.a.RequestResponseBodyMethodProcessor : Writing [R(code=200, msg=操作成功, data=StageFlowVo(stages=[StageFlowVo.StageFlowItem(id=2099004008971956226, nam (truncated)...]
2026-09-14T00:03:10.155+08:00 DEBUG 7617 --- [dance-game] [io-8080-exec-10] o.s.web.servlet.DispatcherServlet        : Completed 200 OK
2026-09-14T00:03:10.158+08:00 DEBUG 7617 --- [dance-game] [nio-8080-exec-9] o.s.web.servlet.DispatcherServlet        : GET "/game/tournament/2099004008896458754", parameters={}
2026-09-14T00:03:10.159+08:00 DEBUG 7617 --- [dance-game] [nio-8080-exec-9] s.w.s.m.m.a.RequestMappingHandlerMapping : Mapped to com.dance.street.game.controller.TTournamentController#getInfo(Long)
2026-09-14T00:03:10.160+08:00 DEBUG 7617 --- [dance-game] [nio-8080-exec-4] o.s.web.servlet.DispatcherServlet        : GET "/game/competitor/list?stageId=2099004009081008129&pageNum=1&pageSize=999", parameters={masked}
2026-09-14T00:03:10.160+08:00 DEBUG 7617 --- [dance-game] [nio-8080-exec-4] s.w.s.m.m.a.RequestMappingHandlerMapping : Mapped to com.dance.street.game.controller.TCompetitorController#list(TCompetitorBo, PageQuery)
2026-09-14T00:03:10.161+08:00 DEBUG 7617 --- [dance-game] [nio-8080-exec-9] m.m.a.RequestResponseBodyMethodProcessor : Using 'application/json', given [application/json, text/plain, */*] and supported [application/json, application/*+json]
2026-09-14T00:03:10.161+08:00 DEBUG 7617 --- [dance-game] [nio-8080-exec-9] m.m.a.RequestResponseBodyMethodProcessor : Writing [R(code=200, msg=操作成功, data=TTournamentVo(id=2099004008896458754, name=345, coverImage=, coverImageUr (truncated)...]
2026-09-14T00:03:10.161+08:00 DEBUG 7617 --- [dance-game] [nio-8080-exec-9] o.s.web.servlet.DispatcherServlet        : Completed 200 OK
2026-09-14T00:03:10.164+08:00 DEBUG 7617 --- [dance-game] [nio-8080-exec-4] m.m.a.RequestResponseBodyMethodProcessor : Using 'application/json', given [application/json, text/plain, */*] and supported [application/json, application/*+json]
2026-09-14T00:03:10.164+08:00 DEBUG 7617 --- [dance-game] [nio-8080-exec-4] m.m.a.RequestResponseBodyMethodProcessor : Writing [TableDataInfo(total=0, data=[], code=200, msg=查询成功)]
2026-09-14T00:03:10.164+08:00 DEBUG 7617 --- [dance-game] [nio-8080-exec-4] o.s.web.servlet.DispatcherServlet        : Completed 200 OK
2026-09-14T00:03:10.165+08:00 DEBUG 7617 --- [dance-game] [nio-8080-exec-2] o.s.web.servlet.DispatcherServlet        : GET "/game/tournament/2099004008896458754", parameters={}
2026-09-14T00:03:10.165+08:00 DEBUG 7617 --- [dance-game] [nio-8080-exec-2] s.w.s.m.m.a.RequestMappingHandlerMapping : Mapped to com.dance.street.game.controller.TTournamentController#getInfo(Long)
2026-09-14T00:03:10.168+08:00 DEBUG 7617 --- [dance-game] [nio-8080-exec-5] o.s.web.servlet.DispatcherServlet        : GET "/game/competitor/list?stageId=2099004009093591041&pageNum=1&pageSize=999", parameters={masked}
2026-09-14T00:03:10.168+08:00 DEBUG 7617 --- [dance-game] [nio-8080-exec-5] s.w.s.m.m.a.RequestMappingHandlerMapping : Mapped to com.dance.street.game.controller.TCompetitorController#list(TCompetitorBo, PageQuery)
2026-09-14T00:03:10.168+08:00 DEBUG 7617 --- [dance-game] [nio-8080-exec-2] m.m.a.RequestResponseBodyMethodProcessor : Using 'application/json', given [application/json, text/plain, */*] and supported [application/json, application/*+json]
2026-09-14T00:03:10.168+08:00 DEBUG 7617 --- [dance-game] [nio-8080-exec-2] m.m.a.RequestResponseBodyMethodProcessor : Writing [R(code=200, msg=操作成功, data=TTournamentVo(id=2099004008896458754, name=345, coverImage=, coverImageUr (truncated)...]
2026-09-14T00:03:10.168+08:00 DEBUG 7617 --- [dance-game] [nio-8080-exec-2] o.s.web.servlet.DispatcherServlet        : Completed 200 OK
2026-09-14T00:03:10.172+08:00 DEBUG 7617 --- [dance-game] [nio-8080-exec-5] m.m.a.RequestResponseBodyMethodProcessor : Using 'application/json', given [application/json, text/plain, */*] and supported [application/json, application/*+json]
2026-09-14T00:03:10.172+08:00 DEBUG 7617 --- [dance-game] [nio-8080-exec-8] o.s.web.servlet.DispatcherServlet        : GET "/game/match/list?stageId=2099004009081008129&pageNum=1&pageSize=999", parameters={masked}
2026-09-14T00:03:10.172+08:00 DEBUG 7617 --- [dance-game] [nio-8080-exec-5] m.m.a.RequestResponseBodyMethodProcessor : Writing [TableDataInfo(total=0, data=[], code=200, msg=查询成功)]
2026-09-14T00:03:10.172+08:00 DEBUG 7617 --- [dance-game] [nio-8080-exec-8] s.w.s.m.m.a.RequestMappingHandlerMapping : Mapped to com.dance.street.game.controller.TMatchController#list(TMatchBo, PageQuery)
2026-09-14T00:03:10.172+08:00 DEBUG 7617 --- [dance-game] [nio-8080-exec-5] o.s.web.servlet.DispatcherServlet        : Completed 200 OK
2026-09-14T00:03:10.177+08:00 DEBUG 7617 --- [dance-game] [nio-8080-exec-7] o.s.web.servlet.DispatcherServlet        : GET "/game/tournament/2099004008896458754", parameters={}
2026-09-14T00:03:10.177+08:00 DEBUG 7617 --- [dance-game] [nio-8080-exec-7] s.w.s.m.m.a.RequestMappingHandlerMapping : Mapped to com.dance.street.game.controller.TTournamentController#getInfo(Long)
2026-09-14T00:03:10.177+08:00 DEBUG 7617 --- [dance-game] [nio-8080-exec-8] m.m.a.RequestResponseBodyMethodProcessor : Using 'application/json', given [application/json, text/plain, */*] and supported [application/json, application/*+json]
2026-09-14T00:03:10.177+08:00 DEBUG 7617 --- [dance-game] [nio-8080-exec-8] m.m.a.RequestResponseBodyMethodProcessor : Writing [TableDataInfo(total=0, data=[], code=200, msg=查询成功)]
2026-09-14T00:03:10.177+08:00 DEBUG 7617 --- [dance-game] [nio-8080-exec-8] o.s.web.servlet.DispatcherServlet        : Completed 200 OK
2026-09-14T00:03:10.178+08:00 DEBUG 7617 --- [dance-game] [nio-8080-exec-7] m.m.a.RequestResponseBodyMethodProcessor : Using 'application/json', given [application/json, text/plain, */*] and supported [application/json, application/*+json]
2026-09-14T00:03:10.178+08:00 DEBUG 7617 --- [dance-game] [nio-8080-exec-7] m.m.a.RequestResponseBodyMethodProcessor : Writing [R(code=200, msg=操作成功, data=TTournamentVo(id=2099004008896458754, name=345, coverImage=, coverImageUr (truncated)...]
2026-09-14T00:03:10.178+08:00 DEBUG 7617 --- [dance-game] [nio-8080-exec-7] o.s.web.servlet.DispatcherServlet        : Completed 200 OK
2026-09-14T00:03:10.182+08:00 DEBUG 7617 --- [dance-game] [nio-8080-exec-3] o.s.web.servlet.DispatcherServlet        : GET "/game/match/list?stageId=2099004009093591041&pageNum=1&pageSize=999", parameters={masked}
2026-09-14T00:03:10.182+08:00 DEBUG 7617 --- [dance-game] [nio-8080-exec-6] o.s.web.servlet.DispatcherServlet        : GET "/game/competitor/list?stageId=2099004009043259394&pageNum=1&pageSize=999", parameters={masked}
2026-09-14T00:03:10.182+08:00 DEBUG 7617 --- [dance-game] [nio-8080-exec-6] s.w.s.m.m.a.RequestMappingHandlerMapping : Mapped to com.dance.street.game.controller.TCompetitorController#list(TCompetitorBo, PageQuery)
2026-09-14T00:03:10.182+08:00 DEBUG 7617 --- [dance-game] [nio-8080-exec-3] s.w.s.m.m.a.RequestMappingHandlerMapping : Mapped to com.dance.street.game.controller.TMatchController#list(TMatchBo, PageQuery)
2026-09-14T00:03:10.185+08:00 DEBUG 7617 --- [dance-game] [nio-8080-exec-3] m.m.a.RequestResponseBodyMethodProcessor : Using 'application/json', given [application/json, text/plain, */*] and supported [application/json, application/*+json]
2026-09-14T00:03:10.185+08:00 DEBUG 7617 --- [dance-game] [nio-8080-exec-3] m.m.a.RequestResponseBodyMethodProcessor : Writing [TableDataInfo(total=0, data=[], code=200, msg=查询成功)]
2026-09-14T00:03:10.185+08:00 DEBUG 7617 --- [dance-game] [nio-8080-exec-3] o.s.web.servlet.DispatcherServlet        : Completed 200 OK
2026-09-14T00:03:10.188+08:00 DEBUG 7617 --- [dance-game] [nio-8080-exec-6] m.m.a.RequestResponseBodyMethodProcessor : Using 'application/json', given [application/json, text/plain, */*] and supported [application/json, application/*+json]
2026-09-14T00:03:10.189+08:00 DEBUG 7617 --- [dance-game] [nio-8080-exec-1] o.s.web.servlet.DispatcherServlet        : GET "/game/stage/prebracket/2099004009081008129", parameters={}
2026-09-14T00:03:10.189+08:00 DEBUG 7617 --- [dance-game] [nio-8080-exec-6] m.m.a.RequestResponseBodyMethodProcessor : Writing [TableDataInfo(total=16, data=[TCompetitorVo(id=2099005659438968833, tournamentId=2099004008896458754 (truncated)...]
2026-09-14T00:03:10.189+08:00 DEBUG 7617 --- [dance-game] [nio-8080-exec-1] s.w.s.m.m.a.RequestMappingHandlerMapping : Mapped to com.dance.street.game.controller.TStageController#prebracket(Long)
2026-09-14T00:03:10.189+08:00 DEBUG 7617 --- [dance-game] [nio-8080-exec-6] o.s.web.servlet.DispatcherServlet        : Completed 200 OK
2026-09-14T00:03:10.193+08:00 DEBUG 7617 --- [dance-game] [io-8080-exec-10] o.s.web.servlet.DispatcherServlet        : GET "/game/competitor/list?stageId=2099004009060036610&pageNum=1&pageSize=999", parameters={masked}
2026-09-14T00:03:10.194+08:00 DEBUG 7617 --- [dance-game] [io-8080-exec-10] s.w.s.m.m.a.RequestMappingHandlerMapping : Mapped to com.dance.street.game.controller.TCompetitorController#list(TCompetitorBo, PageQuery)
2026-09-14T00:03:10.195+08:00 DEBUG 7617 --- [dance-game] [nio-8080-exec-1] m.m.a.RequestResponseBodyMethodProcessor : Using 'application/json', given [application/json, text/plain, */*] and supported [application/json, application/*+json]
2026-09-14T00:03:10.195+08:00 DEBUG 7617 --- [dance-game] [nio-8080-exec-1] m.m.a.RequestResponseBodyMethodProcessor : Writing [R(code=200, msg=操作成功, data=PreBracketVo(stageId=2099004009081008129, stageName=半决赛, stageMode=KNOCKO (truncated)...]
2026-09-14T00:03:10.195+08:00 DEBUG 7617 --- [dance-game] [nio-8080-exec-1] o.s.web.servlet.DispatcherServlet        : Completed 200 OK
2026-09-14T00:03:10.197+08:00 DEBUG 7617 --- [dance-game] [io-8080-exec-10] m.m.a.RequestResponseBodyMethodProcessor : Using 'application/json', given [application/json, text/plain, */*] and supported [application/json, application/*+json]
2026-09-14T00:03:10.197+08:00 DEBUG 7617 --- [dance-game] [io-8080-exec-10] m.m.a.RequestResponseBodyMethodProcessor : Writing [TableDataInfo(total=0, data=[], code=200, msg=查询成功)]
2026-09-14T00:03:10.198+08:00 DEBUG 7617 --- [dance-game] [io-8080-exec-10] o.s.web.servlet.DispatcherServlet        : Completed 200 OK
2026-09-14T00:03:10.199+08:00 DEBUG 7617 --- [dance-game] [nio-8080-exec-9] o.s.web.servlet.DispatcherServlet        : GET "/game/stage/prebracket/2099004009093591041", parameters={}
2026-09-14T00:03:10.200+08:00 DEBUG 7617 --- [dance-game] [nio-8080-exec-9] s.w.s.m.m.a.RequestMappingHandlerMapping : Mapped to com.dance.street.game.controller.TStageController#prebracket(Long)
2026-09-14T00:03:10.200+08:00 DEBUG 7617 --- [dance-game] [nio-8080-exec-4] o.s.web.servlet.DispatcherServlet        : GET "/game/match/list?stageId=2099004009043259394&pageNum=1&pageSize=999", parameters={masked}
2026-09-14T00:03:10.200+08:00 DEBUG 7617 --- [dance-game] [nio-8080-exec-4] s.w.s.m.m.a.RequestMappingHandlerMapping : Mapped to com.dance.street.game.controller.TMatchController#list(TMatchBo, PageQuery)
2026-09-14T00:03:10.202+08:00 DEBUG 7617 --- [dance-game] [nio-8080-exec-9] m.m.a.RequestResponseBodyMethodProcessor : Using 'application/json', given [application/json, text/plain, */*] and supported [application/json, application/*+json]
2026-09-14T00:03:10.202+08:00 DEBUG 7617 --- [dance-game] [nio-8080-exec-9] m.m.a.RequestResponseBodyMethodProcessor : Writing [R(code=200, msg=操作成功, data=PreBracketVo(stageId=2099004009093591041, stageName=决赛, stageMode=KNOCKOU (truncated)...]
2026-09-14T00:03:10.203+08:00 DEBUG 7617 --- [dance-game] [nio-8080-exec-9] o.s.web.servlet.DispatcherServlet        : Completed 200 OK
2026-09-14T00:03:10.206+08:00 DEBUG 7617 --- [dance-game] [nio-8080-exec-2] o.s.web.servlet.DispatcherServlet        : GET "/game/match/list?stageId=2099004009060036610&pageNum=1&pageSize=999", parameters={masked}
2026-09-14T00:03:10.206+08:00 DEBUG 7617 --- [dance-game] [nio-8080-exec-2] s.w.s.m.m.a.RequestMappingHandlerMapping : Mapped to com.dance.street.game.controller.TMatchController#list(TMatchBo, PageQuery)
2026-09-14T00:03:10.209+08:00 DEBUG 7617 --- [dance-game] [nio-8080-exec-4] m.m.a.RequestResponseBodyMethodProcessor : Using 'application/json', given [application/json, text/plain, */*] and supported [application/json, application/*+json]
2026-09-14T00:03:10.209+08:00 DEBUG 7617 --- [dance-game] [nio-8080-exec-2] m.m.a.RequestResponseBodyMethodProcessor : Using 'application/json', given [application/json, text/plain, */*] and supported [application/json, application/*+json]
2026-09-14T00:03:10.209+08:00 DEBUG 7617 --- [dance-game] [nio-8080-exec-2] m.m.a.RequestResponseBodyMethodProcessor : Writing [TableDataInfo(total=0, data=[], code=200, msg=查询成功)]
2026-09-14T00:03:10.209+08:00 DEBUG 7617 --- [dance-game] [nio-8080-exec-4] m.m.a.RequestResponseBodyMethodProcessor : Writing [TableDataInfo(total=8, data=[TMatchVo(id=2099005719677562881, tournamentId=2099004008896458754, stag (truncated)...]
2026-09-14T00:03:10.210+08:00 DEBUG 7617 --- [dance-game] [nio-8080-exec-2] o.s.web.servlet.DispatcherServlet        : Completed 200 OK
2026-09-14T00:03:10.210+08:00 DEBUG 7617 --- [dance-game] [nio-8080-exec-4] o.s.web.servlet.DispatcherServlet        : Completed 200 OK
2026-09-14T00:03:10.215+08:00 DEBUG 7617 --- [dance-game] [nio-8080-exec-5] o.s.web.servlet.DispatcherServlet        : GET "/game/stage/prebracket/2099004009060036610", parameters={}
2026-09-14T00:03:10.215+08:00 DEBUG 7617 --- [dance-game] [nio-8080-exec-8] o.s.web.servlet.DispatcherServlet        : GET "/game/matchParticipant/list?matchId=2099005719677562881&pageNum=1&pageSize=99", parameters={masked}
2026-09-14T00:03:10.215+08:00 DEBUG 7617 --- [dance-game] [nio-8080-exec-8] s.w.s.m.m.a.RequestMappingHandlerMapping : Mapped to com.dance.street.game.controller.TMatchParticipantController#list(TMatchParticipantBo, PageQuery)
2026-09-14T00:03:10.215+08:00 DEBUG 7617 --- [dance-game] [nio-8080-exec-5] s.w.s.m.m.a.RequestMappingHandlerMapping : Mapped to com.dance.street.game.controller.TStageController#prebracket(Long)
2026-09-14T00:03:10.218+08:00 DEBUG 7617 --- [dance-game] [nio-8080-exec-8] m.m.a.RequestResponseBodyMethodProcessor : Using 'application/json', given [application/json, text/plain, */*] and supported [application/json, application/*+json]
2026-09-14T00:03:10.218+08:00 DEBUG 7617 --- [dance-game] [nio-8080-exec-8] m.m.a.RequestResponseBodyMethodProcessor : Writing [TableDataInfo(total=2, data=[TMatchParticipantVo(id=2099005719677562883, tournamentId=20990040088964 (truncated)...]
2026-09-14T00:03:10.218+08:00 DEBUG 7617 --- [dance-game] [nio-8080-exec-8] o.s.web.servlet.DispatcherServlet        : Completed 200 OK
2026-09-14T00:03:10.221+08:00 DEBUG 7617 --- [dance-game] [nio-8080-exec-7] o.s.web.servlet.DispatcherServlet        : GET "/game/matchParticipant/list?matchId=2099005719677562885&pageNum=1&pageSize=99", parameters={masked}
2026-09-14T00:03:10.222+08:00 DEBUG 7617 --- [dance-game] [nio-8080-exec-7] s.w.s.m.m.a.RequestMappingHandlerMapping : Mapped to com.dance.street.game.controller.TMatchParticipantController#list(TMatchParticipantBo, PageQuery)
2026-09-14T00:03:10.223+08:00 DEBUG 7617 --- [dance-game] [nio-8080-exec-5] m.m.a.RequestResponseBodyMethodProcessor : Using 'application/json', given [application/json, text/plain, */*] and supported [application/json, application/*+json]
2026-09-14T00:03:10.223+08:00 DEBUG 7617 --- [dance-game] [nio-8080-exec-5] m.m.a.RequestResponseBodyMethodProcessor : Writing [R(code=200, msg=操作成功, data=PreBracketVo(stageId=2099004009060036610, stageName=8强, stageMode=KNOCKOU (truncated)...]
2026-09-14T00:03:10.223+08:00 DEBUG 7617 --- [dance-game] [nio-8080-exec-5] o.s.web.servlet.DispatcherServlet        : Completed 200 OK
2026-09-14T00:03:10.228+08:00 DEBUG 7617 --- [dance-game] [nio-8080-exec-7] m.m.a.RequestResponseBodyMethodProcessor : Using 'application/json', given [application/json, text/plain, */*] and supported [application/json, application/*+json]
2026-09-14T00:03:10.228+08:00 DEBUG 7617 --- [dance-game] [nio-8080-exec-7] m.m.a.RequestResponseBodyMethodProcessor : Writing [TableDataInfo(total=2, data=[TMatchParticipantVo(id=2099005719681757187, tournamentId=20990040088964 (truncated)...]
2026-09-14T00:03:10.229+08:00 DEBUG 7617 --- [dance-game] [nio-8080-exec-3] o.s.web.servlet.DispatcherServlet        : GET "/game/matchParticipant/list?matchId=2099005719681757189&pageNum=1&pageSize=99", parameters={masked}
2026-09-14T00:03:10.229+08:00 DEBUG 7617 --- [dance-game] [nio-8080-exec-7] o.s.web.servlet.DispatcherServlet        : Completed 200 OK
2026-09-14T00:03:10.229+08:00 DEBUG 7617 --- [dance-game] [nio-8080-exec-3] s.w.s.m.m.a.RequestMappingHandlerMapping : Mapped to com.dance.street.game.controller.TMatchParticipantController#list(TMatchParticipantBo, PageQuery)
2026-09-14T00:03:10.232+08:00 DEBUG 7617 --- [dance-game] [nio-8080-exec-6] o.s.web.servlet.DispatcherServlet        : GET "/game/matchParticipant/list?matchId=2099005719681757193&pageNum=1&pageSize=99", parameters={masked}
2026-09-14T00:03:10.232+08:00 DEBUG 7617 --- [dance-game] [nio-8080-exec-6] s.w.s.m.m.a.RequestMappingHandlerMapping : Mapped to com.dance.street.game.controller.TMatchParticipantController#list(TMatchParticipantBo, PageQuery)
2026-09-14T00:03:10.232+08:00 DEBUG 7617 --- [dance-game] [nio-8080-exec-3] m.m.a.RequestResponseBodyMethodProcessor : Using 'application/json', given [application/json, text/plain, */*] and supported [application/json, application/*+json]
2026-09-14T00:03:10.232+08:00 DEBUG 7617 --- [dance-game] [nio-8080-exec-3] m.m.a.RequestResponseBodyMethodProcessor : Writing [TableDataInfo(total=2, data=[TMatchParticipantVo(id=2099005719681757191, tournamentId=20990040088964 (truncated)...]
2026-09-14T00:03:10.232+08:00 DEBUG 7617 --- [dance-game] [nio-8080-exec-3] o.s.web.servlet.DispatcherServlet        : Completed 200 OK
2026-09-14T00:03:10.235+08:00 DEBUG 7617 --- [dance-game] [nio-8080-exec-6] m.m.a.RequestResponseBodyMethodProcessor : Using 'application/json', given [application/json, text/plain, */*] and supported [application/json, application/*+json]
2026-09-14T00:03:10.235+08:00 DEBUG 7617 --- [dance-game] [nio-8080-exec-6] m.m.a.RequestResponseBodyMethodProcessor : Writing [TableDataInfo(total=2, data=[TMatchParticipantVo(id=2099005719681757195, tournamentId=20990040088964 (truncated)...]
2026-09-14T00:03:10.235+08:00 DEBUG 7617 --- [dance-game] [nio-8080-exec-6] o.s.web.servlet.DispatcherServlet        : Completed 200 OK
2026-09-14T00:03:10.235+08:00 DEBUG 7617 --- [dance-game] [nio-8080-exec-1] o.s.web.servlet.DispatcherServlet        : GET "/game/matchParticipant/list?matchId=2099005719681757197&pageNum=1&pageSize=99", parameters={masked}
2026-09-14T00:03:10.235+08:00 DEBUG 7617 --- [dance-game] [nio-8080-exec-1] s.w.s.m.m.a.RequestMappingHandlerMapping : Mapped to com.dance.street.game.controller.TMatchParticipantController#list(TMatchParticipantBo, PageQuery)
2026-09-14T00:03:10.238+08:00 DEBUG 7617 --- [dance-game] [io-8080-exec-10] o.s.web.servlet.DispatcherServlet        : GET "/game/matchParticipant/list?matchId=2099005719681757201&pageNum=1&pageSize=99", parameters={masked}
2026-09-14T00:03:10.238+08:00 DEBUG 7617 --- [dance-game] [io-8080-exec-10] s.w.s.m.m.a.RequestMappingHandlerMapping : Mapped to com.dance.street.game.controller.TMatchParticipantController#list(TMatchParticipantBo, PageQuery)
2026-09-14T00:03:10.239+08:00 DEBUG 7617 --- [dance-game] [nio-8080-exec-1] m.m.a.RequestResponseBodyMethodProcessor : Using 'application/json', given [application/json, text/plain, */*] and supported [application/json, application/*+json]
2026-09-14T00:03:10.239+08:00 DEBUG 7617 --- [dance-game] [nio-8080-exec-1] m.m.a.RequestResponseBodyMethodProcessor : Writing [TableDataInfo(total=2, data=[TMatchParticipantVo(id=2099005719681757199, tournamentId=20990040088964 (truncated)...]
2026-09-14T00:03:10.239+08:00 DEBUG 7617 --- [dance-game] [nio-8080-exec-1] o.s.web.servlet.DispatcherServlet        : Completed 200 OK
2026-09-14T00:03:10.242+08:00 DEBUG 7617 --- [dance-game] [io-8080-exec-10] m.m.a.RequestResponseBodyMethodProcessor : Using 'application/json', given [application/json, text/plain, */*] and supported [application/json, application/*+json]
2026-09-14T00:03:10.242+08:00 DEBUG 7617 --- [dance-game] [io-8080-exec-10] m.m.a.RequestResponseBodyMethodProcessor : Writing [TableDataInfo(total=2, data=[TMatchParticipantVo(id=2099005719681757203, tournamentId=20990040088964 (truncated)...]
2026-09-14T00:03:10.242+08:00 DEBUG 7617 --- [dance-game] [io-8080-exec-10] o.s.web.servlet.DispatcherServlet        : Completed 200 OK
2026-09-14T00:03:10.243+08:00 DEBUG 7617 --- [dance-game] [nio-8080-exec-9] o.s.web.servlet.DispatcherServlet        : GET "/game/matchParticipant/list?matchId=2099005719685951490&pageNum=1&pageSize=99", parameters={masked}
2026-09-14T00:03:10.243+08:00 DEBUG 7617 --- [dance-game] [nio-8080-exec-9] s.w.s.m.m.a.RequestMappingHandlerMapping : Mapped to com.dance.street.game.controller.TMatchParticipantController#list(TMatchParticipantBo, PageQuery)
2026-09-14T00:03:10.245+08:00 DEBUG 7617 --- [dance-game] [nio-8080-exec-2] o.s.web.servlet.DispatcherServlet        : GET "/game/matchParticipant/list?matchId=2099005719685951494&pageNum=1&pageSize=99", parameters={masked}
2026-09-14T00:03:10.245+08:00 DEBUG 7617 --- [dance-game] [nio-8080-exec-2] s.w.s.m.m.a.RequestMappingHandlerMapping : Mapped to com.dance.street.game.controller.TMatchParticipantController#list(TMatchParticipantBo, PageQuery)
2026-09-14T00:03:10.249+08:00 DEBUG 7617 --- [dance-game] [nio-8080-exec-2] m.m.a.RequestResponseBodyMethodProcessor : Using 'application/json', given [application/json, text/plain, */*] and supported [application/json, application/*+json]
2026-09-14T00:03:10.249+08:00 DEBUG 7617 --- [dance-game] [nio-8080-exec-9] m.m.a.RequestResponseBodyMethodProcessor : Using 'application/json', given [application/json, text/plain, */*] and supported [application/json, application/*+json]
2026-09-14T00:03:10.249+08:00 DEBUG 7617 --- [dance-game] [nio-8080-exec-2] m.m.a.RequestResponseBodyMethodProcessor : Writing [TableDataInfo(total=2, data=[TMatchParticipantVo(id=2099005719685951496, tournamentId=20990040088964 (truncated)...]
2026-09-14T00:03:10.249+08:00 DEBUG 7617 --- [dance-game] [nio-8080-exec-9] m.m.a.RequestResponseBodyMethodProcessor : Writing [TableDataInfo(total=2, data=[TMatchParticipantVo(id=2099005719685951492, tournamentId=20990040088964 (truncated)...]
2026-09-14T00:03:10.249+08:00 DEBUG 7617 --- [dance-game] [nio-8080-exec-2] o.s.web.servlet.DispatcherServlet        : Completed 200 OK
2026-09-14T00:03:10.249+08:00 DEBUG 7617 --- [dance-game] [nio-8080-exec-9] o.s.web.servlet.DispatcherServlet        : Completed 200 OK
2026-09-14T00:03:12.259+08:00 DEBUG 7617 --- [dance-game] [nio-8080-exec-4] o.s.web.servlet.DispatcherServlet        : GET "/game/tournament/2099004008896458754", parameters={}
2026-09-14T00:03:12.259+08:00 DEBUG 7617 --- [dance-game] [nio-8080-exec-8] o.s.web.servlet.DispatcherServlet        : PUT "/game/visWidget", parameters={}
2026-09-14T00:03:12.260+08:00 DEBUG 7617 --- [dance-game] [nio-8080-exec-8] s.w.s.m.m.a.RequestMappingHandlerMapping : Mapped to com.dance.street.game.controller.TVisWidgetController#edit(TVisWidgetBo)
2026-09-14T00:03:12.261+08:00 DEBUG 7617 --- [dance-game] [nio-8080-exec-4] s.w.s.m.m.a.RequestMappingHandlerMapping : Mapped to com.dance.street.game.controller.TTournamentController#getInfo(Long)
2026-09-14T00:03:12.265+08:00 DEBUG 7617 --- [dance-game] [nio-8080-exec-4] m.m.a.RequestResponseBodyMethodProcessor : Using 'application/json', given [application/json, text/plain, */*] and supported [application/json, application/*+json]
2026-09-14T00:03:12.265+08:00 DEBUG 7617 --- [dance-game] [nio-8080-exec-4] m.m.a.RequestResponseBodyMethodProcessor : Writing [R(code=200, msg=操作成功, data=TTournamentVo(id=2099004008896458754, name=345, coverImage=, coverImageUr (truncated)...]
2026-09-14T00:03:12.266+08:00 DEBUG 7617 --- [dance-game] [nio-8080-exec-4] o.s.web.servlet.DispatcherServlet        : Completed 200 OK
2026-09-14T00:03:12.271+08:00 DEBUG 7617 --- [dance-game] [nio-8080-exec-5] o.s.web.servlet.DispatcherServlet        : GET "/game/stage/flow/2099004008896458754", parameters={}
2026-09-14T00:03:12.272+08:00 DEBUG 7617 --- [dance-game] [nio-8080-exec-5] s.w.s.m.m.a.RequestMappingHandlerMapping : Mapped to com.dance.street.game.controller.TStageController#flow(Long)
2026-09-14T00:03:12.276+08:00 DEBUG 7617 --- [dance-game] [nio-8080-exec-5] m.m.a.RequestResponseBodyMethodProcessor : Using 'application/json', given [application/json, text/plain, */*] and supported [application/json, application/*+json]
2026-09-14T00:03:12.277+08:00 DEBUG 7617 --- [dance-game] [nio-8080-exec-5] m.m.a.RequestResponseBodyMethodProcessor : Writing [R(code=200, msg=操作成功, data=StageFlowVo(stages=[StageFlowVo.StageFlowItem(id=2099004008971956226, nam (truncated)...]
2026-09-14T00:03:12.277+08:00 DEBUG 7617 --- [dance-game] [nio-8080-exec-5] o.s.web.servlet.DispatcherServlet        : Completed 200 OK
2026-09-14T00:03:12.284+08:00 DEBUG 7617 --- [dance-game] [nio-8080-exec-8] m.m.a.RequestResponseBodyMethodProcessor : Read "application/json;charset=UTF-8" to [TVisWidgetBo(id=2099004009190060033, tournamentId=2099004008896458754, sceneId=2099004009122951170,  (truncated)...]
2026-09-14T00:03:12.308+08:00  INFO 7617 --- [dance-game] [nio-8080-exec-8] o.d.c.s.l.TournamentSseTopicListener     : 赛事SSE主题订阅收到消息screenIds=[6e03f4fd-dfc4-4b49-a391-293c6a30a2d8] terminalIds=null message={"sceneId":"2099004009122951170","type":"sceneUpdate"}
2026-09-14T00:03:12.310+08:00  INFO 7617 --- [dance-game] [nio-8080-exec-8] o.d.c.s.c.TournamentSseEmitterManager    : SSE发送主题订阅消息topic:global:sse:screen screenIds:[6e03f4fd-dfc4-4b49-a391-293c6a30a2d8] terminalIds:null message:{"sceneId":"2099004009122951170","type":"sceneUpdate"}
2026-09-14T00:03:12.310+08:00  INFO 7617 --- [dance-game] [nio-8080-exec-8] o.d.c.s.c.TournamentSseEmitterManager    : 发送场景更新通知到赛事所有屏幕 tournamentId:2099004008896458754 sceneId:2099004009122951170 screenIds:[6e03f4fd-dfc4-4b49-a391-293c6a30a2d8]
2026-09-14T00:03:12.311+08:00 DEBUG 7617 --- [dance-game] [nio-8080-exec-8] m.m.a.RequestResponseBodyMethodProcessor : Using 'application/json', given [application/json, text/plain, */*] and supported [application/json, application/*+json]
2026-09-14T00:03:12.311+08:00 DEBUG 7617 --- [dance-game] [nio-8080-exec-8] m.m.a.RequestResponseBodyMethodProcessor : Writing [R(code=200, msg=操作成功, data=TVisWidgetVo(id=2099004009190060033, tournamentId=2099004008896458754, sc (truncated)...]
2026-09-14T00:03:12.311+08:00 DEBUG 7617 --- [dance-game] [nio-8080-exec-8] o.s.web.servlet.DispatcherServlet        : Completed 200 OK
2026-09-14T00:03:18.671+08:00 DEBUG 7617 --- [dance-game] [nio-8080-exec-3] o.s.web.servlet.DispatcherServlet        : GET "/game/stage/2099004009043259394", parameters={}
2026-09-14T00:03:18.671+08:00 DEBUG 7617 --- [dance-game] [nio-8080-exec-7] o.s.web.servlet.DispatcherServlet        : GET "/game/stage/list?tournamentId=2099004008896458754", parameters={masked}
2026-09-14T00:03:18.672+08:00 DEBUG 7617 --- [dance-game] [nio-8080-exec-7] s.w.s.m.m.a.RequestMappingHandlerMapping : Mapped to com.dance.street.game.controller.TStageController#list(TStageBo, PageQuery)
2026-09-14T00:03:18.672+08:00 DEBUG 7617 --- [dance-game] [nio-8080-exec-3] s.w.s.m.m.a.RequestMappingHandlerMapping : Mapped to com.dance.street.game.controller.TStageController#getInfo(Long)
2026-09-14T00:03:18.676+08:00 DEBUG 7617 --- [dance-game] [nio-8080-exec-3] m.m.a.RequestResponseBodyMethodProcessor : Using 'application/json', given [application/json, text/plain, */*] and supported [application/json, application/*+json]
2026-09-14T00:03:18.677+08:00 DEBUG 7617 --- [dance-game] [nio-8080-exec-3] m.m.a.RequestResponseBodyMethodProcessor : Writing [R(code=200, msg=操作成功, data=TStageVo(id=2099004009043259394, tournamentId=2099004008896458754, prevSt (truncated)...]
2026-09-14T00:03:18.677+08:00 DEBUG 7617 --- [dance-game] [nio-8080-exec-3] o.s.web.servlet.DispatcherServlet        : Completed 200 OK
2026-09-14T00:03:18.685+08:00 DEBUG 7617 --- [dance-game] [nio-8080-exec-6] o.s.web.servlet.DispatcherServlet        : GET "/game/tournament/2099004008896458754", parameters={}
2026-09-14T00:03:18.685+08:00 DEBUG 7617 --- [dance-game] [nio-8080-exec-6] s.w.s.m.m.a.RequestMappingHandlerMapping : Mapped to com.dance.street.game.controller.TTournamentController#getInfo(Long)
2026-09-14T00:03:18.687+08:00 DEBUG 7617 --- [dance-game] [nio-8080-exec-6] m.m.a.RequestResponseBodyMethodProcessor : Using 'application/json', given [application/json, text/plain, */*] and supported [application/json, application/*+json]
2026-09-14T00:03:18.687+08:00 DEBUG 7617 --- [dance-game] [nio-8080-exec-6] m.m.a.RequestResponseBodyMethodProcessor : Writing [R(code=200, msg=操作成功, data=TTournamentVo(id=2099004008896458754, name=345, coverImage=, coverImageUr (truncated)...]
2026-09-14T00:03:18.687+08:00 DEBUG 7617 --- [dance-game] [nio-8080-exec-6] o.s.web.servlet.DispatcherServlet        : Completed 200 OK
2026-09-14T00:03:18.692+08:00 DEBUG 7617 --- [dance-game] [nio-8080-exec-7] m.m.a.RequestResponseBodyMethodProcessor : Using 'application/json', given [application/json, text/plain, */*] and supported [application/json, application/*+json]
2026-09-14T00:03:18.693+08:00 DEBUG 7617 --- [dance-game] [nio-8080-exec-7] m.m.a.RequestResponseBodyMethodProcessor : Writing [TableDataInfo(total=5, data=[TStageVo(id=2099004008971956226, tournamentId=2099004008896458754, prev (truncated)...]
2026-09-14T00:03:18.693+08:00 DEBUG 7617 --- [dance-game] [nio-8080-exec-7] o.s.web.servlet.DispatcherServlet        : Completed 200 OK
2026-09-14T00:03:18.694+08:00 DEBUG 7617 --- [dance-game] [nio-8080-exec-1] o.s.web.servlet.DispatcherServlet        : GET "/game/competitor/list?stageId=2099004009043259394&pageNum=1&pageSize=999", parameters={masked}
2026-09-14T00:03:18.694+08:00 DEBUG 7617 --- [dance-game] [nio-8080-exec-1] s.w.s.m.m.a.RequestMappingHandlerMapping : Mapped to com.dance.street.game.controller.TCompetitorController#list(TCompetitorBo, PageQuery)
2026-09-14T00:03:18.703+08:00 DEBUG 7617 --- [dance-game] [nio-8080-exec-1] m.m.a.RequestResponseBodyMethodProcessor : Using 'application/json', given [application/json, text/plain, */*] and supported [application/json, application/*+json]
2026-09-14T00:03:18.703+08:00 DEBUG 7617 --- [dance-game] [nio-8080-exec-1] m.m.a.RequestResponseBodyMethodProcessor : Writing [TableDataInfo(total=16, data=[TCompetitorVo(id=2099005659438968833, tournamentId=2099004008896458754 (truncated)...]
2026-09-14T00:03:18.703+08:00 DEBUG 7617 --- [dance-game] [nio-8080-exec-1] o.s.web.servlet.DispatcherServlet        : Completed 200 OK
2026-09-14T00:03:18.709+08:00 DEBUG 7617 --- [dance-game] [io-8080-exec-10] o.s.web.servlet.DispatcherServlet        : GET "/game/match/list?stageId=2099004009043259394&pageNum=1&pageSize=999", parameters={masked}
2026-09-14T00:03:18.709+08:00 DEBUG 7617 --- [dance-game] [io-8080-exec-10] s.w.s.m.m.a.RequestMappingHandlerMapping : Mapped to com.dance.street.game.controller.TMatchController#list(TMatchBo, PageQuery)
2026-09-14T00:03:18.718+08:00 DEBUG 7617 --- [dance-game] [io-8080-exec-10] m.m.a.RequestResponseBodyMethodProcessor : Using 'application/json', given [application/json, text/plain, */*] and supported [application/json, application/*+json]
2026-09-14T00:03:18.718+08:00 DEBUG 7617 --- [dance-game] [io-8080-exec-10] m.m.a.RequestResponseBodyMethodProcessor : Writing [TableDataInfo(total=8, data=[TMatchVo(id=2099005719677562881, tournamentId=2099004008896458754, stag (truncated)...]
2026-09-14T00:03:18.719+08:00 DEBUG 7617 --- [dance-game] [io-8080-exec-10] o.s.web.servlet.DispatcherServlet        : Completed 200 OK
2026-09-14T00:03:18.726+08:00 DEBUG 7617 --- [dance-game] [nio-8080-exec-9] o.s.web.servlet.DispatcherServlet        : GET "/game/matchParticipant/list?matchId=2099005719677562885&pageNum=1&pageSize=99", parameters={masked}
2026-09-14T00:03:18.726+08:00 DEBUG 7617 --- [dance-game] [nio-8080-exec-2] o.s.web.servlet.DispatcherServlet        : GET "/game/matchParticipant/list?matchId=2099005719677562881&pageNum=1&pageSize=99", parameters={masked}
2026-09-14T00:03:18.726+08:00 DEBUG 7617 --- [dance-game] [nio-8080-exec-2] s.w.s.m.m.a.RequestMappingHandlerMapping : Mapped to com.dance.street.game.controller.TMatchParticipantController#list(TMatchParticipantBo, PageQuery)
2026-09-14T00:03:18.726+08:00 DEBUG 7617 --- [dance-game] [nio-8080-exec-9] s.w.s.m.m.a.RequestMappingHandlerMapping : Mapped to com.dance.street.game.controller.TMatchParticipantController#list(TMatchParticipantBo, PageQuery)
2026-09-14T00:03:18.730+08:00 DEBUG 7617 --- [dance-game] [nio-8080-exec-2] m.m.a.RequestResponseBodyMethodProcessor : Using 'application/json', given [application/json, text/plain, */*] and supported [application/json, application/*+json]
2026-09-14T00:03:18.730+08:00 DEBUG 7617 --- [dance-game] [nio-8080-exec-9] m.m.a.RequestResponseBodyMethodProcessor : Using 'application/json', given [application/json, text/plain, */*] and supported [application/json, application/*+json]
2026-09-14T00:03:18.730+08:00 DEBUG 7617 --- [dance-game] [nio-8080-exec-2] m.m.a.RequestResponseBodyMethodProcessor : Writing [TableDataInfo(total=2, data=[TMatchParticipantVo(id=2099005719677562883, tournamentId=20990040088964 (truncated)...]
2026-09-14T00:03:18.730+08:00 DEBUG 7617 --- [dance-game] [nio-8080-exec-9] m.m.a.RequestResponseBodyMethodProcessor : Writing [TableDataInfo(total=2, data=[TMatchParticipantVo(id=2099005719681757187, tournamentId=20990040088964 (truncated)...]
2026-09-14T00:03:18.730+08:00 DEBUG 7617 --- [dance-game] [nio-8080-exec-9] o.s.web.servlet.DispatcherServlet        : Completed 200 OK
2026-09-14T00:03:18.730+08:00 DEBUG 7617 --- [dance-game] [nio-8080-exec-2] o.s.web.servlet.DispatcherServlet        : Completed 200 OK
2026-09-14T00:03:18.733+08:00 DEBUG 7617 --- [dance-game] [nio-8080-exec-4] o.s.web.servlet.DispatcherServlet        : GET "/game/matchParticipant/list?matchId=2099005719681757193&pageNum=1&pageSize=99", parameters={masked}
2026-09-14T00:03:18.733+08:00 DEBUG 7617 --- [dance-game] [nio-8080-exec-5] o.s.web.servlet.DispatcherServlet        : GET "/game/matchParticipant/list?matchId=2099005719681757189&pageNum=1&pageSize=99", parameters={masked}
2026-09-14T00:03:18.733+08:00 DEBUG 7617 --- [dance-game] [nio-8080-exec-4] s.w.s.m.m.a.RequestMappingHandlerMapping : Mapped to com.dance.street.game.controller.TMatchParticipantController#list(TMatchParticipantBo, PageQuery)
2026-09-14T00:03:18.733+08:00 DEBUG 7617 --- [dance-game] [nio-8080-exec-5] s.w.s.m.m.a.RequestMappingHandlerMapping : Mapped to com.dance.street.game.controller.TMatchParticipantController#list(TMatchParticipantBo, PageQuery)
2026-09-14T00:03:18.737+08:00 DEBUG 7617 --- [dance-game] [nio-8080-exec-4] m.m.a.RequestResponseBodyMethodProcessor : Using 'application/json', given [application/json, text/plain, */*] and supported [application/json, application/*+json]
2026-09-14T00:03:18.737+08:00 DEBUG 7617 --- [dance-game] [nio-8080-exec-5] m.m.a.RequestResponseBodyMethodProcessor : Using 'application/json', given [application/json, text/plain, */*] and supported [application/json, application/*+json]
2026-09-14T00:03:18.737+08:00 DEBUG 7617 --- [dance-game] [nio-8080-exec-4] m.m.a.RequestResponseBodyMethodProcessor : Writing [TableDataInfo(total=2, data=[TMatchParticipantVo(id=2099005719681757195, tournamentId=20990040088964 (truncated)...]
2026-09-14T00:03:18.737+08:00 DEBUG 7617 --- [dance-game] [nio-8080-exec-5] m.m.a.RequestResponseBodyMethodProcessor : Writing [TableDataInfo(total=2, data=[TMatchParticipantVo(id=2099005719681757191, tournamentId=20990040088964 (truncated)...]
2026-09-14T00:03:18.737+08:00 DEBUG 7617 --- [dance-game] [nio-8080-exec-5] o.s.web.servlet.DispatcherServlet        : Completed 200 OK
2026-09-14T00:03:18.737+08:00 DEBUG 7617 --- [dance-game] [nio-8080-exec-4] o.s.web.servlet.DispatcherServlet        : Completed 200 OK
2026-09-14T00:03:18.741+08:00 DEBUG 7617 --- [dance-game] [nio-8080-exec-3] o.s.web.servlet.DispatcherServlet        : GET "/game/matchParticipant/list?matchId=2099005719681757201&pageNum=1&pageSize=99", parameters={masked}
2026-09-14T00:03:18.741+08:00 DEBUG 7617 --- [dance-game] [nio-8080-exec-8] o.s.web.servlet.DispatcherServlet        : GET "/game/matchParticipant/list?matchId=2099005719681757197&pageNum=1&pageSize=99", parameters={masked}
2026-09-14T00:03:18.741+08:00 DEBUG 7617 --- [dance-game] [nio-8080-exec-3] s.w.s.m.m.a.RequestMappingHandlerMapping : Mapped to com.dance.street.game.controller.TMatchParticipantController#list(TMatchParticipantBo, PageQuery)
2026-09-14T00:03:18.741+08:00 DEBUG 7617 --- [dance-game] [nio-8080-exec-8] s.w.s.m.m.a.RequestMappingHandlerMapping : Mapped to com.dance.street.game.controller.TMatchParticipantController#list(TMatchParticipantBo, PageQuery)
2026-09-14T00:03:18.744+08:00 DEBUG 7617 --- [dance-game] [nio-8080-exec-3] m.m.a.RequestResponseBodyMethodProcessor : Using 'application/json', given [application/json, text/plain, */*] and supported [application/json, application/*+json]
2026-09-14T00:03:18.744+08:00 DEBUG 7617 --- [dance-game] [nio-8080-exec-8] m.m.a.RequestResponseBodyMethodProcessor : Using 'application/json', given [application/json, text/plain, */*] and supported [application/json, application/*+json]
2026-09-14T00:03:18.744+08:00 DEBUG 7617 --- [dance-game] [nio-8080-exec-3] m.m.a.RequestResponseBodyMethodProcessor : Writing [TableDataInfo(total=2, data=[TMatchParticipantVo(id=2099005719681757203, tournamentId=20990040088964 (truncated)...]
2026-09-14T00:03:18.744+08:00 DEBUG 7617 --- [dance-game] [nio-8080-exec-8] m.m.a.RequestResponseBodyMethodProcessor : Writing [TableDataInfo(total=2, data=[TMatchParticipantVo(id=2099005719681757199, tournamentId=20990040088964 (truncated)...]
2026-09-14T00:03:18.744+08:00 DEBUG 7617 --- [dance-game] [nio-8080-exec-8] o.s.web.servlet.DispatcherServlet        : Completed 200 OK
2026-09-14T00:03:18.744+08:00 DEBUG 7617 --- [dance-game] [nio-8080-exec-3] o.s.web.servlet.DispatcherServlet        : Completed 200 OK
2026-09-14T00:03:18.748+08:00 DEBUG 7617 --- [dance-game] [nio-8080-exec-6] o.s.web.servlet.DispatcherServlet        : GET "/game/matchParticipant/list?matchId=2099005719685951494&pageNum=1&pageSize=99", parameters={masked}
2026-09-14T00:03:18.748+08:00 DEBUG 7617 --- [dance-game] [nio-8080-exec-7] o.s.web.servlet.DispatcherServlet        : GET "/game/matchParticipant/list?matchId=2099005719685951490&pageNum=1&pageSize=99", parameters={masked}
2026-09-14T00:03:18.748+08:00 DEBUG 7617 --- [dance-game] [nio-8080-exec-6] s.w.s.m.m.a.RequestMappingHandlerMapping : Mapped to com.dance.street.game.controller.TMatchParticipantController#list(TMatchParticipantBo, PageQuery)
2026-09-14T00:03:18.748+08:00 DEBUG 7617 --- [dance-game] [nio-8080-exec-7] s.w.s.m.m.a.RequestMappingHandlerMapping : Mapped to com.dance.street.game.controller.TMatchParticipantController#list(TMatchParticipantBo, PageQuery)
2026-09-14T00:03:18.751+08:00 DEBUG 7617 --- [dance-game] [nio-8080-exec-7] m.m.a.RequestResponseBodyMethodProcessor : Using 'application/json', given [application/json, text/plain, */*] and supported [application/json, application/*+json]
2026-09-14T00:03:18.751+08:00 DEBUG 7617 --- [dance-game] [nio-8080-exec-6] m.m.a.RequestResponseBodyMethodProcessor : Using 'application/json', given [application/json, text/plain, */*] and supported [application/json, application/*+json]
2026-09-14T00:03:18.751+08:00 DEBUG 7617 --- [dance-game] [nio-8080-exec-7] m.m.a.RequestResponseBodyMethodProcessor : Writing [TableDataInfo(total=2, data=[TMatchParticipantVo(id=2099005719685951492, tournamentId=20990040088964 (truncated)...]
2026-09-14T00:03:18.751+08:00 DEBUG 7617 --- [dance-game] [nio-8080-exec-6] m.m.a.RequestResponseBodyMethodProcessor : Writing [TableDataInfo(total=2, data=[TMatchParticipantVo(id=2099005719685951496, tournamentId=20990040088964 (truncated)...]
2026-09-14T00:03:18.751+08:00 DEBUG 7617 --- [dance-game] [nio-8080-exec-6] o.s.web.servlet.DispatcherServlet        : Completed 200 OK
2026-09-14T00:03:18.751+08:00 DEBUG 7617 --- [dance-game] [nio-8080-exec-7] o.s.web.servlet.DispatcherServlet        : Completed 200 OK
2026-09-14T00:03:20.893+08:00 DEBUG 7617 --- [dance-game] [nio-8080-exec-1] o.s.web.servlet.DispatcherServlet        : PUT "/game/visWidget", parameters={}
2026-09-14T00:03:20.894+08:00 DEBUG 7617 --- [dance-game] [nio-8080-exec-1] s.w.s.m.m.a.RequestMappingHandlerMapping : Mapped to com.dance.street.game.controller.TVisWidgetController#edit(TVisWidgetBo)
2026-09-14T00:03:20.899+08:00 DEBUG 7617 --- [dance-game] [nio-8080-exec-1] m.m.a.RequestResponseBodyMethodProcessor : Read "application/json;charset=UTF-8" to [TVisWidgetBo(id=2099004009169088513, tournamentId=2099004008896458754, sceneId=2099004009122951170,  (truncated)...]
2026-09-14T00:03:20.905+08:00  INFO 7617 --- [dance-game] [nio-8080-exec-1] o.d.c.s.l.TournamentSseTopicListener     : 赛事SSE主题订阅收到消息screenIds=[6e03f4fd-dfc4-4b49-a391-293c6a30a2d8] terminalIds=null message={"sceneId":"2099004009122951170","type":"sceneUpdate"}
2026-09-14T00:03:20.906+08:00  INFO 7617 --- [dance-game] [nio-8080-exec-1] o.d.c.s.c.TournamentSseEmitterManager    : SSE发送主题订阅消息topic:global:sse:screen screenIds:[6e03f4fd-dfc4-4b49-a391-293c6a30a2d8] terminalIds:null message:{"sceneId":"2099004009122951170","type":"sceneUpdate"}
2026-09-14T00:03:20.906+08:00  INFO 7617 --- [dance-game] [nio-8080-exec-1] o.d.c.s.c.TournamentSseEmitterManager    : 发送场景更新通知到赛事所有屏幕 tournamentId:2099004008896458754 sceneId:2099004009122951170 screenIds:[6e03f4fd-dfc4-4b49-a391-293c6a30a2d8]
2026-09-14T00:03:20.907+08:00 DEBUG 7617 --- [dance-game] [nio-8080-exec-1] m.m.a.RequestResponseBodyMethodProcessor : Using 'application/json', given [application/json, text/plain, */*] and supported [application/json, application/*+json]
2026-09-14T00:03:20.907+08:00 DEBUG 7617 --- [dance-game] [nio-8080-exec-1] m.m.a.RequestResponseBodyMethodProcessor : Writing [R(code=200, msg=操作成功, data=TVisWidgetVo(id=2099004009169088513, tournamentId=2099004008896458754, sc (truncated)...]
2026-09-14T00:03:20.907+08:00 DEBUG 7617 --- [dance-game] [nio-8080-exec-1] o.s.web.servlet.DispatcherServlet        : Completed 200 OK
2026-09-14T00:03:26.041+08:00 DEBUG 7617 --- [dance-game] [io-8080-exec-10] o.s.web.servlet.DispatcherServlet        : PUT "/game/visWidget", parameters={}
2026-09-14T00:03:26.042+08:00 DEBUG 7617 --- [dance-game] [io-8080-exec-10] s.w.s.m.m.a.RequestMappingHandlerMapping : Mapped to com.dance.street.game.controller.TVisWidgetController#edit(TVisWidgetBo)
2026-09-14T00:03:26.043+08:00 DEBUG 7617 --- [dance-game] [io-8080-exec-10] m.m.a.RequestResponseBodyMethodProcessor : Read "application/json;charset=UTF-8" to [TVisWidgetBo(id=2099004009169088513, tournamentId=2099004008896458754, sceneId=2099004009122951170,  (truncated)...]
2026-09-14T00:03:26.049+08:00  INFO 7617 --- [dance-game] [io-8080-exec-10] o.d.c.s.l.TournamentSseTopicListener     : 赛事SSE主题订阅收到消息screenIds=[6e03f4fd-dfc4-4b49-a391-293c6a30a2d8] terminalIds=null message={"sceneId":"2099004009122951170","type":"sceneUpdate"}
2026-09-14T00:03:26.050+08:00  INFO 7617 --- [dance-game] [io-8080-exec-10] o.d.c.s.c.TournamentSseEmitterManager    : SSE发送主题订阅消息topic:global:sse:screen screenIds:[6e03f4fd-dfc4-4b49-a391-293c6a30a2d8] terminalIds:null message:{"sceneId":"2099004009122951170","type":"sceneUpdate"}
2026-09-14T00:03:26.050+08:00  INFO 7617 --- [dance-game] [io-8080-exec-10] o.d.c.s.c.TournamentSseEmitterManager    : 发送场景更新通知到赛事所有屏幕 tournamentId:2099004008896458754 sceneId:2099004009122951170 screenIds:[6e03f4fd-dfc4-4b49-a391-293c6a30a2d8]
2026-09-14T00:03:26.051+08:00 DEBUG 7617 --- [dance-game] [io-8080-exec-10] m.m.a.RequestResponseBodyMethodProcessor : Using 'application/json', given [application/json, text/plain, */*] and supported [application/json, application/*+json]
2026-09-14T00:03:26.051+08:00 DEBUG 7617 --- [dance-game] [io-8080-exec-10] m.m.a.RequestResponseBodyMethodProcessor : Writing [R(code=200, msg=操作成功, data=TVisWidgetVo(id=2099004009169088513, tournamentId=2099004008896458754, sc (truncated)...]
2026-09-14T00:03:26.052+08:00 DEBUG 7617 --- [dance-game] [io-8080-exec-10] o.s.web.servlet.DispatcherServlet        : Completed 200 OK
2026-09-14T00:03:27.009+08:00 DEBUG 7617 --- [dance-game] [nio-8080-exec-9] o.s.web.servlet.DispatcherServlet        : PUT "/game/visWidget", parameters={}
2026-09-14T00:03:27.009+08:00 DEBUG 7617 --- [dance-game] [nio-8080-exec-9] s.w.s.m.m.a.RequestMappingHandlerMapping : Mapped to com.dance.street.game.controller.TVisWidgetController#edit(TVisWidgetBo)
2026-09-14T00:03:27.010+08:00 DEBUG 7617 --- [dance-game] [nio-8080-exec-9] m.m.a.RequestResponseBodyMethodProcessor : Read "application/json;charset=UTF-8" to [TVisWidgetBo(id=2099004009169088513, tournamentId=2099004008896458754, sceneId=2099004009122951170,  (truncated)...]
2026-09-14T00:03:27.014+08:00  INFO 7617 --- [dance-game] [nio-8080-exec-9] o.d.c.s.l.TournamentSseTopicListener     : 赛事SSE主题订阅收到消息screenIds=[6e03f4fd-dfc4-4b49-a391-293c6a30a2d8] terminalIds=null message={"sceneId":"2099004009122951170","type":"sceneUpdate"}
2026-09-14T00:03:27.014+08:00  INFO 7617 --- [dance-game] [nio-8080-exec-9] o.d.c.s.c.TournamentSseEmitterManager    : SSE发送主题订阅消息topic:global:sse:screen screenIds:[6e03f4fd-dfc4-4b49-a391-293c6a30a2d8] terminalIds:null message:{"sceneId":"2099004009122951170","type":"sceneUpdate"}
2026-09-14T00:03:27.014+08:00  INFO 7617 --- [dance-game] [nio-8080-exec-9] o.d.c.s.c.TournamentSseEmitterManager    : 发送场景更新通知到赛事所有屏幕 tournamentId:2099004008896458754 sceneId:2099004009122951170 screenIds:[6e03f4fd-dfc4-4b49-a391-293c6a30a2d8]
2026-09-14T00:03:27.015+08:00 DEBUG 7617 --- [dance-game] [nio-8080-exec-9] m.m.a.RequestResponseBodyMethodProcessor : Using 'application/json', given [application/json, text/plain, */*] and supported [application/json, application/*+json]
2026-09-14T00:03:27.015+08:00 DEBUG 7617 --- [dance-game] [nio-8080-exec-9] m.m.a.RequestResponseBodyMethodProcessor : Writing [R(code=200, msg=操作成功, data=TVisWidgetVo(id=2099004009169088513, tournamentId=2099004008896458754, sc (truncated)...]
2026-09-14T00:03:27.016+08:00 DEBUG 7617 --- [dance-game] [nio-8080-exec-9] o.s.web.servlet.DispatcherServlet        : Completed 200 OK
2026-09-14T00:03:27.259+08:00 DEBUG 7617 --- [dance-game] [nio-8080-exec-2] o.s.web.servlet.DispatcherServlet        : PUT "/game/visWidget", parameters={}
2026-09-14T00:03:27.259+08:00 DEBUG 7617 --- [dance-game] [nio-8080-exec-2] s.w.s.m.m.a.RequestMappingHandlerMapping : Mapped to com.dance.street.game.controller.TVisWidgetController#edit(TVisWidgetBo)
2026-09-14T00:03:27.261+08:00 DEBUG 7617 --- [dance-game] [nio-8080-exec-2] m.m.a.RequestResponseBodyMethodProcessor : Read "application/json;charset=UTF-8" to [TVisWidgetBo(id=2099004009169088513, tournamentId=2099004008896458754, sceneId=2099004009122951170,  (truncated)...]
2026-09-14T00:03:27.267+08:00  INFO 7617 --- [dance-game] [nio-8080-exec-2] o.d.c.s.l.TournamentSseTopicListener     : 赛事SSE主题订阅收到消息screenIds=[6e03f4fd-dfc4-4b49-a391-293c6a30a2d8] terminalIds=null message={"sceneId":"2099004009122951170","type":"sceneUpdate"}
2026-09-14T00:03:27.267+08:00  INFO 7617 --- [dance-game] [nio-8080-exec-2] o.d.c.s.c.TournamentSseEmitterManager    : SSE发送主题订阅消息topic:global:sse:screen screenIds:[6e03f4fd-dfc4-4b49-a391-293c6a30a2d8] terminalIds:null message:{"sceneId":"2099004009122951170","type":"sceneUpdate"}
2026-09-14T00:03:27.267+08:00  INFO 7617 --- [dance-game] [nio-8080-exec-2] o.d.c.s.c.TournamentSseEmitterManager    : 发送场景更新通知到赛事所有屏幕 tournamentId:2099004008896458754 sceneId:2099004009122951170 screenIds:[6e03f4fd-dfc4-4b49-a391-293c6a30a2d8]
2026-09-14T00:03:27.268+08:00 DEBUG 7617 --- [dance-game] [nio-8080-exec-2] m.m.a.RequestResponseBodyMethodProcessor : Using 'application/json', given [application/json, text/plain, */*] and supported [application/json, application/*+json]
2026-09-14T00:03:27.269+08:00 DEBUG 7617 --- [dance-game] [nio-8080-exec-2] m.m.a.RequestResponseBodyMethodProcessor : Writing [R(code=200, msg=操作成功, data=TVisWidgetVo(id=2099004009169088513, tournamentId=2099004008896458754, sc (truncated)...]
2026-09-14T00:03:27.269+08:00 DEBUG 7617 --- [dance-game] [nio-8080-exec-2] o.s.web.servlet.DispatcherServlet        : Completed 200 OK
2026-09-14T00:03:28.225+08:00 DEBUG 7617 --- [dance-game] [nio-8080-exec-4] o.s.web.servlet.DispatcherServlet        : PUT "/game/visWidget", parameters={}
2026-09-14T00:03:28.225+08:00 DEBUG 7617 --- [dance-game] [nio-8080-exec-4] s.w.s.m.m.a.RequestMappingHandlerMapping : Mapped to com.dance.street.game.controller.TVisWidgetController#edit(TVisWidgetBo)
2026-09-14T00:03:28.249+08:00 DEBUG 7617 --- [dance-game] [nio-8080-exec-4] m.m.a.RequestResponseBodyMethodProcessor : Read "application/json;charset=UTF-8" to [TVisWidgetBo(id=2099004009169088513, tournamentId=2099004008896458754, sceneId=2099004009122951170,  (truncated)...]
2026-09-14T00:03:28.253+08:00  INFO 7617 --- [dance-game] [nio-8080-exec-4] o.d.c.s.l.TournamentSseTopicListener     : 赛事SSE主题订阅收到消息screenIds=[6e03f4fd-dfc4-4b49-a391-293c6a30a2d8] terminalIds=null message={"sceneId":"2099004009122951170","type":"sceneUpdate"}
2026-09-14T00:03:28.253+08:00  INFO 7617 --- [dance-game] [nio-8080-exec-4] o.d.c.s.c.TournamentSseEmitterManager    : SSE发送主题订阅消息topic:global:sse:screen screenIds:[6e03f4fd-dfc4-4b49-a391-293c6a30a2d8] terminalIds:null message:{"sceneId":"2099004009122951170","type":"sceneUpdate"}
2026-09-14T00:03:28.253+08:00  INFO 7617 --- [dance-game] [nio-8080-exec-4] o.d.c.s.c.TournamentSseEmitterManager    : 发送场景更新通知到赛事所有屏幕 tournamentId:2099004008896458754 sceneId:2099004009122951170 screenIds:[6e03f4fd-dfc4-4b49-a391-293c6a30a2d8]
2026-09-14T00:03:28.254+08:00 DEBUG 7617 --- [dance-game] [nio-8080-exec-4] m.m.a.RequestResponseBodyMethodProcessor : Using 'application/json', given [application/json, text/plain, */*] and supported [application/json, application/*+json]
2026-09-14T00:03:28.254+08:00 DEBUG 7617 --- [dance-game] [nio-8080-exec-4] m.m.a.RequestResponseBodyMethodProcessor : Writing [R(code=200, msg=操作成功, data=TVisWidgetVo(id=2099004009169088513, tournamentId=2099004008896458754, sc (truncated)...]
2026-09-14T00:03:28.254+08:00 DEBUG 7617 --- [dance-game] [nio-8080-exec-4] o.s.web.servlet.DispatcherServlet        : Completed 200 OK
2026-09-14T00:03:29.298+08:00 DEBUG 7617 --- [dance-game] [nio-8080-exec-5] o.s.web.servlet.DispatcherServlet        : PUT "/game/visWidget", parameters={}
2026-09-14T00:03:29.300+08:00 DEBUG 7617 --- [dance-game] [nio-8080-exec-5] s.w.s.m.m.a.RequestMappingHandlerMapping : Mapped to com.dance.street.game.controller.TVisWidgetController#edit(TVisWidgetBo)
2026-09-14T00:03:29.302+08:00 DEBUG 7617 --- [dance-game] [nio-8080-exec-5] m.m.a.RequestResponseBodyMethodProcessor : Read "application/json;charset=UTF-8" to [TVisWidgetBo(id=2099004009169088513, tournamentId=2099004008896458754, sceneId=2099004009122951170,  (truncated)...]
2026-09-14T00:03:29.307+08:00  INFO 7617 --- [dance-game] [nio-8080-exec-5] o.d.c.s.l.TournamentSseTopicListener     : 赛事SSE主题订阅收到消息screenIds=[6e03f4fd-dfc4-4b49-a391-293c6a30a2d8] terminalIds=null message={"sceneId":"2099004009122951170","type":"sceneUpdate"}
2026-09-14T00:03:29.307+08:00  INFO 7617 --- [dance-game] [nio-8080-exec-5] o.d.c.s.c.TournamentSseEmitterManager    : SSE发送主题订阅消息topic:global:sse:screen screenIds:[6e03f4fd-dfc4-4b49-a391-293c6a30a2d8] terminalIds:null message:{"sceneId":"2099004009122951170","type":"sceneUpdate"}
2026-09-14T00:03:29.308+08:00  INFO 7617 --- [dance-game] [nio-8080-exec-5] o.d.c.s.c.TournamentSseEmitterManager    : 发送场景更新通知到赛事所有屏幕 tournamentId:2099004008896458754 sceneId:2099004009122951170 screenIds:[6e03f4fd-dfc4-4b49-a391-293c6a30a2d8]
2026-09-14T00:03:29.309+08:00 DEBUG 7617 --- [dance-game] [nio-8080-exec-5] m.m.a.RequestResponseBodyMethodProcessor : Using 'application/json', given [application/json, text/plain, */*] and supported [application/json, application/*+json]
2026-09-14T00:03:29.309+08:00 DEBUG 7617 --- [dance-game] [nio-8080-exec-5] m.m.a.RequestResponseBodyMethodProcessor : Writing [R(code=200, msg=操作成功, data=TVisWidgetVo(id=2099004009169088513, tournamentId=2099004008896458754, sc (truncated)...]
2026-09-14T00:03:29.309+08:00 DEBUG 7617 --- [dance-game] [nio-8080-exec-5] o.s.web.servlet.DispatcherServlet        : Completed 200 OK
2026-09-14T00:03:46.402+08:00 DEBUG 7617 --- [dance-game] [nio-8080-exec-3] o.s.w.c.request.async.WebAsyncManager    : Servlet container error notification for "/tournament/screen/control"
2026-09-14T00:03:46.402+08:00 DEBUG 7617 --- [dance-game] [schedule-pool-6] o.s.w.c.request.async.WebAsyncManager    : Async result set for "/tournament/screen/control"
2026-09-14T00:03:46.403+08:00 DEBUG 7617 --- [dance-game] [schedule-pool-6] o.s.w.c.request.async.WebAsyncManager    : Performing async dispatch for "/tournament/screen/control"
2026-09-14T00:03:46.407+08:00 DEBUG 7617 --- [dance-game] [nio-8080-exec-3] o.s.web.servlet.DispatcherServlet        : "ASYNC" dispatch for GET "/tournament/screen/control?authKey=c305874284074dd1bcc6f344539dcaf6&clientid=e5cd7e4891bf95d1d19206ce24a7b32e&screenIds=28f712bf-5ebc-4734-8d85-fec9e1b6fc8d&terminalId=terminal_1789315374502_7aurft0c31s&tournamentId=2099013250185527297", parameters={masked}
2026-09-14T00:03:46.418+08:00 DEBUG 7617 --- [dance-game] [nio-8080-exec-3] s.w.s.m.m.a.RequestMappingHandlerAdapter : Resume with async result [org.springframework.web.context.request.async.AsyncRequestNotUsableException: Response not usable af (truncated)...]
2026-09-14T00:03:46.429+08:00 DEBUG 7617 --- [dance-game] [nio-8080-exec-3] .m.m.a.ExceptionHandlerExceptionResolver : Using @ExceptionHandler org.dromara.common.web.handler.GlobalExceptionHandler#handleIoException(IOException, HttpServletRequest)
2026-09-14T00:03:46.430+08:00 ERROR 7617 --- [dance-game] [nio-8080-exec-3] o.d.c.w.handler.GlobalExceptionHandler   : 请求地址'/tournament/screen/control',连接中断

org.springframework.web.context.request.async.AsyncRequestNotUsableException: Response not usable after response errors.
	at org.springframework.web.context.request.async.StandardServletAsyncWebRequest$LifecycleHttpServletResponse.obtainLockOrRaiseException(StandardServletAsyncWebRequest.java:332) ~[spring-web-7.0.8.jar!/:7.0.8]
	at org.springframework.web.context.request.async.StandardServletAsyncWebRequest$LifecycleHttpServletResponse.flushBuffer(StandardServletAsyncWebRequest.java:314) ~[spring-web-7.0.8.jar!/:7.0.8]
	at org.springframework.http.server.ServletServerHttpResponse.flush(ServletServerHttpResponse.java:126) ~[spring-web-7.0.8.jar!/:7.0.8]
	at org.springframework.http.server.DelegatingServerHttpResponse.flush(DelegatingServerHttpResponse.java:61) ~[spring-web-7.0.8.jar!/:7.0.8]
	at org.springframework.web.servlet.mvc.method.annotation.ResponseBodyEmitterReturnValueHandler$DefaultSseEmitterHandler.complete(ResponseBodyEmitterReturnValueHandler.java:320) ~[spring-webmvc-7.0.8.jar!/:7.0.8]
	at org.springframework.web.servlet.mvc.method.annotation.ResponseBodyEmitter.complete(ResponseBodyEmitter.java:280) ~[spring-webmvc-7.0.8.jar!/:7.0.8]
	at org.dromara.common.sse.core.TournamentSseEmitterManager.lambda$notifyManagerViewerStatus$9(TournamentSseEmitterManager.java:336) ~[!/:0.0.1-SNAPSHOT]
	at java.base/java.util.concurrent.ConcurrentHashMap.forEach(ConcurrentHashMap.java:1603) ~[na:na]
	at org.dromara.common.sse.core.TournamentSseEmitterManager.notifyManagerViewerStatus(TournamentSseEmitterManager.java:328) ~[!/:0.0.1-SNAPSHOT]
	at org.dromara.common.sse.core.TournamentSseEmitterManager.lambda$sseMonitor$13(TournamentSseEmitterManager.java:620) ~[!/:0.0.1-SNAPSHOT]
	at java.base/java.util.concurrent.ConcurrentHashMap.forEach(ConcurrentHashMap.java:1603) ~[na:na]
	at org.dromara.common.sse.core.TournamentSseEmitterManager.sseMonitor(TournamentSseEmitterManager.java:607) ~[!/:0.0.1-SNAPSHOT]
	at java.base/java.util.concurrent.Executors$RunnableAdapter.call(Executors.java:572) ~[na:na]
	at java.base/java.util.concurrent.FutureTask.runAndReset(FutureTask.java:358) ~[na:na]
	at java.base/java.util.concurrent.ScheduledThreadPoolExecutor$ScheduledFutureTask.run(ScheduledThreadPoolExecutor.java:305) ~[na:na]
	at java.base/java.util.concurrent.ThreadPoolExecutor.runWorker(ThreadPoolExecutor.java:1144) ~[na:na]
	at java.base/java.util.concurrent.ThreadPoolExecutor$Worker.run(ThreadPoolExecutor.java:642) ~[na:na]
	at java.base/java.lang.Thread.run(Thread.java:1583) ~[na:na]

2026-09-14T00:03:46.433+08:00 DEBUG 7617 --- [dance-game] [nio-8080-exec-3] o.s.w.s.handler.DisconnectedClient       : Looks like the client has gone away: org.springframework.web.context.request.async.AsyncRequestNotUsableException: Response not usable after response errors. (For a full stack trace, set the log category 'org.apache.commons.logging.impl.Slf4jLogFactory$Slf4jLocationAwareLog@208ef7ca' to TRACE level.)
2026-09-14T00:03:46.434+08:00 DEBUG 7617 --- [dance-game] [nio-8080-exec-3] o.s.web.servlet.DispatcherServlet        : Exiting from "ASYNC" dispatch, status 200
2026-09-14T00:04:25.919+08:00 DEBUG 7617 --- [dance-game] [nio-8080-exec-8] o.s.web.servlet.DispatcherServlet        : POST "/resource/oss/upload", parameters={multipart}
2026-09-14T00:04:25.973+08:00 DEBUG 7617 --- [dance-game] [nio-8080-exec-8] s.w.s.m.m.a.RequestMappingHandlerMapping : Mapped to org.dromara.common.file.controller.ResourceController#upload(MultipartFile)
2026-09-14T00:04:25.984+08:00 DEBUG 7617 --- [dance-game] [nio-8080-exec-8] m.m.a.RequestResponseBodyMethodProcessor : Using 'application/json', given [application/json, text/plain, */*] and supported [application/json, application/*+json]
2026-09-14T00:04:25.984+08:00 DEBUG 7617 --- [dance-game] [nio-8080-exec-8] m.m.a.RequestResponseBodyMethodProcessor : Writing [R(code=200, msg=操作成功, data={size=260126, name=avatar.png, url=/uploads/2026/09/14/78b37da567504729b2 (truncated)...]
2026-09-14T00:04:25.986+08:00 DEBUG 7617 --- [dance-game] [nio-8080-exec-8] o.s.web.servlet.DispatcherServlet        : Completed 200 OK
2026-09-14T00:04:25.995+08:00 DEBUG 7617 --- [dance-game] [nio-8080-exec-6] o.s.web.servlet.DispatcherServlet        : GET "/uploads/2026/09/14/78b37da567504729b212b857a174202c.png", parameters={}
2026-09-14T00:04:25.997+08:00 DEBUG 7617 --- [dance-game] [nio-8080-exec-7] o.s.web.servlet.DispatcherServlet        : PUT "/game/player", parameters={}
2026-09-14T00:04:25.997+08:00 DEBUG 7617 --- [dance-game] [nio-8080-exec-6] o.s.w.s.handler.SimpleUrlHandlerMapping  : Mapped to ResourceHttpRequestHandler [URL [file:/Users/duane/dance-battle/upload/]]
2026-09-14T00:04:25.997+08:00 DEBUG 7617 --- [dance-game] [nio-8080-exec-7] s.w.s.m.m.a.RequestMappingHandlerMapping : Mapped to com.dance.street.game.controller.TPlayerController#edit(TPlayerBo)
2026-09-14T00:04:26.003+08:00 DEBUG 7617 --- [dance-game] [nio-8080-exec-7] m.m.a.RequestResponseBodyMethodProcessor : Read "application/json;charset=UTF-8" to [TPlayerBo(id=2099004926236880897, tournamentId=2099004008896458754, name=选手1, avatar=/uploads/2026/0 (truncated)...]
2026-09-14T00:04:26.007+08:00 DEBUG 7617 --- [dance-game] [nio-8080-exec-6] o.s.web.cors.DefaultCorsProcessor        : Skip: no CORS configuration has been provided
2026-09-14T00:04:26.010+08:00 DEBUG 7617 --- [dance-game] [nio-8080-exec-6] o.s.web.servlet.DispatcherServlet        : Completed 200 OK
2026-09-14T00:04:26.035+08:00 DEBUG 7617 --- [dance-game] [nio-8080-exec-7] m.m.a.RequestResponseBodyMethodProcessor : Using 'application/json', given [application/json, text/plain, */*] and supported [application/json, application/*+json]
2026-09-14T00:04:26.035+08:00 DEBUG 7617 --- [dance-game] [nio-8080-exec-7] m.m.a.RequestResponseBodyMethodProcessor : Writing [R(code=200, msg=操作成功, data=TPlayerVo(id=2099004926236880897, tournamentId=2099004008896458754, name= (truncated)...]
2026-09-14T00:04:26.035+08:00 DEBUG 7617 --- [dance-game] [nio-8080-exec-7] o.s.web.servlet.DispatcherServlet        : Completed 200 OK
2026-09-14T00:04:26.064+08:00 DEBUG 7617 --- [dance-game] [nio-8080-exec-1] o.s.web.servlet.DispatcherServlet        : GET "/game/stage/2099004008971956226", parameters={}
2026-09-14T00:04:26.064+08:00 DEBUG 7617 --- [dance-game] [nio-8080-exec-1] s.w.s.m.m.a.RequestMappingHandlerMapping : Mapped to com.dance.street.game.controller.TStageController#getInfo(Long)
2026-09-14T00:04:26.068+08:00 DEBUG 7617 --- [dance-game] [nio-8080-exec-1] m.m.a.RequestResponseBodyMethodProcessor : Using 'application/json', given [application/json, text/plain, */*] and supported [application/json, application/*+json]
2026-09-14T00:04:26.069+08:00 DEBUG 7617 --- [dance-game] [nio-8080-exec-1] m.m.a.RequestResponseBodyMethodProcessor : Writing [R(code=200, msg=操作成功, data=TStageVo(id=2099004008971956226, tournamentId=2099004008896458754, prevSt (truncated)...]
2026-09-14T00:04:26.069+08:00 DEBUG 7617 --- [dance-game] [nio-8080-exec-1] o.s.web.servlet.DispatcherServlet        : Completed 200 OK
2026-09-14T00:04:26.102+08:00 DEBUG 7617 --- [dance-game] [nio-8080-exec-9] o.s.web.servlet.DispatcherServlet        : GET "/game/player/list?tournamentId=2099004008896458754&pageNum=1&pageSize=1000", parameters={masked}
2026-09-14T00:04:26.102+08:00 DEBUG 7617 --- [dance-game] [io-8080-exec-10] o.s.web.servlet.DispatcherServlet        : GET "/game/competitor/list?tournamentId=2099004008896458754&stageId=2099004008971956226&pageNum=1&pageSize=1000", parameters={masked}
2026-09-14T00:04:26.103+08:00 DEBUG 7617 --- [dance-game] [nio-8080-exec-9] s.w.s.m.m.a.RequestMappingHandlerMapping : Mapped to com.dance.street.game.controller.TPlayerController#list(TPlayerBo, PageQuery)
2026-09-14T00:04:26.103+08:00 DEBUG 7617 --- [dance-game] [io-8080-exec-10] s.w.s.m.m.a.RequestMappingHandlerMapping : Mapped to com.dance.street.game.controller.TCompetitorController#list(TCompetitorBo, PageQuery)
2026-09-14T00:04:26.119+08:00 DEBUG 7617 --- [dance-game] [nio-8080-exec-9] m.m.a.RequestResponseBodyMethodProcessor : Using 'application/json', given [application/json, text/plain, */*] and supported [application/json, application/*+json]
2026-09-14T00:04:26.120+08:00 DEBUG 7617 --- [dance-game] [nio-8080-exec-9] m.m.a.RequestResponseBodyMethodProcessor : Writing [TableDataInfo(total=19, data=[TPlayerVo(id=2099004926236880897, tournamentId=2099004008896458754, na (truncated)...]
2026-09-14T00:04:26.121+08:00 DEBUG 7617 --- [dance-game] [nio-8080-exec-9] o.s.web.servlet.DispatcherServlet        : Completed 200 OK
2026-09-14T00:04:26.125+08:00 DEBUG 7617 --- [dance-game] [io-8080-exec-10] m.m.a.RequestResponseBodyMethodProcessor : Using 'application/json', given [application/json, text/plain, */*] and supported [application/json, application/*+json]
2026-09-14T00:04:26.126+08:00 DEBUG 7617 --- [dance-game] [io-8080-exec-10] m.m.a.RequestResponseBodyMethodProcessor : Writing [TableDataInfo(total=19, data=[TCompetitorVo(id=2099004943664214018, tournamentId=2099004008896458754 (truncated)...]
2026-09-14T00:04:26.127+08:00 DEBUG 7617 --- [dance-game] [io-8080-exec-10] o.s.web.servlet.DispatcherServlet        : Completed 200 OK
2026-09-14T00:04:26.127+08:00 DEBUG 7617 --- [dance-game] [nio-8080-exec-2] o.s.web.servlet.DispatcherServlet        : GET "/game/stage/2099004008971956226", parameters={}
2026-09-14T00:04:26.128+08:00 DEBUG 7617 --- [dance-game] [nio-8080-exec-2] s.w.s.m.m.a.RequestMappingHandlerMapping : Mapped to com.dance.street.game.controller.TStageController#getInfo(Long)
2026-09-14T00:04:26.130+08:00 DEBUG 7617 --- [dance-game] [nio-8080-exec-2] m.m.a.RequestResponseBodyMethodProcessor : Using 'application/json', given [application/json, text/plain, */*] and supported [application/json, application/*+json]
2026-09-14T00:04:26.130+08:00 DEBUG 7617 --- [dance-game] [nio-8080-exec-2] m.m.a.RequestResponseBodyMethodProcessor : Writing [R(code=200, msg=操作成功, data=TStageVo(id=2099004008971956226, tournamentId=2099004008896458754, prevSt (truncated)...]
2026-09-14T00:04:26.130+08:00 DEBUG 7617 --- [dance-game] [nio-8080-exec-2] o.s.web.servlet.DispatcherServlet        : Completed 200 OK
2026-09-14T00:04:26.134+08:00 DEBUG 7617 --- [dance-game] [nio-8080-exec-4] o.s.web.servlet.DispatcherServlet        : POST "/game/stage/2099004008971956226/ensure-circle-slots", parameters={}
2026-09-14T00:04:26.134+08:00 DEBUG 7617 --- [dance-game] [nio-8080-exec-4] s.w.s.m.m.a.RequestMappingHandlerMapping : Mapped to com.dance.street.game.controller.TStageController#ensureCircleSlots(Long)
2026-09-14T00:04:26.136+08:00 DEBUG 7617 --- [dance-game] [nio-8080-exec-4] m.m.a.RequestResponseBodyMethodProcessor : Using 'application/json', given [application/json, text/plain, */*] and supported [application/json, application/*+json]
2026-09-14T00:04:26.136+08:00 DEBUG 7617 --- [dance-game] [nio-8080-exec-4] m.m.a.RequestResponseBodyMethodProcessor : Writing [R(code=200, msg=操作成功, data=null)]
2026-09-14T00:04:26.136+08:00 DEBUG 7617 --- [dance-game] [nio-8080-exec-4] o.s.web.servlet.DispatcherServlet        : Completed 200 OK
2026-09-14T00:04:26.141+08:00 DEBUG 7617 --- [dance-game] [nio-8080-exec-5] o.s.web.servlet.DispatcherServlet        : GET "/game/match/list?stageId=2099004008971956226&pageNum=1&pageSize=99", parameters={masked}
2026-09-14T00:04:26.141+08:00 DEBUG 7617 --- [dance-game] [nio-8080-exec-5] s.w.s.m.m.a.RequestMappingHandlerMapping : Mapped to com.dance.street.game.controller.TMatchController#list(TMatchBo, PageQuery)
2026-09-14T00:04:26.151+08:00 DEBUG 7617 --- [dance-game] [nio-8080-exec-5] m.m.a.RequestResponseBodyMethodProcessor : Using 'application/json', given [application/json, text/plain, */*] and supported [application/json, application/*+json]
2026-09-14T00:04:26.151+08:00 DEBUG 7617 --- [dance-game] [nio-8080-exec-5] m.m.a.RequestResponseBodyMethodProcessor : Writing [TableDataInfo(total=1, data=[TMatchVo(id=2099005479637544961, tournamentId=2099004008896458754, stag (truncated)...]
2026-09-14T00:04:26.152+08:00 DEBUG 7617 --- [dance-game] [nio-8080-exec-5] o.s.web.servlet.DispatcherServlet        : Completed 200 OK
2026-09-14T00:04:34.255+08:00 DEBUG 7617 --- [dance-game] [nio-8080-exec-3] o.s.web.servlet.DispatcherServlet        : PUT "/game/visWidget", parameters={}
2026-09-14T00:04:34.255+08:00 DEBUG 7617 --- [dance-game] [nio-8080-exec-8] o.s.web.servlet.DispatcherServlet        : GET "/game/tournament/2099004008896458754", parameters={}
2026-09-14T00:04:34.260+08:00 DEBUG 7617 --- [dance-game] [nio-8080-exec-8] s.w.s.m.m.a.RequestMappingHandlerMapping : Mapped to com.dance.street.game.controller.TTournamentController#getInfo(Long)
2026-09-14T00:04:34.261+08:00 DEBUG 7617 --- [dance-game] [nio-8080-exec-3] s.w.s.m.m.a.RequestMappingHandlerMapping : Mapped to com.dance.street.game.controller.TVisWidgetController#edit(TVisWidgetBo)
2026-09-14T00:04:34.267+08:00 DEBUG 7617 --- [dance-game] [nio-8080-exec-3] m.m.a.RequestResponseBodyMethodProcessor : Read "application/json;charset=UTF-8" to [TVisWidgetBo(id=2099004009190060033, tournamentId=2099004008896458754, sceneId=2099004009122951170,  (truncated)...]
2026-09-14T00:04:34.272+08:00 DEBUG 7617 --- [dance-game] [nio-8080-exec-8] m.m.a.RequestResponseBodyMethodProcessor : Using 'application/json', given [application/json, text/plain, */*] and supported [application/json, application/*+json]
2026-09-14T00:04:34.272+08:00 DEBUG 7617 --- [dance-game] [nio-8080-exec-8] m.m.a.RequestResponseBodyMethodProcessor : Writing [R(code=200, msg=操作成功, data=TTournamentVo(id=2099004008896458754, name=345, coverImage=, coverImageUr (truncated)...]
2026-09-14T00:04:34.273+08:00 DEBUG 7617 --- [dance-game] [nio-8080-exec-8] o.s.web.servlet.DispatcherServlet        : Completed 200 OK
2026-09-14T00:04:34.276+08:00  INFO 7617 --- [dance-game] [nio-8080-exec-3] o.d.c.s.l.TournamentSseTopicListener     : 赛事SSE主题订阅收到消息screenIds=[6e03f4fd-dfc4-4b49-a391-293c6a30a2d8] terminalIds=null message={"sceneId":"2099004009122951170","type":"sceneUpdate"}
2026-09-14T00:04:34.276+08:00  INFO 7617 --- [dance-game] [nio-8080-exec-3] o.d.c.s.c.TournamentSseEmitterManager    : SSE发送主题订阅消息topic:global:sse:screen screenIds:[6e03f4fd-dfc4-4b49-a391-293c6a30a2d8] terminalIds:null message:{"sceneId":"2099004009122951170","type":"sceneUpdate"}
2026-09-14T00:04:34.276+08:00  INFO 7617 --- [dance-game] [nio-8080-exec-3] o.d.c.s.c.TournamentSseEmitterManager    : 发送场景更新通知到赛事所有屏幕 tournamentId:2099004008896458754 sceneId:2099004009122951170 screenIds:[6e03f4fd-dfc4-4b49-a391-293c6a30a2d8]
2026-09-14T00:04:34.277+08:00 DEBUG 7617 --- [dance-game] [nio-8080-exec-3] m.m.a.RequestResponseBodyMethodProcessor : Using 'application/json', given [application/json, text/plain, */*] and supported [application/json, application/*+json]
2026-09-14T00:04:34.277+08:00 DEBUG 7617 --- [dance-game] [nio-8080-exec-3] m.m.a.RequestResponseBodyMethodProcessor : Writing [R(code=200, msg=操作成功, data=TVisWidgetVo(id=2099004009190060033, tournamentId=2099004008896458754, sc (truncated)...]
2026-09-14T00:04:34.277+08:00 DEBUG 7617 --- [dance-game] [nio-8080-exec-3] o.s.web.servlet.DispatcherServlet        : Completed 200 OK
2026-09-14T00:04:34.282+08:00 DEBUG 7617 --- [dance-game] [nio-8080-exec-6] o.s.web.servlet.DispatcherServlet        : GET "/game/stage/flow/2099004008896458754", parameters={}
2026-09-14T00:04:34.282+08:00 DEBUG 7617 --- [dance-game] [nio-8080-exec-6] s.w.s.m.m.a.RequestMappingHandlerMapping : Mapped to com.dance.street.game.controller.TStageController#flow(Long)
2026-09-14T00:04:34.285+08:00 DEBUG 7617 --- [dance-game] [nio-8080-exec-6] m.m.a.RequestResponseBodyMethodProcessor : Using 'application/json', given [application/json, text/plain, */*] and supported [application/json, application/*+json]
2026-09-14T00:04:34.285+08:00 DEBUG 7617 --- [dance-game] [nio-8080-exec-6] m.m.a.RequestResponseBodyMethodProcessor : Writing [R(code=200, msg=操作成功, data=StageFlowVo(stages=[StageFlowVo.StageFlowItem(id=2099004008971956226, nam (truncated)...]
2026-09-14T00:04:34.285+08:00 DEBUG 7617 --- [dance-game] [nio-8080-exec-6] o.s.web.servlet.DispatcherServlet        : Completed 200 OK
2026-09-14T00:04:37.531+08:00 DEBUG 7617 --- [dance-game] [nio-8080-exec-7] o.s.web.servlet.DispatcherServlet        : GET "/game/stage/list?tournamentId=2099004008896458754", parameters={masked}
2026-09-14T00:04:37.533+08:00 DEBUG 7617 --- [dance-game] [nio-8080-exec-7] s.w.s.m.m.a.RequestMappingHandlerMapping : Mapped to com.dance.street.game.controller.TStageController#list(TStageBo, PageQuery)
2026-09-14T00:04:37.537+08:00 DEBUG 7617 --- [dance-game] [nio-8080-exec-1] o.s.web.servlet.DispatcherServlet        : GET "/game/stage/2099004009043259394", parameters={}
2026-09-14T00:04:37.539+08:00 DEBUG 7617 --- [dance-game] [nio-8080-exec-1] s.w.s.m.m.a.RequestMappingHandlerMapping : Mapped to com.dance.street.game.controller.TStageController#getInfo(Long)
2026-09-14T00:04:37.551+08:00 DEBUG 7617 --- [dance-game] [nio-8080-exec-1] m.m.a.RequestResponseBodyMethodProcessor : Using 'application/json', given [application/json, text/plain, */*] and supported [application/json, application/*+json]
2026-09-14T00:04:37.551+08:00 DEBUG 7617 --- [dance-game] [nio-8080-exec-1] m.m.a.RequestResponseBodyMethodProcessor : Writing [R(code=200, msg=操作成功, data=TStageVo(id=2099004009043259394, tournamentId=2099004008896458754, prevSt (truncated)...]
2026-09-14T00:04:37.552+08:00 DEBUG 7617 --- [dance-game] [nio-8080-exec-1] o.s.web.servlet.DispatcherServlet        : Completed 200 OK
2026-09-14T00:04:37.562+08:00 DEBUG 7617 --- [dance-game] [nio-8080-exec-9] o.s.web.servlet.DispatcherServlet        : GET "/game/tournament/2099004008896458754", parameters={}
2026-09-14T00:04:37.562+08:00 DEBUG 7617 --- [dance-game] [nio-8080-exec-9] s.w.s.m.m.a.RequestMappingHandlerMapping : Mapped to com.dance.street.game.controller.TTournamentController#getInfo(Long)
2026-09-14T00:04:37.563+08:00 DEBUG 7617 --- [dance-game] [nio-8080-exec-9] m.m.a.RequestResponseBodyMethodProcessor : Using 'application/json', given [application/json, text/plain, */*] and supported [application/json, application/*+json]
2026-09-14T00:04:37.564+08:00 DEBUG 7617 --- [dance-game] [nio-8080-exec-9] m.m.a.RequestResponseBodyMethodProcessor : Writing [R(code=200, msg=操作成功, data=TTournamentVo(id=2099004008896458754, name=345, coverImage=, coverImageUr (truncated)...]
2026-09-14T00:04:37.564+08:00 DEBUG 7617 --- [dance-game] [nio-8080-exec-9] o.s.web.servlet.DispatcherServlet        : Completed 200 OK
2026-09-14T00:04:37.567+08:00 DEBUG 7617 --- [dance-game] [nio-8080-exec-7] m.m.a.RequestResponseBodyMethodProcessor : Using 'application/json', given [application/json, text/plain, */*] and supported [application/json, application/*+json]
2026-09-14T00:04:37.568+08:00 DEBUG 7617 --- [dance-game] [nio-8080-exec-7] m.m.a.RequestResponseBodyMethodProcessor : Writing [TableDataInfo(total=5, data=[TStageVo(id=2099004008971956226, tournamentId=2099004008896458754, prev (truncated)...]
2026-09-14T00:04:37.568+08:00 DEBUG 7617 --- [dance-game] [nio-8080-exec-7] o.s.web.servlet.DispatcherServlet        : Completed 200 OK
2026-09-14T00:04:37.571+08:00 DEBUG 7617 --- [dance-game] [io-8080-exec-10] o.s.web.servlet.DispatcherServlet        : GET "/game/competitor/list?stageId=2099004009043259394&pageNum=1&pageSize=999", parameters={masked}
2026-09-14T00:04:37.571+08:00 DEBUG 7617 --- [dance-game] [io-8080-exec-10] s.w.s.m.m.a.RequestMappingHandlerMapping : Mapped to com.dance.street.game.controller.TCompetitorController#list(TCompetitorBo, PageQuery)
2026-09-14T00:04:37.581+08:00 DEBUG 7617 --- [dance-game] [io-8080-exec-10] m.m.a.RequestResponseBodyMethodProcessor : Using 'application/json', given [application/json, text/plain, */*] and supported [application/json, application/*+json]
2026-09-14T00:04:37.582+08:00 DEBUG 7617 --- [dance-game] [io-8080-exec-10] m.m.a.RequestResponseBodyMethodProcessor : Writing [TableDataInfo(total=16, data=[TCompetitorVo(id=2099005659438968833, tournamentId=2099004008896458754 (truncated)...]
2026-09-14T00:04:37.582+08:00 DEBUG 7617 --- [dance-game] [io-8080-exec-10] o.s.web.servlet.DispatcherServlet        : Completed 200 OK
2026-09-14T00:04:37.587+08:00 DEBUG 7617 --- [dance-game] [nio-8080-exec-2] o.s.web.servlet.DispatcherServlet        : GET "/game/match/list?stageId=2099004009043259394&pageNum=1&pageSize=999", parameters={masked}
2026-09-14T00:04:37.587+08:00 DEBUG 7617 --- [dance-game] [nio-8080-exec-2] s.w.s.m.m.a.RequestMappingHandlerMapping : Mapped to com.dance.street.game.controller.TMatchController#list(TMatchBo, PageQuery)
2026-09-14T00:04:37.598+08:00 DEBUG 7617 --- [dance-game] [nio-8080-exec-2] m.m.a.RequestResponseBodyMethodProcessor : Using 'application/json', given [application/json, text/plain, */*] and supported [application/json, application/*+json]
2026-09-14T00:04:37.598+08:00 DEBUG 7617 --- [dance-game] [nio-8080-exec-2] m.m.a.RequestResponseBodyMethodProcessor : Writing [TableDataInfo(total=8, data=[TMatchVo(id=2099005719677562881, tournamentId=2099004008896458754, stag (truncated)...]
2026-09-14T00:04:37.599+08:00 DEBUG 7617 --- [dance-game] [nio-8080-exec-2] o.s.web.servlet.DispatcherServlet        : Completed 200 OK
2026-09-14T00:04:37.605+08:00 DEBUG 7617 --- [dance-game] [nio-8080-exec-4] o.s.web.servlet.DispatcherServlet        : GET "/game/matchParticipant/list?matchId=2099005719677562881&pageNum=1&pageSize=99", parameters={masked}
2026-09-14T00:04:37.605+08:00 DEBUG 7617 --- [dance-game] [nio-8080-exec-5] o.s.web.servlet.DispatcherServlet        : GET "/game/matchParticipant/list?matchId=2099005719677562885&pageNum=1&pageSize=99", parameters={masked}
2026-09-14T00:04:37.605+08:00 DEBUG 7617 --- [dance-game] [nio-8080-exec-4] s.w.s.m.m.a.RequestMappingHandlerMapping : Mapped to com.dance.street.game.controller.TMatchParticipantController#list(TMatchParticipantBo, PageQuery)
2026-09-14T00:04:37.605+08:00 DEBUG 7617 --- [dance-game] [nio-8080-exec-5] s.w.s.m.m.a.RequestMappingHandlerMapping : Mapped to com.dance.street.game.controller.TMatchParticipantController#list(TMatchParticipantBo, PageQuery)
2026-09-14T00:04:37.609+08:00 DEBUG 7617 --- [dance-game] [nio-8080-exec-4] m.m.a.RequestResponseBodyMethodProcessor : Using 'application/json', given [application/json, text/plain, */*] and supported [application/json, application/*+json]
2026-09-14T00:04:37.609+08:00 DEBUG 7617 --- [dance-game] [nio-8080-exec-5] m.m.a.RequestResponseBodyMethodProcessor : Using 'application/json', given [application/json, text/plain, */*] and supported [application/json, application/*+json]
2026-09-14T00:04:37.609+08:00 DEBUG 7617 --- [dance-game] [nio-8080-exec-5] m.m.a.RequestResponseBodyMethodProcessor : Writing [TableDataInfo(total=2, data=[TMatchParticipantVo(id=2099005719681757187, tournamentId=20990040088964 (truncated)...]
2026-09-14T00:04:37.609+08:00 DEBUG 7617 --- [dance-game] [nio-8080-exec-4] m.m.a.RequestResponseBodyMethodProcessor : Writing [TableDataInfo(total=2, data=[TMatchParticipantVo(id=2099005719677562883, tournamentId=20990040088964 (truncated)...]
2026-09-14T00:04:37.610+08:00 DEBUG 7617 --- [dance-game] [nio-8080-exec-5] o.s.web.servlet.DispatcherServlet        : Completed 200 OK
2026-09-14T00:04:37.610+08:00 DEBUG 7617 --- [dance-game] [nio-8080-exec-4] o.s.web.servlet.DispatcherServlet        : Completed 200 OK
2026-09-14T00:04:37.621+08:00 DEBUG 7617 --- [dance-game] [nio-8080-exec-8] o.s.web.servlet.DispatcherServlet        : GET "/game/matchParticipant/list?matchId=2099005719681757189&pageNum=1&pageSize=99", parameters={masked}
2026-09-14T00:04:37.621+08:00 DEBUG 7617 --- [dance-game] [nio-8080-exec-8] s.w.s.m.m.a.RequestMappingHandlerMapping : Mapped to com.dance.street.game.controller.TMatchParticipantController#list(TMatchParticipantBo, PageQuery)
2026-09-14T00:04:37.628+08:00 DEBUG 7617 --- [dance-game] [nio-8080-exec-8] m.m.a.RequestResponseBodyMethodProcessor : Using 'application/json', given [application/json, text/plain, */*] and supported [application/json, application/*+json]
2026-09-14T00:04:37.628+08:00 DEBUG 7617 --- [dance-game] [nio-8080-exec-8] m.m.a.RequestResponseBodyMethodProcessor : Writing [TableDataInfo(total=2, data=[TMatchParticipantVo(id=2099005719681757191, tournamentId=20990040088964 (truncated)...]
2026-09-14T00:04:37.628+08:00 DEBUG 7617 --- [dance-game] [nio-8080-exec-8] o.s.web.servlet.DispatcherServlet        : Completed 200 OK
2026-09-14T00:04:37.631+08:00 DEBUG 7617 --- [dance-game] [nio-8080-exec-3] o.s.web.servlet.DispatcherServlet        : GET "/game/matchParticipant/list?matchId=2099005719681757193&pageNum=1&pageSize=99", parameters={masked}
2026-09-14T00:04:37.631+08:00 DEBUG 7617 --- [dance-game] [nio-8080-exec-3] s.w.s.m.m.a.RequestMappingHandlerMapping : Mapped to com.dance.street.game.controller.TMatchParticipantController#list(TMatchParticipantBo, PageQuery)
2026-09-14T00:04:37.633+08:00 DEBUG 7617 --- [dance-game] [nio-8080-exec-6] o.s.web.servlet.DispatcherServlet        : GET "/game/matchParticipant/list?matchId=2099005719681757197&pageNum=1&pageSize=99", parameters={masked}
2026-09-14T00:04:37.633+08:00 DEBUG 7617 --- [dance-game] [nio-8080-exec-6] s.w.s.m.m.a.RequestMappingHandlerMapping : Mapped to com.dance.street.game.controller.TMatchParticipantController#list(TMatchParticipantBo, PageQuery)
2026-09-14T00:04:37.651+08:00 DEBUG 7617 --- [dance-game] [nio-8080-exec-3] m.m.a.RequestResponseBodyMethodProcessor : Using 'application/json', given [application/json, text/plain, */*] and supported [application/json, application/*+json]
2026-09-14T00:04:37.651+08:00 DEBUG 7617 --- [dance-game] [nio-8080-exec-3] m.m.a.RequestResponseBodyMethodProcessor : Writing [TableDataInfo(total=2, data=[TMatchParticipantVo(id=2099005719681757195, tournamentId=20990040088964 (truncated)...]
2026-09-14T00:04:37.651+08:00 DEBUG 7617 --- [dance-game] [nio-8080-exec-3] o.s.web.servlet.DispatcherServlet        : Completed 200 OK
2026-09-14T00:04:37.656+08:00 DEBUG 7617 --- [dance-game] [nio-8080-exec-6] m.m.a.RequestResponseBodyMethodProcessor : Using 'application/json', given [application/json, text/plain, */*] and supported [application/json, application/*+json]
2026-09-14T00:04:37.656+08:00 DEBUG 7617 --- [dance-game] [nio-8080-exec-6] m.m.a.RequestResponseBodyMethodProcessor : Writing [TableDataInfo(total=2, data=[TMatchParticipantVo(id=2099005719681757199, tournamentId=20990040088964 (truncated)...]
2026-09-14T00:04:37.656+08:00 DEBUG 7617 --- [dance-game] [nio-8080-exec-1] o.s.web.servlet.DispatcherServlet        : GET "/game/matchParticipant/list?matchId=2099005719681757201&pageNum=1&pageSize=99", parameters={masked}
2026-09-14T00:04:37.656+08:00 DEBUG 7617 --- [dance-game] [nio-8080-exec-6] o.s.web.servlet.DispatcherServlet        : Completed 200 OK
2026-09-14T00:04:37.656+08:00 DEBUG 7617 --- [dance-game] [nio-8080-exec-1] s.w.s.m.m.a.RequestMappingHandlerMapping : Mapped to com.dance.street.game.controller.TMatchParticipantController#list(TMatchParticipantBo, PageQuery)
2026-09-14T00:04:37.661+08:00 DEBUG 7617 --- [dance-game] [nio-8080-exec-9] o.s.web.servlet.DispatcherServlet        : GET "/game/matchParticipant/list?matchId=2099005719685951490&pageNum=1&pageSize=99", parameters={masked}
2026-09-14T00:04:37.661+08:00 DEBUG 7617 --- [dance-game] [nio-8080-exec-9] s.w.s.m.m.a.RequestMappingHandlerMapping : Mapped to com.dance.street.game.controller.TMatchParticipantController#list(TMatchParticipantBo, PageQuery)
2026-09-14T00:04:37.661+08:00 DEBUG 7617 --- [dance-game] [nio-8080-exec-1] m.m.a.RequestResponseBodyMethodProcessor : Using 'application/json', given [application/json, text/plain, */*] and supported [application/json, application/*+json]
2026-09-14T00:04:37.661+08:00 DEBUG 7617 --- [dance-game] [nio-8080-exec-1] m.m.a.RequestResponseBodyMethodProcessor : Writing [TableDataInfo(total=2, data=[TMatchParticipantVo(id=2099005719681757203, tournamentId=20990040088964 (truncated)...]
2026-09-14T00:04:37.661+08:00 DEBUG 7617 --- [dance-game] [nio-8080-exec-1] o.s.web.servlet.DispatcherServlet        : Completed 200 OK
2026-09-14T00:04:37.664+08:00 DEBUG 7617 --- [dance-game] [nio-8080-exec-9] m.m.a.RequestResponseBodyMethodProcessor : Using 'application/json', given [application/json, text/plain, */*] and supported [application/json, application/*+json]
2026-09-14T00:04:37.664+08:00 DEBUG 7617 --- [dance-game] [nio-8080-exec-9] m.m.a.RequestResponseBodyMethodProcessor : Writing [TableDataInfo(total=2, data=[TMatchParticipantVo(id=2099005719685951492, tournamentId=20990040088964 (truncated)...]
2026-09-14T00:04:37.664+08:00 DEBUG 7617 --- [dance-game] [nio-8080-exec-9] o.s.web.servlet.DispatcherServlet        : Completed 200 OK
2026-09-14T00:04:37.664+08:00 DEBUG 7617 --- [dance-game] [nio-8080-exec-7] o.s.web.servlet.DispatcherServlet        : GET "/game/matchParticipant/list?matchId=2099005719685951494&pageNum=1&pageSize=99", parameters={masked}
2026-09-14T00:04:37.664+08:00 DEBUG 7617 --- [dance-game] [nio-8080-exec-7] s.w.s.m.m.a.RequestMappingHandlerMapping : Mapped to com.dance.street.game.controller.TMatchParticipantController#list(TMatchParticipantBo, PageQuery)
2026-09-14T00:04:37.667+08:00 DEBUG 7617 --- [dance-game] [nio-8080-exec-7] m.m.a.RequestResponseBodyMethodProcessor : Using 'application/json', given [application/json, text/plain, */*] and supported [application/json, application/*+json]
2026-09-14T00:04:37.667+08:00 DEBUG 7617 --- [dance-game] [nio-8080-exec-7] m.m.a.RequestResponseBodyMethodProcessor : Writing [TableDataInfo(total=2, data=[TMatchParticipantVo(id=2099005719685951496, tournamentId=20990040088964 (truncated)...]
2026-09-14T00:04:37.667+08:00 DEBUG 7617 --- [dance-game] [nio-8080-exec-7] o.s.web.servlet.DispatcherServlet        : Completed 200 OK
2026-09-14T00:04:39.806+08:00 DEBUG 7617 --- [dance-game] [io-8080-exec-10] o.s.web.servlet.DispatcherServlet        : PUT "/game/visWidget", parameters={}
2026-09-14T00:04:39.807+08:00 DEBUG 7617 --- [dance-game] [io-8080-exec-10] s.w.s.m.m.a.RequestMappingHandlerMapping : Mapped to com.dance.street.game.controller.TVisWidgetController#edit(TVisWidgetBo)
2026-09-14T00:04:39.812+08:00 DEBUG 7617 --- [dance-game] [io-8080-exec-10] m.m.a.RequestResponseBodyMethodProcessor : Read "application/json;charset=UTF-8" to [TVisWidgetBo(id=2099004009169088513, tournamentId=2099004008896458754, sceneId=2099004009122951170,  (truncated)...]
2026-09-14T00:04:39.820+08:00  INFO 7617 --- [dance-game] [io-8080-exec-10] o.d.c.s.l.TournamentSseTopicListener     : 赛事SSE主题订阅收到消息screenIds=[6e03f4fd-dfc4-4b49-a391-293c6a30a2d8] terminalIds=null message={"sceneId":"2099004009122951170","type":"sceneUpdate"}
2026-09-14T00:04:39.821+08:00  INFO 7617 --- [dance-game] [io-8080-exec-10] o.d.c.s.c.TournamentSseEmitterManager    : SSE发送主题订阅消息topic:global:sse:screen screenIds:[6e03f4fd-dfc4-4b49-a391-293c6a30a2d8] terminalIds:null message:{"sceneId":"2099004009122951170","type":"sceneUpdate"}
2026-09-14T00:04:39.821+08:00  INFO 7617 --- [dance-game] [io-8080-exec-10] o.d.c.s.c.TournamentSseEmitterManager    : 发送场景更新通知到赛事所有屏幕 tournamentId:2099004008896458754 sceneId:2099004009122951170 screenIds:[6e03f4fd-dfc4-4b49-a391-293c6a30a2d8]
2026-09-14T00:04:39.823+08:00 DEBUG 7617 --- [dance-game] [io-8080-exec-10] m.m.a.RequestResponseBodyMethodProcessor : Using 'application/json', given [application/json, text/plain, */*] and supported [application/json, application/*+json]
2026-09-14T00:04:39.823+08:00 DEBUG 7617 --- [dance-game] [io-8080-exec-10] m.m.a.RequestResponseBodyMethodProcessor : Writing [R(code=200, msg=操作成功, data=TVisWidgetVo(id=2099004009169088513, tournamentId=2099004008896458754, sc (truncated)...]
2026-09-14T00:04:39.823+08:00 DEBUG 7617 --- [dance-game] [io-8080-exec-10] o.s.web.servlet.DispatcherServlet        : Completed 200 OK
2026-09-14T00:04:42.052+08:00 DEBUG 7617 --- [dance-game] [nio-8080-exec-2] o.s.web.servlet.DispatcherServlet        : PUT "/game/visWidget", parameters={}
2026-09-14T00:04:42.053+08:00 DEBUG 7617 --- [dance-game] [nio-8080-exec-2] s.w.s.m.m.a.RequestMappingHandlerMapping : Mapped to com.dance.street.game.controller.TVisWidgetController#edit(TVisWidgetBo)
2026-09-14T00:04:42.055+08:00 DEBUG 7617 --- [dance-game] [nio-8080-exec-2] m.m.a.RequestResponseBodyMethodProcessor : Read "application/json;charset=UTF-8" to [TVisWidgetBo(id=2099004009169088513, tournamentId=2099004008896458754, sceneId=2099004009122951170,  (truncated)...]
2026-09-14T00:04:42.064+08:00  INFO 7617 --- [dance-game] [nio-8080-exec-2] o.d.c.s.l.TournamentSseTopicListener     : 赛事SSE主题订阅收到消息screenIds=[6e03f4fd-dfc4-4b49-a391-293c6a30a2d8] terminalIds=null message={"sceneId":"2099004009122951170","type":"sceneUpdate"}
2026-09-14T00:04:42.065+08:00  INFO 7617 --- [dance-game] [nio-8080-exec-2] o.d.c.s.c.TournamentSseEmitterManager    : SSE发送主题订阅消息topic:global:sse:screen screenIds:[6e03f4fd-dfc4-4b49-a391-293c6a30a2d8] terminalIds:null message:{"sceneId":"2099004009122951170","type":"sceneUpdate"}
2026-09-14T00:04:42.065+08:00  INFO 7617 --- [dance-game] [nio-8080-exec-2] o.d.c.s.c.TournamentSseEmitterManager    : 发送场景更新通知到赛事所有屏幕 tournamentId:2099004008896458754 sceneId:2099004009122951170 screenIds:[6e03f4fd-dfc4-4b49-a391-293c6a30a2d8]
2026-09-14T00:04:42.066+08:00 DEBUG 7617 --- [dance-game] [nio-8080-exec-2] m.m.a.RequestResponseBodyMethodProcessor : Using 'application/json', given [application/json, text/plain, */*] and supported [application/json, application/*+json]
2026-09-14T00:04:42.067+08:00 DEBUG 7617 --- [dance-game] [nio-8080-exec-2] m.m.a.RequestResponseBodyMethodProcessor : Writing [R(code=200, msg=操作成功, data=TVisWidgetVo(id=2099004009169088513, tournamentId=2099004008896458754, sc (truncated)...]
2026-09-14T00:04:42.067+08:00 DEBUG 7617 --- [dance-game] [nio-8080-exec-2] o.s.web.servlet.DispatcherServlet        : Completed 200 OK
2026-09-14T00:04:46.146+08:00 DEBUG 7617 --- [dance-game] [nio-8080-exec-5] o.s.w.c.request.async.WebAsyncManager    : Servlet container error notification for "/tournament/event/sse"
2026-09-14T00:04:46.146+08:00 DEBUG 7617 --- [dance-game] [schedule-pool-1] o.s.w.c.request.async.WebAsyncManager    : Async result set for "/tournament/event/sse"
2026-09-14T00:04:46.146+08:00 DEBUG 7617 --- [dance-game] [schedule-pool-1] o.s.w.c.request.async.WebAsyncManager    : Performing async dispatch for "/tournament/event/sse"
2026-09-14T00:04:46.147+08:00 DEBUG 7617 --- [dance-game] [nio-8080-exec-5] o.s.web.servlet.DispatcherServlet        : "ASYNC" dispatch for GET "/tournament/event/sse?tournamentId=2099004008896458754&clientid=e5cd7e4891bf95d1d19206ce24a7b32e", parameters={masked}
2026-09-14T00:04:46.148+08:00 DEBUG 7617 --- [dance-game] [schedule-pool-1] o.s.w.c.request.async.WebAsyncManager    : Async result set for "/tournament/event/sse"
2026-09-14T00:04:46.148+08:00 DEBUG 7617 --- [dance-game] [nio-8080-exec-4] o.s.w.c.request.async.WebAsyncManager    : Servlet container error notification for "/tournament/event/sse"
2026-09-14T00:04:46.148+08:00 DEBUG 7617 --- [dance-game] [schedule-pool-1] o.s.w.c.request.async.WebAsyncManager    : Performing async dispatch for "/tournament/event/sse"
2026-09-14T00:04:46.148+08:00 DEBUG 7617 --- [dance-game] [nio-8080-exec-5] s.w.s.m.m.a.RequestMappingHandlerAdapter : Resume with async result [org.springframework.web.context.request.async.AsyncRequestNotUsableException: Response not usable af (truncated)...]
2026-09-14T00:04:46.149+08:00 DEBUG 7617 --- [dance-game] [nio-8080-exec-4] o.s.web.servlet.DispatcherServlet        : "ASYNC" dispatch for GET "/tournament/event/sse?tournamentId=2099013250185527297&clientid=e5cd7e4891bf95d1d19206ce24a7b32e", parameters={masked}
2026-09-14T00:04:46.150+08:00 DEBUG 7617 --- [dance-game] [nio-8080-exec-4] s.w.s.m.m.a.RequestMappingHandlerAdapter : Resume with async result [org.springframework.web.context.request.async.AsyncRequestNotUsableException: Response not usable af (truncated)...]
2026-09-14T00:04:46.153+08:00 DEBUG 7617 --- [dance-game] [nio-8080-exec-4] .m.m.a.ExceptionHandlerExceptionResolver : Using @ExceptionHandler org.dromara.common.web.handler.GlobalExceptionHandler#handleIoException(IOException, HttpServletRequest)
2026-09-14T00:04:46.153+08:00 DEBUG 7617 --- [dance-game] [nio-8080-exec-5] .m.m.a.ExceptionHandlerExceptionResolver : Using @ExceptionHandler org.dromara.common.web.handler.GlobalExceptionHandler#handleIoException(IOException, HttpServletRequest)
2026-09-14T00:04:46.153+08:00 DEBUG 7617 --- [dance-game] [nio-8080-exec-4] o.s.w.s.handler.DisconnectedClient       : Looks like the client has gone away: org.springframework.web.context.request.async.AsyncRequestNotUsableException: Response not usable after response errors. (For a full stack trace, set the log category 'org.apache.commons.logging.impl.Slf4jLogFactory$Slf4jLocationAwareLog@208ef7ca' to TRACE level.)
2026-09-14T00:04:46.153+08:00 DEBUG 7617 --- [dance-game] [nio-8080-exec-5] o.s.w.s.handler.DisconnectedClient       : Looks like the client has gone away: org.springframework.web.context.request.async.AsyncRequestNotUsableException: Response not usable after response errors. (For a full stack trace, set the log category 'org.apache.commons.logging.impl.Slf4jLogFactory$Slf4jLocationAwareLog@208ef7ca' to TRACE level.)
2026-09-14T00:04:46.153+08:00 DEBUG 7617 --- [dance-game] [nio-8080-exec-5] o.s.web.servlet.DispatcherServlet        : Exiting from "ASYNC" dispatch, status 200
2026-09-14T00:04:46.153+08:00 DEBUG 7617 --- [dance-game] [nio-8080-exec-4] o.s.web.servlet.DispatcherServlet        : Exiting from "ASYNC" dispatch, status 200
2026-09-14T00:04:54.609+08:00 DEBUG 7617 --- [dance-game] [nio-8080-exec-6] o.s.web.servlet.DispatcherServlet        : GET "/game/stage/2099004009081008129", parameters={}
2026-09-14T00:04:54.609+08:00 DEBUG 7617 --- [dance-game] [nio-8080-exec-3] o.s.web.servlet.DispatcherServlet        : GET "/game/stage/2099004009093591041", parameters={}
2026-09-14T00:04:54.609+08:00 DEBUG 7617 --- [dance-game] [nio-8080-exec-8] o.s.web.servlet.DispatcherServlet        : GET "/game/tournament/2099004008896458754", parameters={}
2026-09-14T00:04:54.615+08:00 DEBUG 7617 --- [dance-game] [nio-8080-exec-8] s.w.s.m.m.a.RequestMappingHandlerMapping : Mapped to com.dance.street.game.controller.TTournamentController#getInfo(Long)
2026-09-14T00:04:54.615+08:00 DEBUG 7617 --- [dance-game] [nio-8080-exec-6] s.w.s.m.m.a.RequestMappingHandlerMapping : Mapped to com.dance.street.game.controller.TStageController#getInfo(Long)
2026-09-14T00:04:54.615+08:00 DEBUG 7617 --- [dance-game] [nio-8080-exec-3] s.w.s.m.m.a.RequestMappingHandlerMapping : Mapped to com.dance.street.game.controller.TStageController#getInfo(Long)
2026-09-14T00:04:54.629+08:00 DEBUG 7617 --- [dance-game] [nio-8080-exec-8] m.m.a.RequestResponseBodyMethodProcessor : Using 'application/json', given [application/json, text/plain, */*] and supported [application/json, application/*+json]
2026-09-14T00:04:54.629+08:00 DEBUG 7617 --- [dance-game] [nio-8080-exec-3] m.m.a.RequestResponseBodyMethodProcessor : Using 'application/json', given [application/json, text/plain, */*] and supported [application/json, application/*+json]
2026-09-14T00:04:54.629+08:00 DEBUG 7617 --- [dance-game] [nio-8080-exec-6] m.m.a.RequestResponseBodyMethodProcessor : Using 'application/json', given [application/json, text/plain, */*] and supported [application/json, application/*+json]
2026-09-14T00:04:54.630+08:00 DEBUG 7617 --- [dance-game] [nio-8080-exec-8] m.m.a.RequestResponseBodyMethodProcessor : Writing [R(code=200, msg=操作成功, data=TTournamentVo(id=2099004008896458754, name=345, coverImage=, coverImageUr (truncated)...]
2026-09-14T00:04:54.630+08:00 DEBUG 7617 --- [dance-game] [nio-8080-exec-3] m.m.a.RequestResponseBodyMethodProcessor : Writing [R(code=200, msg=操作成功, data=TStageVo(id=2099004009093591041, tournamentId=2099004008896458754, prevSt (truncated)...]
2026-09-14T00:04:54.630+08:00 DEBUG 7617 --- [dance-game] [nio-8080-exec-6] m.m.a.RequestResponseBodyMethodProcessor : Writing [R(code=200, msg=操作成功, data=TStageVo(id=2099004009081008129, tournamentId=2099004008896458754, prevSt (truncated)...]
2026-09-14T00:04:54.630+08:00 DEBUG 7617 --- [dance-game] [nio-8080-exec-6] o.s.web.servlet.DispatcherServlet        : Completed 200 OK
2026-09-14T00:04:54.630+08:00 DEBUG 7617 --- [dance-game] [nio-8080-exec-3] o.s.web.servlet.DispatcherServlet        : Completed 200 OK
2026-09-14T00:04:54.630+08:00 DEBUG 7617 --- [dance-game] [nio-8080-exec-8] o.s.web.servlet.DispatcherServlet        : Completed 200 OK
2026-09-14T00:04:54.635+08:00 DEBUG 7617 --- [dance-game] [nio-8080-exec-9] o.s.web.servlet.DispatcherServlet        : GET "/game/stage/2099004009043259394", parameters={}
2026-09-14T00:04:54.635+08:00 DEBUG 7617 --- [dance-game] [nio-8080-exec-1] o.s.web.servlet.DispatcherServlet        : GET "/game/stage/2099004009060036610", parameters={}
2026-09-14T00:04:54.636+08:00 DEBUG 7617 --- [dance-game] [nio-8080-exec-9] s.w.s.m.m.a.RequestMappingHandlerMapping : Mapped to com.dance.street.game.controller.TStageController#getInfo(Long)
2026-09-14T00:04:54.636+08:00 DEBUG 7617 --- [dance-game] [nio-8080-exec-1] s.w.s.m.m.a.RequestMappingHandlerMapping : Mapped to com.dance.street.game.controller.TStageController#getInfo(Long)
2026-09-14T00:04:54.636+08:00 DEBUG 7617 --- [dance-game] [nio-8080-exec-7] o.s.web.servlet.DispatcherServlet        : GET "/tournament/event/sse?tournamentId=2099004008896458754&clientid=e5cd7e4891bf95d1d19206ce24a7b32e", parameters={masked}
2026-09-14T00:04:54.636+08:00 DEBUG 7617 --- [dance-game] [nio-8080-exec-7] s.w.s.m.m.a.RequestMappingHandlerMapping : Mapped to com.dance.street.game.controller.TournamentEventController#event(Long, String)
2026-09-14T00:04:54.636+08:00  INFO 7617 --- [dance-game] [nio-8080-exec-7] d.c.s.c.TournamentEventSseEmitterManager : 赛事[2099004008896458754]事件SSE连接建立(普通),当前在线连接数:3
2026-09-14T00:04:54.636+08:00 DEBUG 7617 --- [dance-game] [nio-8080-exec-7] o.s.w.c.request.async.WebAsyncManager    : Started async request for "/tournament/event/sse"
2026-09-14T00:04:54.637+08:00 DEBUG 7617 --- [dance-game] [nio-8080-exec-7] o.s.web.servlet.DispatcherServlet        : Exiting but response remains open for further handling
2026-09-14T00:04:54.637+08:00 DEBUG 7617 --- [dance-game] [nio-8080-exec-1] m.m.a.RequestResponseBodyMethodProcessor : Using 'application/json', given [application/json, text/plain, */*] and supported [application/json, application/*+json]
2026-09-14T00:04:54.638+08:00 DEBUG 7617 --- [dance-game] [nio-8080-exec-1] m.m.a.RequestResponseBodyMethodProcessor : Writing [R(code=200, msg=操作成功, data=TStageVo(id=2099004009060036610, tournamentId=2099004008896458754, prevSt (truncated)...]
2026-09-14T00:04:54.638+08:00 DEBUG 7617 --- [dance-game] [nio-8080-exec-9] m.m.a.RequestResponseBodyMethodProcessor : Using 'application/json', given [application/json, text/plain, */*] and supported [application/json, application/*+json]
2026-09-14T00:04:54.638+08:00 DEBUG 7617 --- [dance-game] [nio-8080-exec-9] m.m.a.RequestResponseBodyMethodProcessor : Writing [R(code=200, msg=操作成功, data=TStageVo(id=2099004009043259394, tournamentId=2099004008896458754, prevSt (truncated)...]
2026-09-14T00:04:54.638+08:00 DEBUG 7617 --- [dance-game] [nio-8080-exec-9] o.s.web.servlet.DispatcherServlet        : Completed 200 OK
2026-09-14T00:04:54.638+08:00 DEBUG 7617 --- [dance-game] [nio-8080-exec-1] o.s.web.servlet.DispatcherServlet        : Completed 200 OK
2026-09-14T00:04:54.643+08:00 DEBUG 7617 --- [dance-game] [io-8080-exec-10] o.s.web.servlet.DispatcherServlet        : GET "/game/stage/flow/2099004008896458754", parameters={}
2026-09-14T00:04:54.643+08:00 DEBUG 7617 --- [dance-game] [nio-8080-exec-2] o.s.web.servlet.DispatcherServlet        : GET "/game/tournament/2099004008896458754", parameters={}
2026-09-14T00:04:54.643+08:00 DEBUG 7617 --- [dance-game] [io-8080-exec-10] s.w.s.m.m.a.RequestMappingHandlerMapping : Mapped to com.dance.street.game.controller.TStageController#flow(Long)
2026-09-14T00:04:54.643+08:00 DEBUG 7617 --- [dance-game] [nio-8080-exec-2] s.w.s.m.m.a.RequestMappingHandlerMapping : Mapped to com.dance.street.game.controller.TTournamentController#getInfo(Long)
2026-09-14T00:04:54.645+08:00 DEBUG 7617 --- [dance-game] [nio-8080-exec-2] m.m.a.RequestResponseBodyMethodProcessor : Using 'application/json', given [application/json, text/plain, */*] and supported [application/json, application/*+json]
2026-09-14T00:04:54.645+08:00 DEBUG 7617 --- [dance-game] [nio-8080-exec-2] m.m.a.RequestResponseBodyMethodProcessor : Writing [R(code=200, msg=操作成功, data=TTournamentVo(id=2099004008896458754, name=345, coverImage=, coverImageUr (truncated)...]
2026-09-14T00:04:54.645+08:00 DEBUG 7617 --- [dance-game] [nio-8080-exec-2] o.s.web.servlet.DispatcherServlet        : Completed 200 OK
2026-09-14T00:04:54.649+08:00 DEBUG 7617 --- [dance-game] [nio-8080-exec-4] o.s.web.servlet.DispatcherServlet        : GET "/game/tournament/2099004008896458754", parameters={}
2026-09-14T00:04:54.649+08:00 DEBUG 7617 --- [dance-game] [io-8080-exec-10] m.m.a.RequestResponseBodyMethodProcessor : Using 'application/json', given [application/json, text/plain, */*] and supported [application/json, application/*+json]
2026-09-14T00:04:54.649+08:00 DEBUG 7617 --- [dance-game] [nio-8080-exec-4] s.w.s.m.m.a.RequestMappingHandlerMapping : Mapped to com.dance.street.game.controller.TTournamentController#getInfo(Long)
2026-09-14T00:04:54.649+08:00 DEBUG 7617 --- [dance-game] [io-8080-exec-10] m.m.a.RequestResponseBodyMethodProcessor : Writing [R(code=200, msg=操作成功, data=StageFlowVo(stages=[StageFlowVo.StageFlowItem(id=2099004008971956226, nam (truncated)...]
2026-09-14T00:04:54.650+08:00 DEBUG 7617 --- [dance-game] [io-8080-exec-10] o.s.web.servlet.DispatcherServlet        : Completed 200 OK
2026-09-14T00:04:54.650+08:00 DEBUG 7617 --- [dance-game] [nio-8080-exec-4] m.m.a.RequestResponseBodyMethodProcessor : Using 'application/json', given [application/json, text/plain, */*] and supported [application/json, application/*+json]
2026-09-14T00:04:54.650+08:00 DEBUG 7617 --- [dance-game] [nio-8080-exec-4] m.m.a.RequestResponseBodyMethodProcessor : Writing [R(code=200, msg=操作成功, data=TTournamentVo(id=2099004008896458754, name=345, coverImage=, coverImageUr (truncated)...]
2026-09-14T00:04:54.650+08:00 DEBUG 7617 --- [dance-game] [nio-8080-exec-4] o.s.web.servlet.DispatcherServlet        : Completed 200 OK
2026-09-14T00:04:54.660+08:00 DEBUG 7617 --- [dance-game] [nio-8080-exec-6] o.s.web.servlet.DispatcherServlet        : GET "/game/tournament/2099004008896458754", parameters={}
2026-09-14T00:04:54.660+08:00 DEBUG 7617 --- [dance-game] [nio-8080-exec-5] o.s.web.servlet.DispatcherServlet        : GET "/game/competitor/list?stageId=2099004009093591041&pageNum=1&pageSize=999", parameters={masked}
2026-09-14T00:04:54.660+08:00 DEBUG 7617 --- [dance-game] [nio-8080-exec-5] s.w.s.m.m.a.RequestMappingHandlerMapping : Mapped to com.dance.street.game.controller.TCompetitorController#list(TCompetitorBo, PageQuery)
2026-09-14T00:04:54.660+08:00 DEBUG 7617 --- [dance-game] [nio-8080-exec-6] s.w.s.m.m.a.RequestMappingHandlerMapping : Mapped to com.dance.street.game.controller.TTournamentController#getInfo(Long)
2026-09-14T00:04:54.663+08:00 DEBUG 7617 --- [dance-game] [nio-8080-exec-6] m.m.a.RequestResponseBodyMethodProcessor : Using 'application/json', given [application/json, text/plain, */*] and supported [application/json, application/*+json]
2026-09-14T00:04:54.663+08:00 DEBUG 7617 --- [dance-game] [nio-8080-exec-6] m.m.a.RequestResponseBodyMethodProcessor : Writing [R(code=200, msg=操作成功, data=TTournamentVo(id=2099004008896458754, name=345, coverImage=, coverImageUr (truncated)...]
2026-09-14T00:04:54.663+08:00 DEBUG 7617 --- [dance-game] [nio-8080-exec-6] o.s.web.servlet.DispatcherServlet        : Completed 200 OK
2026-09-14T00:04:54.668+08:00 DEBUG 7617 --- [dance-game] [nio-8080-exec-8] o.s.web.servlet.DispatcherServlet        : GET "/game/competitor/list?stageId=2099004009081008129&pageNum=1&pageSize=999", parameters={masked}
2026-09-14T00:04:54.668+08:00 DEBUG 7617 --- [dance-game] [nio-8080-exec-8] s.w.s.m.m.a.RequestMappingHandlerMapping : Mapped to com.dance.street.game.controller.TCompetitorController#list(TCompetitorBo, PageQuery)
2026-09-14T00:04:54.671+08:00 DEBUG 7617 --- [dance-game] [nio-8080-exec-5] m.m.a.RequestResponseBodyMethodProcessor : Using 'application/json', given [application/json, text/plain, */*] and supported [application/json, application/*+json]
2026-09-14T00:04:54.671+08:00 DEBUG 7617 --- [dance-game] [nio-8080-exec-8] m.m.a.RequestResponseBodyMethodProcessor : Using 'application/json', given [application/json, text/plain, */*] and supported [application/json, application/*+json]
2026-09-14T00:04:54.671+08:00 DEBUG 7617 --- [dance-game] [nio-8080-exec-8] m.m.a.RequestResponseBodyMethodProcessor : Writing [TableDataInfo(total=0, data=[], code=200, msg=查询成功)]
2026-09-14T00:04:54.671+08:00 DEBUG 7617 --- [dance-game] [nio-8080-exec-5] m.m.a.RequestResponseBodyMethodProcessor : Writing [TableDataInfo(total=0, data=[], code=200, msg=查询成功)]
2026-09-14T00:04:54.671+08:00 DEBUG 7617 --- [dance-game] [nio-8080-exec-5] o.s.web.servlet.DispatcherServlet        : Completed 200 OK
2026-09-14T00:04:54.672+08:00 DEBUG 7617 --- [dance-game] [nio-8080-exec-8] o.s.web.servlet.DispatcherServlet        : Completed 200 OK
2026-09-14T00:04:54.676+08:00 DEBUG 7617 --- [dance-game] [nio-8080-exec-7] o.s.web.servlet.DispatcherServlet        : GET "/game/tournament/2099004008896458754", parameters={}
2026-09-14T00:04:54.676+08:00 DEBUG 7617 --- [dance-game] [nio-8080-exec-3] o.s.web.servlet.DispatcherServlet        : GET "/game/competitor/list?stageId=2099004009043259394&pageNum=1&pageSize=999", parameters={masked}
2026-09-14T00:04:54.676+08:00 DEBUG 7617 --- [dance-game] [nio-8080-exec-3] s.w.s.m.m.a.RequestMappingHandlerMapping : Mapped to com.dance.street.game.controller.TCompetitorController#list(TCompetitorBo, PageQuery)
2026-09-14T00:04:54.677+08:00 DEBUG 7617 --- [dance-game] [nio-8080-exec-7] s.w.s.m.m.a.RequestMappingHandlerMapping : Mapped to com.dance.street.game.controller.TTournamentController#getInfo(Long)
2026-09-14T00:04:54.678+08:00 DEBUG 7617 --- [dance-game] [nio-8080-exec-7] m.m.a.RequestResponseBodyMethodProcessor : Using 'application/json', given [application/json, text/plain, */*] and supported [application/json, application/*+json]
2026-09-14T00:04:54.678+08:00 DEBUG 7617 --- [dance-game] [nio-8080-exec-7] m.m.a.RequestResponseBodyMethodProcessor : Writing [R(code=200, msg=操作成功, data=TTournamentVo(id=2099004008896458754, name=345, coverImage=, coverImageUr (truncated)...]
2026-09-14T00:04:54.679+08:00 DEBUG 7617 --- [dance-game] [nio-8080-exec-7] o.s.web.servlet.DispatcherServlet        : Completed 200 OK
2026-09-14T00:04:54.682+08:00 DEBUG 7617 --- [dance-game] [nio-8080-exec-9] o.s.web.servlet.DispatcherServlet        : GET "/game/match/list?stageId=2099004009081008129&pageNum=1&pageSize=999", parameters={masked}
2026-09-14T00:04:54.682+08:00 DEBUG 7617 --- [dance-game] [nio-8080-exec-9] s.w.s.m.m.a.RequestMappingHandlerMapping : Mapped to com.dance.street.game.controller.TMatchController#list(TMatchBo, PageQuery)
2026-09-14T00:04:54.683+08:00 DEBUG 7617 --- [dance-game] [nio-8080-exec-3] m.m.a.RequestResponseBodyMethodProcessor : Using 'application/json', given [application/json, text/plain, */*] and supported [application/json, application/*+json]
2026-09-14T00:04:54.683+08:00 DEBUG 7617 --- [dance-game] [nio-8080-exec-3] m.m.a.RequestResponseBodyMethodProcessor : Writing [TableDataInfo(total=16, data=[TCompetitorVo(id=2099005659438968833, tournamentId=2099004008896458754 (truncated)...]
2026-09-14T00:04:54.684+08:00 DEBUG 7617 --- [dance-game] [nio-8080-exec-9] m.m.a.RequestResponseBodyMethodProcessor : Using 'application/json', given [application/json, text/plain, */*] and supported [application/json, application/*+json]
2026-09-14T00:04:54.684+08:00 DEBUG 7617 --- [dance-game] [nio-8080-exec-9] m.m.a.RequestResponseBodyMethodProcessor : Writing [TableDataInfo(total=0, data=[], code=200, msg=查询成功)]
2026-09-14T00:04:54.684+08:00 DEBUG 7617 --- [dance-game] [nio-8080-exec-9] o.s.web.servlet.DispatcherServlet        : Completed 200 OK
2026-09-14T00:04:54.684+08:00 DEBUG 7617 --- [dance-game] [nio-8080-exec-3] o.s.web.servlet.DispatcherServlet        : Completed 200 OK
2026-09-14T00:04:54.686+08:00 DEBUG 7617 --- [dance-game] [nio-8080-exec-2] o.s.web.servlet.DispatcherServlet        : GET "/game/competitor/list?stageId=2099004009060036610&pageNum=1&pageSize=999", parameters={masked}
2026-09-14T00:04:54.686+08:00 DEBUG 7617 --- [dance-game] [nio-8080-exec-1] o.s.web.servlet.DispatcherServlet        : GET "/game/match/list?stageId=2099004009093591041&pageNum=1&pageSize=999", parameters={masked}
2026-09-14T00:04:54.687+08:00 DEBUG 7617 --- [dance-game] [nio-8080-exec-2] s.w.s.m.m.a.RequestMappingHandlerMapping : Mapped to com.dance.street.game.controller.TCompetitorController#list(TCompetitorBo, PageQuery)
2026-09-14T00:04:54.687+08:00 DEBUG 7617 --- [dance-game] [nio-8080-exec-1] s.w.s.m.m.a.RequestMappingHandlerMapping : Mapped to com.dance.street.game.controller.TMatchController#list(TMatchBo, PageQuery)
2026-09-14T00:04:54.688+08:00 DEBUG 7617 --- [dance-game] [nio-8080-exec-2] m.m.a.RequestResponseBodyMethodProcessor : Using 'application/json', given [application/json, text/plain, */*] and supported [application/json, application/*+json]
2026-09-14T00:04:54.688+08:00 DEBUG 7617 --- [dance-game] [nio-8080-exec-1] m.m.a.RequestResponseBodyMethodProcessor : Using 'application/json', given [application/json, text/plain, */*] and supported [application/json, application/*+json]
2026-09-14T00:04:54.689+08:00 DEBUG 7617 --- [dance-game] [nio-8080-exec-2] m.m.a.RequestResponseBodyMethodProcessor : Writing [TableDataInfo(total=0, data=[], code=200, msg=查询成功)]
2026-09-14T00:04:54.689+08:00 DEBUG 7617 --- [dance-game] [nio-8080-exec-1] m.m.a.RequestResponseBodyMethodProcessor : Writing [TableDataInfo(total=0, data=[], code=200, msg=查询成功)]
2026-09-14T00:04:54.689+08:00 DEBUG 7617 --- [dance-game] [nio-8080-exec-1] o.s.web.servlet.DispatcherServlet        : Completed 200 OK
2026-09-14T00:04:54.689+08:00 DEBUG 7617 --- [dance-game] [nio-8080-exec-2] o.s.web.servlet.DispatcherServlet        : Completed 200 OK
2026-09-14T00:04:54.693+08:00 DEBUG 7617 --- [dance-game] [nio-8080-exec-4] o.s.web.servlet.DispatcherServlet        : GET "/game/match/list?stageId=2099004009043259394&pageNum=1&pageSize=999", parameters={masked}
2026-09-14T00:04:54.693+08:00 DEBUG 7617 --- [dance-game] [io-8080-exec-10] o.s.web.servlet.DispatcherServlet        : GET "/game/stage/prebracket/2099004009081008129", parameters={}
2026-09-14T00:04:54.693+08:00 DEBUG 7617 --- [dance-game] [nio-8080-exec-4] s.w.s.m.m.a.RequestMappingHandlerMapping : Mapped to com.dance.street.game.controller.TMatchController#list(TMatchBo, PageQuery)
2026-09-14T00:04:54.693+08:00 DEBUG 7617 --- [dance-game] [io-8080-exec-10] s.w.s.m.m.a.RequestMappingHandlerMapping : Mapped to com.dance.street.game.controller.TStageController#prebracket(Long)
2026-09-14T00:04:54.696+08:00 DEBUG 7617 --- [dance-game] [io-8080-exec-10] m.m.a.RequestResponseBodyMethodProcessor : Using 'application/json', given [application/json, text/plain, */*] and supported [application/json, application/*+json]
2026-09-14T00:04:54.696+08:00 DEBUG 7617 --- [dance-game] [io-8080-exec-10] m.m.a.RequestResponseBodyMethodProcessor : Writing [R(code=200, msg=操作成功, data=PreBracketVo(stageId=2099004009081008129, stageName=半决赛, stageMode=KNOCKO (truncated)...]
2026-09-14T00:04:54.696+08:00 DEBUG 7617 --- [dance-game] [io-8080-exec-10] o.s.web.servlet.DispatcherServlet        : Completed 200 OK
2026-09-14T00:04:54.699+08:00 DEBUG 7617 --- [dance-game] [nio-8080-exec-6] o.s.web.servlet.DispatcherServlet        : GET "/game/match/list?stageId=2099004009060036610&pageNum=1&pageSize=999", parameters={masked}
2026-09-14T00:04:54.699+08:00 DEBUG 7617 --- [dance-game] [nio-8080-exec-6] s.w.s.m.m.a.RequestMappingHandlerMapping : Mapped to com.dance.street.game.controller.TMatchController#list(TMatchBo, PageQuery)
2026-09-14T00:04:54.700+08:00 DEBUG 7617 --- [dance-game] [nio-8080-exec-6] m.m.a.RequestResponseBodyMethodProcessor : Using 'application/json', given [application/json, text/plain, */*] and supported [application/json, application/*+json]
2026-09-14T00:04:54.700+08:00 DEBUG 7617 --- [dance-game] [nio-8080-exec-6] m.m.a.RequestResponseBodyMethodProcessor : Writing [TableDataInfo(total=0, data=[], code=200, msg=查询成功)]
2026-09-14T00:04:54.700+08:00 DEBUG 7617 --- [dance-game] [nio-8080-exec-6] o.s.web.servlet.DispatcherServlet        : Completed 200 OK
2026-09-14T00:04:54.702+08:00 DEBUG 7617 --- [dance-game] [nio-8080-exec-4] m.m.a.RequestResponseBodyMethodProcessor : Using 'application/json', given [application/json, text/plain, */*] and supported [application/json, application/*+json]
2026-09-14T00:04:54.703+08:00 DEBUG 7617 --- [dance-game] [nio-8080-exec-4] m.m.a.RequestResponseBodyMethodProcessor : Writing [TableDataInfo(total=8, data=[TMatchVo(id=2099005719677562881, tournamentId=2099004008896458754, stag (truncated)...]
2026-09-14T00:04:54.703+08:00 DEBUG 7617 --- [dance-game] [nio-8080-exec-8] o.s.web.servlet.DispatcherServlet        : GET "/game/stage/prebracket/2099004009093591041", parameters={}
2026-09-14T00:04:54.703+08:00 DEBUG 7617 --- [dance-game] [nio-8080-exec-4] o.s.web.servlet.DispatcherServlet        : Completed 200 OK
2026-09-14T00:04:54.703+08:00 DEBUG 7617 --- [dance-game] [nio-8080-exec-8] s.w.s.m.m.a.RequestMappingHandlerMapping : Mapped to com.dance.street.game.controller.TStageController#prebracket(Long)
2026-09-14T00:04:54.707+08:00 DEBUG 7617 --- [dance-game] [nio-8080-exec-5] o.s.web.servlet.DispatcherServlet        : GET "/game/stage/prebracket/2099004009060036610", parameters={}
2026-09-14T00:04:54.707+08:00 DEBUG 7617 --- [dance-game] [nio-8080-exec-5] s.w.s.m.m.a.RequestMappingHandlerMapping : Mapped to com.dance.street.game.controller.TStageController#prebracket(Long)
2026-09-14T00:04:54.709+08:00 DEBUG 7617 --- [dance-game] [nio-8080-exec-8] m.m.a.RequestResponseBodyMethodProcessor : Using 'application/json', given [application/json, text/plain, */*] and supported [application/json, application/*+json]
2026-09-14T00:04:54.709+08:00 DEBUG 7617 --- [dance-game] [nio-8080-exec-8] m.m.a.RequestResponseBodyMethodProcessor : Writing [R(code=200, msg=操作成功, data=PreBracketVo(stageId=2099004009093591041, stageName=决赛, stageMode=KNOCKOU (truncated)...]
2026-09-14T00:04:54.709+08:00 DEBUG 7617 --- [dance-game] [nio-8080-exec-8] o.s.web.servlet.DispatcherServlet        : Completed 200 OK
2026-09-14T00:04:54.712+08:00 DEBUG 7617 --- [dance-game] [nio-8080-exec-7] o.s.web.servlet.DispatcherServlet        : GET "/game/matchParticipant/list?matchId=2099005719677562881&pageNum=1&pageSize=99", parameters={masked}
2026-09-14T00:04:54.712+08:00 DEBUG 7617 --- [dance-game] [nio-8080-exec-7] s.w.s.m.m.a.RequestMappingHandlerMapping : Mapped to com.dance.street.game.controller.TMatchParticipantController#list(TMatchParticipantBo, PageQuery)
2026-09-14T00:04:54.714+08:00 DEBUG 7617 --- [dance-game] [nio-8080-exec-7] m.m.a.RequestResponseBodyMethodProcessor : Using 'application/json', given [application/json, text/plain, */*] and supported [application/json, application/*+json]
2026-09-14T00:04:54.714+08:00 DEBUG 7617 --- [dance-game] [nio-8080-exec-7] m.m.a.RequestResponseBodyMethodProcessor : Writing [TableDataInfo(total=2, data=[TMatchParticipantVo(id=2099005719677562883, tournamentId=20990040088964 (truncated)...]
2026-09-14T00:04:54.714+08:00 DEBUG 7617 --- [dance-game] [nio-8080-exec-7] o.s.web.servlet.DispatcherServlet        : Completed 200 OK
2026-09-14T00:04:54.714+08:00 DEBUG 7617 --- [dance-game] [nio-8080-exec-5] m.m.a.RequestResponseBodyMethodProcessor : Using 'application/json', given [application/json, text/plain, */*] and supported [application/json, application/*+json]
2026-09-14T00:04:54.714+08:00 DEBUG 7617 --- [dance-game] [nio-8080-exec-5] m.m.a.RequestResponseBodyMethodProcessor : Writing [R(code=200, msg=操作成功, data=PreBracketVo(stageId=2099004009060036610, stageName=8强, stageMode=KNOCKOU (truncated)...]
2026-09-14T00:04:54.715+08:00 DEBUG 7617 --- [dance-game] [nio-8080-exec-5] o.s.web.servlet.DispatcherServlet        : Completed 200 OK
2026-09-14T00:04:54.717+08:00 DEBUG 7617 --- [dance-game] [nio-8080-exec-9] o.s.web.servlet.DispatcherServlet        : GET "/game/matchParticipant/list?matchId=2099005719677562885&pageNum=1&pageSize=99", parameters={masked}
2026-09-14T00:04:54.717+08:00 DEBUG 7617 --- [dance-game] [nio-8080-exec-3] o.s.web.servlet.DispatcherServlet        : GET "/game/matchParticipant/list?matchId=2099005719681757189&pageNum=1&pageSize=99", parameters={masked}
2026-09-14T00:04:54.717+08:00 DEBUG 7617 --- [dance-game] [nio-8080-exec-3] s.w.s.m.m.a.RequestMappingHandlerMapping : Mapped to com.dance.street.game.controller.TMatchParticipantController#list(TMatchParticipantBo, PageQuery)
2026-09-14T00:04:54.717+08:00 DEBUG 7617 --- [dance-game] [nio-8080-exec-9] s.w.s.m.m.a.RequestMappingHandlerMapping : Mapped to com.dance.street.game.controller.TMatchParticipantController#list(TMatchParticipantBo, PageQuery)
2026-09-14T00:04:54.719+08:00 DEBUG 7617 --- [dance-game] [nio-8080-exec-9] m.m.a.RequestResponseBodyMethodProcessor : Using 'application/json', given [application/json, text/plain, */*] and supported [application/json, application/*+json]
2026-09-14T00:04:54.719+08:00 DEBUG 7617 --- [dance-game] [nio-8080-exec-3] m.m.a.RequestResponseBodyMethodProcessor : Using 'application/json', given [application/json, text/plain, */*] and supported [application/json, application/*+json]
2026-09-14T00:04:54.719+08:00 DEBUG 7617 --- [dance-game] [nio-8080-exec-3] m.m.a.RequestResponseBodyMethodProcessor : Writing [TableDataInfo(total=2, data=[TMatchParticipantVo(id=2099005719681757191, tournamentId=20990040088964 (truncated)...]
2026-09-14T00:04:54.719+08:00 DEBUG 7617 --- [dance-game] [nio-8080-exec-9] m.m.a.RequestResponseBodyMethodProcessor : Writing [TableDataInfo(total=2, data=[TMatchParticipantVo(id=2099005719681757187, tournamentId=20990040088964 (truncated)...]
2026-09-14T00:04:54.720+08:00 DEBUG 7617 --- [dance-game] [nio-8080-exec-3] o.s.web.servlet.DispatcherServlet        : Completed 200 OK
2026-09-14T00:04:54.720+08:00 DEBUG 7617 --- [dance-game] [nio-8080-exec-9] o.s.web.servlet.DispatcherServlet        : Completed 200 OK
2026-09-14T00:04:54.723+08:00 DEBUG 7617 --- [dance-game] [nio-8080-exec-1] o.s.web.servlet.DispatcherServlet        : GET "/game/matchParticipant/list?matchId=2099005719681757193&pageNum=1&pageSize=99", parameters={masked}
2026-09-14T00:04:54.723+08:00 DEBUG 7617 --- [dance-game] [nio-8080-exec-2] o.s.web.servlet.DispatcherServlet        : GET "/game/matchParticipant/list?matchId=2099005719681757197&pageNum=1&pageSize=99", parameters={masked}
2026-09-14T00:04:54.723+08:00 DEBUG 7617 --- [dance-game] [nio-8080-exec-1] s.w.s.m.m.a.RequestMappingHandlerMapping : Mapped to com.dance.street.game.controller.TMatchParticipantController#list(TMatchParticipantBo, PageQuery)
2026-09-14T00:04:54.723+08:00 DEBUG 7617 --- [dance-game] [nio-8080-exec-2] s.w.s.m.m.a.RequestMappingHandlerMapping : Mapped to com.dance.street.game.controller.TMatchParticipantController#list(TMatchParticipantBo, PageQuery)
2026-09-14T00:04:54.726+08:00 DEBUG 7617 --- [dance-game] [nio-8080-exec-2] m.m.a.RequestResponseBodyMethodProcessor : Using 'application/json', given [application/json, text/plain, */*] and supported [application/json, application/*+json]
2026-09-14T00:04:54.726+08:00 DEBUG 7617 --- [dance-game] [nio-8080-exec-1] m.m.a.RequestResponseBodyMethodProcessor : Using 'application/json', given [application/json, text/plain, */*] and supported [application/json, application/*+json]
2026-09-14T00:04:54.726+08:00 DEBUG 7617 --- [dance-game] [nio-8080-exec-1] m.m.a.RequestResponseBodyMethodProcessor : Writing [TableDataInfo(total=2, data=[TMatchParticipantVo(id=2099005719681757195, tournamentId=20990040088964 (truncated)...]
2026-09-14T00:04:54.726+08:00 DEBUG 7617 --- [dance-game] [nio-8080-exec-2] m.m.a.RequestResponseBodyMethodProcessor : Writing [TableDataInfo(total=2, data=[TMatchParticipantVo(id=2099005719681757199, tournamentId=20990040088964 (truncated)...]
2026-09-14T00:04:54.726+08:00 DEBUG 7617 --- [dance-game] [nio-8080-exec-2] o.s.web.servlet.DispatcherServlet        : Completed 200 OK
2026-09-14T00:04:54.726+08:00 DEBUG 7617 --- [dance-game] [nio-8080-exec-1] o.s.web.servlet.DispatcherServlet        : Completed 200 OK
2026-09-14T00:04:54.731+08:00 DEBUG 7617 --- [dance-game] [nio-8080-exec-6] o.s.web.servlet.DispatcherServlet        : GET "/game/matchParticipant/list?matchId=2099005719681757201&pageNum=1&pageSize=99", parameters={masked}
2026-09-14T00:04:54.731+08:00 DEBUG 7617 --- [dance-game] [io-8080-exec-10] o.s.web.servlet.DispatcherServlet        : GET "/game/matchParticipant/list?matchId=2099005719685951490&pageNum=1&pageSize=99", parameters={masked}
2026-09-14T00:04:54.731+08:00 DEBUG 7617 --- [dance-game] [io-8080-exec-10] s.w.s.m.m.a.RequestMappingHandlerMapping : Mapped to com.dance.street.game.controller.TMatchParticipantController#list(TMatchParticipantBo, PageQuery)
2026-09-14T00:04:54.731+08:00 DEBUG 7617 --- [dance-game] [nio-8080-exec-6] s.w.s.m.m.a.RequestMappingHandlerMapping : Mapped to com.dance.street.game.controller.TMatchParticipantController#list(TMatchParticipantBo, PageQuery)
2026-09-14T00:04:54.733+08:00 DEBUG 7617 --- [dance-game] [io-8080-exec-10] m.m.a.RequestResponseBodyMethodProcessor : Using 'application/json', given [application/json, text/plain, */*] and supported [application/json, application/*+json]
2026-09-14T00:04:54.733+08:00 DEBUG 7617 --- [dance-game] [nio-8080-exec-6] m.m.a.RequestResponseBodyMethodProcessor : Using 'application/json', given [application/json, text/plain, */*] and supported [application/json, application/*+json]
2026-09-14T00:04:54.733+08:00 DEBUG 7617 --- [dance-game] [nio-8080-exec-6] m.m.a.RequestResponseBodyMethodProcessor : Writing [TableDataInfo(total=2, data=[TMatchParticipantVo(id=2099005719681757203, tournamentId=20990040088964 (truncated)...]
2026-09-14T00:04:54.733+08:00 DEBUG 7617 --- [dance-game] [io-8080-exec-10] m.m.a.RequestResponseBodyMethodProcessor : Writing [TableDataInfo(total=2, data=[TMatchParticipantVo(id=2099005719685951492, tournamentId=20990040088964 (truncated)...]
2026-09-14T00:04:54.733+08:00 DEBUG 7617 --- [dance-game] [io-8080-exec-10] o.s.web.servlet.DispatcherServlet        : Completed 200 OK
2026-09-14T00:04:54.733+08:00 DEBUG 7617 --- [dance-game] [nio-8080-exec-6] o.s.web.servlet.DispatcherServlet        : Completed 200 OK
2026-09-14T00:04:54.735+08:00 DEBUG 7617 --- [dance-game] [nio-8080-exec-4] o.s.web.servlet.DispatcherServlet        : GET "/game/matchParticipant/list?matchId=2099005719685951494&pageNum=1&pageSize=99", parameters={masked}
2026-09-14T00:04:54.736+08:00 DEBUG 7617 --- [dance-game] [nio-8080-exec-4] s.w.s.m.m.a.RequestMappingHandlerMapping : Mapped to com.dance.street.game.controller.TMatchParticipantController#list(TMatchParticipantBo, PageQuery)
2026-09-14T00:04:54.738+08:00 DEBUG 7617 --- [dance-game] [nio-8080-exec-4] m.m.a.RequestResponseBodyMethodProcessor : Using 'application/json', given [application/json, text/plain, */*] and supported [application/json, application/*+json]
2026-09-14T00:04:54.738+08:00 DEBUG 7617 --- [dance-game] [nio-8080-exec-4] m.m.a.RequestResponseBodyMethodProcessor : Writing [TableDataInfo(total=2, data=[TMatchParticipantVo(id=2099005719685951496, tournamentId=20990040088964 (truncated)...]
2026-09-14T00:04:54.738+08:00 DEBUG 7617 --- [dance-game] [nio-8080-exec-4] o.s.web.servlet.DispatcherServlet        : Completed 200 OK
2026-09-14T00:04:59.172+08:00 DEBUG 7617 --- [dance-game] [nio-8080-exec-8] o.s.web.servlet.DispatcherServlet        : GET "/tournament/screen/view?clientid=e5cd7e4891bf95d1d19206ce24a7b32e&screenId=6e03f4fd-dfc4-4b49-a391-293c6a30a2d8&terminalId=terminal_1789315499154_ss6tj9z0bma", parameters={masked}
2026-09-14T00:04:59.177+08:00 DEBUG 7617 --- [dance-game] [nio-8080-exec-8] s.w.s.m.m.a.RequestMappingHandlerMapping : Mapped to org.dromara.common.sse.controller.SseController#screenView(String, String)
2026-09-14T00:04:59.229+08:00 DEBUG 7617 --- [dance-game] [nio-8080-exec-8] o.s.w.c.request.async.WebAsyncManager    : Started async request for "/tournament/screen/view"
2026-09-14T00:04:59.234+08:00 DEBUG 7617 --- [dance-game] [nio-8080-exec-8] o.s.web.servlet.DispatcherServlet        : Exiting but response remains open for further handling
2026-09-14T00:05:17.768+08:00 DEBUG 7617 --- [dance-game] [nio-8080-exec-7] o.s.web.servlet.DispatcherServlet        : POST "/resource/oss/upload", parameters={multipart}
2026-09-14T00:05:17.773+08:00 DEBUG 7617 --- [dance-game] [nio-8080-exec-7] s.w.s.m.m.a.RequestMappingHandlerMapping : Mapped to org.dromara.common.file.controller.ResourceController#upload(MultipartFile)
2026-09-14T00:05:17.779+08:00 DEBUG 7617 --- [dance-game] [nio-8080-exec-7] m.m.a.RequestResponseBodyMethodProcessor : Using 'application/json', given [application/json, text/plain, */*] and supported [application/json, application/*+json]
2026-09-14T00:05:17.779+08:00 DEBUG 7617 --- [dance-game] [nio-8080-exec-7] m.m.a.RequestResponseBodyMethodProcessor : Writing [R(code=200, msg=操作成功, data={size=22333, name=截屏2026-08-31 01.59.45.png, url=/uploads/2026/09/14/936e (truncated)...]
2026-09-14T00:05:17.782+08:00 DEBUG 7617 --- [dance-game] [nio-8080-exec-7] o.s.web.servlet.DispatcherServlet        : Completed 200 OK
2026-09-14T00:05:17.793+08:00 DEBUG 7617 --- [dance-game] [nio-8080-exec-5] o.s.web.servlet.DispatcherServlet        : PUT "/game/visWidget", parameters={}
2026-09-14T00:05:17.794+08:00 DEBUG 7617 --- [dance-game] [nio-8080-exec-5] s.w.s.m.m.a.RequestMappingHandlerMapping : Mapped to com.dance.street.game.controller.TVisWidgetController#edit(TVisWidgetBo)
2026-09-14T00:05:17.799+08:00 DEBUG 7617 --- [dance-game] [nio-8080-exec-5] m.m.a.RequestResponseBodyMethodProcessor : Read "application/json;charset=UTF-8" to [TVisWidgetBo(id=2099004009160699905, tournamentId=2099004008896458754, sceneId=2099004009122951170,  (truncated)...]
2026-09-14T00:05:17.810+08:00  INFO 7617 --- [dance-game] [nio-8080-exec-5] o.d.c.s.l.TournamentSseTopicListener     : 赛事SSE主题订阅收到消息screenIds=[6e03f4fd-dfc4-4b49-a391-293c6a30a2d8] terminalIds=null message={"sceneId":"2099004009122951170","type":"sceneUpdate"}
2026-09-14T00:05:17.810+08:00  INFO 7617 --- [dance-game] [nio-8080-exec-5] o.d.c.s.c.TournamentSseEmitterManager    : SSE发送主题订阅消息topic:global:sse:screen screenIds:[6e03f4fd-dfc4-4b49-a391-293c6a30a2d8] terminalIds:null message:{"sceneId":"2099004009122951170","type":"sceneUpdate"}
2026-09-14T00:05:17.810+08:00  INFO 7617 --- [dance-game] [nio-8080-exec-5] o.d.c.s.c.TournamentSseEmitterManager    : 发送场景更新通知到赛事所有屏幕 tournamentId:2099004008896458754 sceneId:2099004009122951170 screenIds:[6e03f4fd-dfc4-4b49-a391-293c6a30a2d8]
2026-09-14T00:05:17.812+08:00 DEBUG 7617 --- [dance-game] [nio-8080-exec-5] m.m.a.RequestResponseBodyMethodProcessor : Using 'application/json', given [application/json, text/plain, */*] and supported [application/json, application/*+json]
2026-09-14T00:05:17.812+08:00 DEBUG 7617 --- [dance-game] [nio-8080-exec-5] m.m.a.RequestResponseBodyMethodProcessor : Writing [R(code=200, msg=操作成功, data=TVisWidgetVo(id=2099004009160699905, tournamentId=2099004008896458754, sc (truncated)...]
2026-09-14T00:05:17.812+08:00 DEBUG 7617 --- [dance-game] [nio-8080-exec-5] o.s.web.servlet.DispatcherServlet        : Completed 200 OK
2026-09-14T00:05:17.815+08:00 DEBUG 7617 --- [dance-game] [nio-8080-exec-3] o.s.web.servlet.DispatcherServlet        : GET "/game/visScene/2099004009122951170", parameters={}
2026-09-14T00:05:17.816+08:00 DEBUG 7617 --- [dance-game] [nio-8080-exec-3] s.w.s.m.m.a.RequestMappingHandlerMapping : Mapped to com.dance.street.game.controller.TVisSceneController#getInfo(Long)
2026-09-14T00:05:17.820+08:00 DEBUG 7617 --- [dance-game] [nio-8080-exec-3] m.m.a.RequestResponseBodyMethodProcessor : Using 'application/json', given [application/json, text/plain, */*] and supported [application/json, application/*+json]
2026-09-14T00:05:17.820+08:00 DEBUG 7617 --- [dance-game] [nio-8080-exec-3] m.m.a.RequestResponseBodyMethodProcessor : Writing [R(code=200, msg=操作成功, data=TVisSceneVo(id=2099004009122951170, tournamentId=2099004008896458754, nam (truncated)...]
2026-09-14T00:05:17.821+08:00 DEBUG 7617 --- [dance-game] [nio-8080-exec-3] o.s.web.servlet.DispatcherServlet        : Completed 200 OK
2026-09-14T00:05:17.825+08:00 DEBUG 7617 --- [dance-game] [nio-8080-exec-9] o.s.web.servlet.DispatcherServlet        : GET "/uploads/2026/09/14/936ef8c9ae4749cb9eeb9a9c437ff243.png", parameters={}
2026-09-14T00:05:17.826+08:00 DEBUG 7617 --- [dance-game] [nio-8080-exec-9] o.s.w.s.handler.SimpleUrlHandlerMapping  : Mapped to ResourceHttpRequestHandler [URL [file:/Users/duane/dance-battle/upload/]]
2026-09-14T00:05:17.827+08:00 DEBUG 7617 --- [dance-game] [nio-8080-exec-9] o.s.web.servlet.DispatcherServlet        : Completed 200 OK
2026-09-14T00:05:17.836+08:00 DEBUG 7617 --- [dance-game] [nio-8080-exec-2] o.s.web.servlet.DispatcherServlet        : GET "/game/visWidget/list?tournamentId=2099004008896458754&sceneId=2099004009122951170&pageNum=1&pageSize=1000", parameters={masked}
2026-09-14T00:05:17.837+08:00 DEBUG 7617 --- [dance-game] [nio-8080-exec-2] s.w.s.m.m.a.RequestMappingHandlerMapping : Mapped to com.dance.street.game.controller.TVisWidgetController#list(TVisWidgetBo, PageQuery)
2026-09-14T00:05:17.852+08:00 DEBUG 7617 --- [dance-game] [nio-8080-exec-2] m.m.a.RequestResponseBodyMethodProcessor : Using 'application/json', given [application/json, text/plain, */*] and supported [application/json, application/*+json]
2026-09-14T00:05:17.852+08:00 DEBUG 7617 --- [dance-game] [nio-8080-exec-2] m.m.a.RequestResponseBodyMethodProcessor : Writing [TableDataInfo(total=6, data=[TVisWidgetVo(id=2099004009160699905, tournamentId=2099004008896458754,  (truncated)...]
2026-09-14T00:05:17.853+08:00 DEBUG 7617 --- [dance-game] [nio-8080-exec-2] o.s.web.servlet.DispatcherServlet        : Completed 200 OK
2026-09-14T00:05:17.874+08:00 DEBUG 7617 --- [dance-game] [nio-8080-exec-1] o.s.web.servlet.DispatcherServlet        : GET "/uploads/2026/09/14/936ef8c9ae4749cb9eeb9a9c437ff243.png", parameters={}
2026-09-14T00:05:17.874+08:00 DEBUG 7617 --- [dance-game] [nio-8080-exec-1] o.s.w.s.handler.SimpleUrlHandlerMapping  : Mapped to ResourceHttpRequestHandler [URL [file:/Users/duane/dance-battle/upload/]]
2026-09-14T00:05:17.874+08:00 DEBUG 7617 --- [dance-game] [nio-8080-exec-1] o.s.web.servlet.DispatcherServlet        : Completed 200 OK
2026-09-14T00:05:17.882+08:00 DEBUG 7617 --- [dance-game] [io-8080-exec-10] o.s.web.servlet.DispatcherServlet        : GET "/game/stage/2099004009043259394", parameters={}
2026-09-14T00:05:17.883+08:00 DEBUG 7617 --- [dance-game] [io-8080-exec-10] s.w.s.m.m.a.RequestMappingHandlerMapping : Mapped to com.dance.street.game.controller.TStageController#getInfo(Long)
2026-09-14T00:05:17.886+08:00 DEBUG 7617 --- [dance-game] [io-8080-exec-10] m.m.a.RequestResponseBodyMethodProcessor : Using 'application/json', given [application/json, text/plain, */*] and supported [application/json, application/*+json]
2026-09-14T00:05:17.886+08:00 DEBUG 7617 --- [dance-game] [io-8080-exec-10] m.m.a.RequestResponseBodyMethodProcessor : Writing [R(code=200, msg=操作成功, data=TStageVo(id=2099004009043259394, tournamentId=2099004008896458754, prevSt (truncated)...]
2026-09-14T00:05:17.888+08:00 DEBUG 7617 --- [dance-game] [io-8080-exec-10] o.s.web.servlet.DispatcherServlet        : Completed 200 OK
2026-09-14T00:05:17.893+08:00 DEBUG 7617 --- [dance-game] [nio-8080-exec-6] o.s.web.servlet.DispatcherServlet        : GET "/game/stage/2099004009060036610", parameters={}
2026-09-14T00:05:17.893+08:00 DEBUG 7617 --- [dance-game] [nio-8080-exec-6] s.w.s.m.m.a.RequestMappingHandlerMapping : Mapped to com.dance.street.game.controller.TStageController#getInfo(Long)
2026-09-14T00:05:17.896+08:00 DEBUG 7617 --- [dance-game] [nio-8080-exec-6] m.m.a.RequestResponseBodyMethodProcessor : Using 'application/json', given [application/json, text/plain, */*] and supported [application/json, application/*+json]
2026-09-14T00:05:17.896+08:00 DEBUG 7617 --- [dance-game] [nio-8080-exec-6] m.m.a.RequestResponseBodyMethodProcessor : Writing [R(code=200, msg=操作成功, data=TStageVo(id=2099004009060036610, tournamentId=2099004008896458754, prevSt (truncated)...]
2026-09-14T00:05:17.896+08:00 DEBUG 7617 --- [dance-game] [nio-8080-exec-6] o.s.web.servlet.DispatcherServlet        : Completed 200 OK
2026-09-14T00:05:17.901+08:00 DEBUG 7617 --- [dance-game] [nio-8080-exec-4] o.s.web.servlet.DispatcherServlet        : GET "/game/stage/2099004009081008129", parameters={}
2026-09-14T00:05:17.902+08:00 DEBUG 7617 --- [dance-game] [nio-8080-exec-4] s.w.s.m.m.a.RequestMappingHandlerMapping : Mapped to com.dance.street.game.controller.TStageController#getInfo(Long)
2026-09-14T00:05:17.907+08:00 DEBUG 7617 --- [dance-game] [nio-8080-exec-4] m.m.a.RequestResponseBodyMethodProcessor : Using 'application/json', given [application/json, text/plain, */*] and supported [application/json, application/*+json]
2026-09-14T00:05:17.907+08:00 DEBUG 7617 --- [dance-game] [nio-8080-exec-4] m.m.a.RequestResponseBodyMethodProcessor : Writing [R(code=200, msg=操作成功, data=TStageVo(id=2099004009081008129, tournamentId=2099004008896458754, prevSt (truncated)...]
2026-09-14T00:05:17.907+08:00 DEBUG 7617 --- [dance-game] [nio-8080-exec-4] o.s.web.servlet.DispatcherServlet        : Completed 200 OK
2026-09-14T00:05:17.912+08:00 DEBUG 7617 --- [dance-game] [nio-8080-exec-8] o.s.web.servlet.DispatcherServlet        : GET "/game/stage/2099004009093591041", parameters={}
2026-09-14T00:05:17.912+08:00 DEBUG 7617 --- [dance-game] [nio-8080-exec-8] s.w.s.m.m.a.RequestMappingHandlerMapping : Mapped to com.dance.street.game.controller.TStageController#getInfo(Long)
2026-09-14T00:05:17.915+08:00 DEBUG 7617 --- [dance-game] [nio-8080-exec-8] m.m.a.RequestResponseBodyMethodProcessor : Using 'application/json', given [application/json, text/plain, */*] and supported [application/json, application/*+json]
2026-09-14T00:05:17.915+08:00 DEBUG 7617 --- [dance-game] [nio-8080-exec-8] m.m.a.RequestResponseBodyMethodProcessor : Writing [R(code=200, msg=操作成功, data=TStageVo(id=2099004009093591041, tournamentId=2099004008896458754, prevSt (truncated)...]
2026-09-14T00:05:17.915+08:00 DEBUG 7617 --- [dance-game] [nio-8080-exec-8] o.s.web.servlet.DispatcherServlet        : Completed 200 OK
2026-09-14T00:05:17.923+08:00 DEBUG 7617 --- [dance-game] [nio-8080-exec-7] o.s.web.servlet.DispatcherServlet        : GET "/game/tournament/2099004008896458754", parameters={}
2026-09-14T00:05:17.924+08:00 DEBUG 7617 --- [dance-game] [nio-8080-exec-7] s.w.s.m.m.a.RequestMappingHandlerMapping : Mapped to com.dance.street.game.controller.TTournamentController#getInfo(Long)
2026-09-14T00:05:17.928+08:00 DEBUG 7617 --- [dance-game] [nio-8080-exec-7] m.m.a.RequestResponseBodyMethodProcessor : Using 'application/json', given [application/json, text/plain, */*] and supported [application/json, application/*+json]
2026-09-14T00:05:17.928+08:00 DEBUG 7617 --- [dance-game] [nio-8080-exec-7] m.m.a.RequestResponseBodyMethodProcessor : Writing [R(code=200, msg=操作成功, data=TTournamentVo(id=2099004008896458754, name=345, coverImage=, coverImageUr (truncated)...]
2026-09-14T00:05:17.929+08:00 DEBUG 7617 --- [dance-game] [nio-8080-exec-7] o.s.web.servlet.DispatcherServlet        : Completed 200 OK
2026-09-14T00:05:17.935+08:00 DEBUG 7617 --- [dance-game] [nio-8080-exec-5] o.s.web.servlet.DispatcherServlet        : GET "/tournament/event/sse?tournamentId=2099004008896458754&clientid=e5cd7e4891bf95d1d19206ce24a7b32e", parameters={masked}
2026-09-14T00:05:17.935+08:00 DEBUG 7617 --- [dance-game] [nio-8080-exec-5] s.w.s.m.m.a.RequestMappingHandlerMapping : Mapped to com.dance.street.game.controller.TournamentEventController#event(Long, String)
2026-09-14T00:05:17.936+08:00  INFO 7617 --- [dance-game] [nio-8080-exec-5] d.c.s.c.TournamentEventSseEmitterManager : 赛事[2099004008896458754]事件SSE连接建立(普通),当前在线连接数:4
2026-09-14T00:05:17.937+08:00 DEBUG 7617 --- [dance-game] [nio-8080-exec-5] o.s.w.c.request.async.WebAsyncManager    : Started async request for "/tournament/event/sse"
2026-09-14T00:05:17.938+08:00 DEBUG 7617 --- [dance-game] [nio-8080-exec-5] o.s.web.servlet.DispatcherServlet        : Exiting but response remains open for further handling
2026-09-14T00:05:40.006+08:00 DEBUG 7617 --- [dance-game] [nio-8080-exec-3] o.s.web.servlet.DispatcherServlet        : GET "/game/tournament/2099004008896458754", parameters={}
2026-09-14T00:05:40.008+08:00 DEBUG 7617 --- [dance-game] [nio-8080-exec-3] s.w.s.m.m.a.RequestMappingHandlerMapping : Mapped to com.dance.street.game.controller.TTournamentController#getInfo(Long)
2026-09-14T00:05:40.018+08:00 DEBUG 7617 --- [dance-game] [nio-8080-exec-3] m.m.a.RequestResponseBodyMethodProcessor : Using 'application/json', given [application/json, text/plain, */*] and supported [application/json, application/*+json]
2026-09-14T00:05:40.018+08:00 DEBUG 7617 --- [dance-game] [nio-8080-exec-3] m.m.a.RequestResponseBodyMethodProcessor : Writing [R(code=200, msg=操作成功, data=TTournamentVo(id=2099004008896458754, name=345, coverImage=, coverImageUr (truncated)...]
2026-09-14T00:05:40.020+08:00 DEBUG 7617 --- [dance-game] [nio-8080-exec-3] o.s.web.servlet.DispatcherServlet        : Completed 200 OK
2026-09-14T00:05:40.024+08:00 DEBUG 7617 --- [dance-game] [nio-8080-exec-9] o.s.web.servlet.DispatcherServlet        : GET "/game/stage/flow/2099004008896458754", parameters={}
2026-09-14T00:05:40.026+08:00 DEBUG 7617 --- [dance-game] [nio-8080-exec-9] s.w.s.m.m.a.RequestMappingHandlerMapping : Mapped to com.dance.street.game.controller.TStageController#flow(Long)
2026-09-14T00:05:40.031+08:00 DEBUG 7617 --- [dance-game] [nio-8080-exec-2] o.s.web.servlet.DispatcherServlet        : GET "/uploads/2026/09/14/936ef8c9ae4749cb9eeb9a9c437ff243.png", parameters={}
2026-09-14T00:05:40.032+08:00 DEBUG 7617 --- [dance-game] [nio-8080-exec-9] m.m.a.RequestResponseBodyMethodProcessor : Using 'application/json', given [application/json, text/plain, */*] and supported [application/json, application/*+json]
2026-09-14T00:05:40.032+08:00 DEBUG 7617 --- [dance-game] [nio-8080-exec-9] m.m.a.RequestResponseBodyMethodProcessor : Writing [R(code=200, msg=操作成功, data=StageFlowVo(stages=[StageFlowVo.StageFlowItem(id=2099004008971956226, nam (truncated)...]
2026-09-14T00:05:40.032+08:00 DEBUG 7617 --- [dance-game] [nio-8080-exec-2] o.s.w.s.handler.SimpleUrlHandlerMapping  : Mapped to ResourceHttpRequestHandler [URL [file:/Users/duane/dance-battle/upload/]]
2026-09-14T00:05:40.032+08:00 DEBUG 7617 --- [dance-game] [nio-8080-exec-9] o.s.web.servlet.DispatcherServlet        : Completed 200 OK
2026-09-14T00:05:40.033+08:00 DEBUG 7617 --- [dance-game] [nio-8080-exec-1] o.s.web.servlet.DispatcherServlet        : POST "/tournament/screen/scene", parameters={}
2026-09-14T00:05:40.033+08:00 DEBUG 7617 --- [dance-game] [nio-8080-exec-4] o.s.web.servlet.DispatcherServlet        : POST "/tournament/screen/scene", parameters={}
2026-09-14T00:05:40.033+08:00 DEBUG 7617 --- [dance-game] [io-8080-exec-10] o.s.web.servlet.DispatcherServlet        : POST "/tournament/screen/scene", parameters={}
2026-09-14T00:05:40.033+08:00 DEBUG 7617 --- [dance-game] [nio-8080-exec-6] o.s.web.servlet.DispatcherServlet        : POST "/tournament/screen/scene", parameters={}
2026-09-14T00:05:40.033+08:00 DEBUG 7617 --- [dance-game] [nio-8080-exec-4] s.w.s.m.m.a.RequestMappingHandlerMapping : Mapped to org.dromara.common.sse.controller.SseController#switchScene(SceneSwitchDto, HttpServletRequest)
2026-09-14T00:05:40.033+08:00 DEBUG 7617 --- [dance-game] [io-8080-exec-10] s.w.s.m.m.a.RequestMappingHandlerMapping : Mapped to org.dromara.common.sse.controller.SseController#switchScene(SceneSwitchDto, HttpServletRequest)
2026-09-14T00:05:40.033+08:00 DEBUG 7617 --- [dance-game] [nio-8080-exec-1] s.w.s.m.m.a.RequestMappingHandlerMapping : Mapped to org.dromara.common.sse.controller.SseController#switchScene(SceneSwitchDto, HttpServletRequest)
2026-09-14T00:05:40.034+08:00 DEBUG 7617 --- [dance-game] [nio-8080-exec-8] o.s.web.servlet.DispatcherServlet        : GET "/game/tournament/2099004008896458754", parameters={}
2026-09-14T00:05:40.034+08:00 DEBUG 7617 --- [dance-game] [nio-8080-exec-8] s.w.s.m.m.a.RequestMappingHandlerMapping : Mapped to com.dance.street.game.controller.TTournamentController#getInfo(Long)
2026-09-14T00:05:40.034+08:00 DEBUG 7617 --- [dance-game] [nio-8080-exec-7] o.s.web.servlet.DispatcherServlet        : GET "/game/tournament/2099004008896458754", parameters={}
2026-09-14T00:05:40.034+08:00 DEBUG 7617 --- [dance-game] [nio-8080-exec-7] s.w.s.m.m.a.RequestMappingHandlerMapping : Mapped to com.dance.street.game.controller.TTournamentController#getInfo(Long)
2026-09-14T00:05:40.033+08:00 DEBUG 7617 --- [dance-game] [nio-8080-exec-6] s.w.s.m.m.a.RequestMappingHandlerMapping : Mapped to org.dromara.common.sse.controller.SseController#switchScene(SceneSwitchDto, HttpServletRequest)
2026-09-14T00:05:40.035+08:00 DEBUG 7617 --- [dance-game] [nio-8080-exec-5] o.s.web.servlet.DispatcherServlet        : GET "/game/tournament/2099004008896458754", parameters={}
2026-09-14T00:05:40.035+08:00 DEBUG 7617 --- [dance-game] [nio-8080-exec-5] s.w.s.m.m.a.RequestMappingHandlerMapping : Mapped to com.dance.street.game.controller.TTournamentController#getInfo(Long)
2026-09-14T00:05:40.036+08:00 DEBUG 7617 --- [dance-game] [nio-8080-exec-8] m.m.a.RequestResponseBodyMethodProcessor : Using 'application/json', given [application/json, text/plain, */*] and supported [application/json, application/*+json]
2026-09-14T00:05:40.036+08:00 DEBUG 7617 --- [dance-game] [nio-8080-exec-7] m.m.a.RequestResponseBodyMethodProcessor : Using 'application/json', given [application/json, text/plain, */*] and supported [application/json, application/*+json]
2026-09-14T00:05:40.036+08:00 DEBUG 7617 --- [dance-game] [nio-8080-exec-8] m.m.a.RequestResponseBodyMethodProcessor : Writing [R(code=200, msg=操作成功, data=TTournamentVo(id=2099004008896458754, name=345, coverImage=, coverImageUr (truncated)...]
2026-09-14T00:05:40.036+08:00 DEBUG 7617 --- [dance-game] [nio-8080-exec-2] o.s.web.servlet.DispatcherServlet        : Completed 200 OK
2026-09-14T00:05:40.036+08:00 DEBUG 7617 --- [dance-game] [nio-8080-exec-8] o.s.web.servlet.DispatcherServlet        : Completed 200 OK
2026-09-14T00:05:40.037+08:00 DEBUG 7617 --- [dance-game] [nio-8080-exec-7] m.m.a.RequestResponseBodyMethodProcessor : Writing [R(code=200, msg=操作成功, data=TTournamentVo(id=2099004008896458754, name=345, coverImage=, coverImageUr (truncated)...]
2026-09-14T00:05:40.037+08:00 DEBUG 7617 --- [dance-game] [nio-8080-exec-7] o.s.web.servlet.DispatcherServlet        : Completed 200 OK
2026-09-14T00:05:40.038+08:00 DEBUG 7617 --- [dance-game] [nio-8080-exec-5] m.m.a.RequestResponseBodyMethodProcessor : Using 'application/json', given [application/json, text/plain, */*] and supported [application/json, application/*+json]
2026-09-14T00:05:40.038+08:00 DEBUG 7617 --- [dance-game] [nio-8080-exec-5] m.m.a.RequestResponseBodyMethodProcessor : Writing [R(code=200, msg=操作成功, data=TTournamentVo(id=2099004008896458754, name=345, coverImage=, coverImageUr (truncated)...]
2026-09-14T00:05:40.038+08:00 DEBUG 7617 --- [dance-game] [nio-8080-exec-5] o.s.web.servlet.DispatcherServlet        : Completed 200 OK
2026-09-14T00:05:40.042+08:00 DEBUG 7617 --- [dance-game] [io-8080-exec-10] m.m.a.RequestResponseBodyMethodProcessor : Read "application/json;charset=UTF-8" to [SceneSwitchDto(tournamentId=2099004008896458754, screenId=6e03f4fd-dfc4-4b49-a391-293c6a30a2d8, scen (truncated)...]
2026-09-14T00:05:40.042+08:00 DEBUG 7617 --- [dance-game] [nio-8080-exec-4] m.m.a.RequestResponseBodyMethodProcessor : Read "application/json;charset=UTF-8" to [SceneSwitchDto(tournamentId=2099004008896458754, screenId=6e03f4fd-dfc4-4b49-a391-293c6a30a2d8, scen (truncated)...]
2026-09-14T00:05:40.042+08:00 DEBUG 7617 --- [dance-game] [nio-8080-exec-6] m.m.a.RequestResponseBodyMethodProcessor : Read "application/json;charset=UTF-8" to [SceneSwitchDto(tournamentId=2099004008896458754, screenId=6e03f4fd-dfc4-4b49-a391-293c6a30a2d8, scen (truncated)...]
2026-09-14T00:05:40.042+08:00 DEBUG 7617 --- [dance-game] [nio-8080-exec-1] m.m.a.RequestResponseBodyMethodProcessor : Read "application/json;charset=UTF-8" to [SceneSwitchDto(tournamentId=2099004008896458754, screenId=6e03f4fd-dfc4-4b49-a391-293c6a30a2d8, scen (truncated)...]
2026-09-14T00:05:40.043+08:00  INFO 7617 --- [dance-game] [nio-8080-exec-4] o.d.c.s.c.TournamentSseEmitterManager    : 设置屏幕场景 screenId:6e03f4fd-dfc4-4b49-a391-293c6a30a2d8 sceneId:2099004009122951170
2026-09-14T00:05:40.043+08:00  INFO 7617 --- [dance-game] [nio-8080-exec-1] o.d.c.s.c.TournamentSseEmitterManager    : 设置屏幕场景 screenId:6e03f4fd-dfc4-4b49-a391-293c6a30a2d8 sceneId:2099004009122951170
2026-09-14T00:05:40.043+08:00  INFO 7617 --- [dance-game] [nio-8080-exec-6] o.d.c.s.c.TournamentSseEmitterManager    : 设置屏幕场景 screenId:6e03f4fd-dfc4-4b49-a391-293c6a30a2d8 sceneId:2099004009122951170
2026-09-14T00:05:40.043+08:00  INFO 7617 --- [dance-game] [nio-8080-exec-4] o.d.c.s.l.TournamentSseTopicListener     : 赛事SSE主题订阅收到消息screenIds=[6e03f4fd-dfc4-4b49-a391-293c6a30a2d8] terminalIds=null message={"screenId":"6e03f4fd-dfc4-4b49-a391-293c6a30a2d8","sceneId":"2099004009122951170","type":"sceneSwitch"}
2026-09-14T00:05:40.043+08:00  INFO 7617 --- [dance-game] [io-8080-exec-10] o.d.c.s.c.TournamentSseEmitterManager    : 设置屏幕场景 screenId:6e03f4fd-dfc4-4b49-a391-293c6a30a2d8 sceneId:2099004009122951170
2026-09-14T00:05:40.043+08:00  INFO 7617 --- [dance-game] [nio-8080-exec-6] o.d.c.s.l.TournamentSseTopicListener     : 赛事SSE主题订阅收到消息screenIds=[6e03f4fd-dfc4-4b49-a391-293c6a30a2d8] terminalIds=null message={"screenId":"6e03f4fd-dfc4-4b49-a391-293c6a30a2d8","sceneId":"2099004009122951170","type":"sceneSwitch"}
2026-09-14T00:05:40.043+08:00  INFO 7617 --- [dance-game] [nio-8080-exec-1] o.d.c.s.l.TournamentSseTopicListener     : 赛事SSE主题订阅收到消息screenIds=[6e03f4fd-dfc4-4b49-a391-293c6a30a2d8] terminalIds=null message={"screenId":"6e03f4fd-dfc4-4b49-a391-293c6a30a2d8","sceneId":"2099004009122951170","type":"sceneSwitch"}
2026-09-14T00:05:40.043+08:00  INFO 7617 --- [dance-game] [io-8080-exec-10] o.d.c.s.l.TournamentSseTopicListener     : 赛事SSE主题订阅收到消息screenIds=[6e03f4fd-dfc4-4b49-a391-293c6a30a2d8] terminalIds=null message={"screenId":"6e03f4fd-dfc4-4b49-a391-293c6a30a2d8","sceneId":"2099004009122951170","type":"sceneSwitch"}
2026-09-14T00:05:40.044+08:00  INFO 7617 --- [dance-game] [nio-8080-exec-4] o.d.c.s.c.TournamentSseEmitterManager    : SSE发送主题订阅消息topic:global:sse:screen screenIds:[6e03f4fd-dfc4-4b49-a391-293c6a30a2d8] terminalIds:null message:{"screenId":"6e03f4fd-dfc4-4b49-a391-293c6a30a2d8","sceneId":"2099004009122951170","type":"sceneSwitch"}
2026-09-14T00:05:40.044+08:00 DEBUG 7617 --- [dance-game] [nio-8080-exec-4] m.m.a.RequestResponseBodyMethodProcessor : Using 'application/json', given [application/json, text/plain, */*] and supported [application/json, application/*+json]
2026-09-14T00:05:40.044+08:00 DEBUG 7617 --- [dance-game] [nio-8080-exec-6] o.s.w.c.request.async.WebAsyncManager    : Async result set for "/tournament/screen/control"
2026-09-14T00:05:40.044+08:00 DEBUG 7617 --- [dance-game] [nio-8080-exec-6] o.s.w.c.request.async.WebAsyncManager    : Performing async dispatch for "/tournament/screen/control"
2026-09-14T00:05:40.044+08:00 DEBUG 7617 --- [dance-game] [nio-8080-exec-3] o.s.w.c.request.async.WebAsyncManager    : Servlet container error notification for "/tournament/screen/control"
2026-09-14T00:05:40.044+08:00 DEBUG 7617 --- [dance-game] [nio-8080-exec-4] m.m.a.RequestResponseBodyMethodProcessor : Writing [R(code=200, msg=操作成功, data=null)]
2026-09-14T00:05:40.045+08:00 DEBUG 7617 --- [dance-game] [nio-8080-exec-4] o.s.web.servlet.DispatcherServlet        : Completed 200 OK
2026-09-14T00:05:40.045+08:00  INFO 7617 --- [dance-game] [nio-8080-exec-6] o.d.c.s.c.TournamentSseEmitterManager    : SSE发送主题订阅消息topic:global:sse:screen screenIds:[6e03f4fd-dfc4-4b49-a391-293c6a30a2d8] terminalIds:null message:{"screenId":"6e03f4fd-dfc4-4b49-a391-293c6a30a2d8","sceneId":"2099004009122951170","type":"sceneSwitch"}
2026-09-14T00:05:40.045+08:00 DEBUG 7617 --- [dance-game] [nio-8080-exec-6] m.m.a.RequestResponseBodyMethodProcessor : Using 'application/json', given [application/json, text/plain, */*] and supported [application/json, application/*+json]
2026-09-14T00:05:40.045+08:00  INFO 7617 --- [dance-game] [nio-8080-exec-1] o.d.c.s.c.TournamentSseEmitterManager    : SSE发送主题订阅消息topic:global:sse:screen screenIds:[6e03f4fd-dfc4-4b49-a391-293c6a30a2d8] terminalIds:null message:{"screenId":"6e03f4fd-dfc4-4b49-a391-293c6a30a2d8","sceneId":"2099004009122951170","type":"sceneSwitch"}
2026-09-14T00:05:40.045+08:00 DEBUG 7617 --- [dance-game] [nio-8080-exec-6] m.m.a.RequestResponseBodyMethodProcessor : Writing [R(code=200, msg=操作成功, data=null)]
2026-09-14T00:05:40.045+08:00 DEBUG 7617 --- [dance-game] [nio-8080-exec-1] m.m.a.RequestResponseBodyMethodProcessor : Using 'application/json', given [application/json, text/plain, */*] and supported [application/json, application/*+json]
2026-09-14T00:05:40.045+08:00 DEBUG 7617 --- [dance-game] [nio-8080-exec-1] m.m.a.RequestResponseBodyMethodProcessor : Writing [R(code=200, msg=操作成功, data=null)]
2026-09-14T00:05:40.045+08:00 DEBUG 7617 --- [dance-game] [nio-8080-exec-6] o.s.web.servlet.DispatcherServlet        : Completed 200 OK
2026-09-14T00:05:40.045+08:00 DEBUG 7617 --- [dance-game] [nio-8080-exec-3] o.s.web.servlet.DispatcherServlet        : "ASYNC" dispatch for GET "/tournament/screen/control?authKey=9babe1fc5b3449c385a68b2d705ca394&clientid=e5cd7e4891bf95d1d19206ce24a7b32e&screenIds=6e03f4fd-dfc4-4b49-a391-293c6a30a2d8&terminalId=terminal_1789315385686_bzepozkdmyp&tournamentId=2099004008896458754", parameters={masked}
2026-09-14T00:05:40.045+08:00 DEBUG 7617 --- [dance-game] [nio-8080-exec-1] o.s.web.servlet.DispatcherServlet        : Completed 200 OK
2026-09-14T00:05:40.045+08:00  INFO 7617 --- [dance-game] [io-8080-exec-10] o.d.c.s.c.TournamentSseEmitterManager    : SSE发送主题订阅消息topic:global:sse:screen screenIds:[6e03f4fd-dfc4-4b49-a391-293c6a30a2d8] terminalIds:null message:{"screenId":"6e03f4fd-dfc4-4b49-a391-293c6a30a2d8","sceneId":"2099004009122951170","type":"sceneSwitch"}
2026-09-14T00:05:40.045+08:00 DEBUG 7617 --- [dance-game] [io-8080-exec-10] m.m.a.RequestResponseBodyMethodProcessor : Using 'application/json', given [application/json, text/plain, */*] and supported [application/json, application/*+json]
2026-09-14T00:05:40.045+08:00 DEBUG 7617 --- [dance-game] [io-8080-exec-10] m.m.a.RequestResponseBodyMethodProcessor : Writing [R(code=200, msg=操作成功, data=null)]
2026-09-14T00:05:40.046+08:00 DEBUG 7617 --- [dance-game] [io-8080-exec-10] o.s.web.servlet.DispatcherServlet        : Completed 200 OK
2026-09-14T00:05:40.047+08:00 DEBUG 7617 --- [dance-game] [nio-8080-exec-3] s.w.s.m.m.a.RequestMappingHandlerAdapter : Resume with async result [org.springframework.web.context.request.async.AsyncRequestNotUsableException: Response not usable af (truncated)...]
2026-09-14T00:05:40.048+08:00 DEBUG 7617 --- [dance-game] [nio-8080-exec-3] .m.m.a.ExceptionHandlerExceptionResolver : Using @ExceptionHandler org.dromara.common.web.handler.GlobalExceptionHandler#handleIoException(IOException, HttpServletRequest)
2026-09-14T00:05:40.048+08:00 ERROR 7617 --- [dance-game] [nio-8080-exec-3] o.d.c.w.handler.GlobalExceptionHandler   : 请求地址'/tournament/screen/control',连接中断

org.springframework.web.context.request.async.AsyncRequestNotUsableException: Response not usable after response errors.
	at org.springframework.web.context.request.async.StandardServletAsyncWebRequest$LifecycleHttpServletResponse.obtainLockOrRaiseException(StandardServletAsyncWebRequest.java:332) ~[spring-web-7.0.8.jar!/:7.0.8]
	at org.springframework.web.context.request.async.StandardServletAsyncWebRequest$LifecycleHttpServletResponse.flushBuffer(StandardServletAsyncWebRequest.java:314) ~[spring-web-7.0.8.jar!/:7.0.8]
	at org.springframework.http.server.ServletServerHttpResponse.flush(ServletServerHttpResponse.java:126) ~[spring-web-7.0.8.jar!/:7.0.8]
	at org.springframework.http.server.DelegatingServerHttpResponse.flush(DelegatingServerHttpResponse.java:61) ~[spring-web-7.0.8.jar!/:7.0.8]
	at org.springframework.web.servlet.mvc.method.annotation.ResponseBodyEmitterReturnValueHandler$DefaultSseEmitterHandler.complete(ResponseBodyEmitterReturnValueHandler.java:320) ~[spring-webmvc-7.0.8.jar!/:7.0.8]
	at org.springframework.web.servlet.mvc.method.annotation.ResponseBodyEmitter.complete(ResponseBodyEmitter.java:280) ~[spring-webmvc-7.0.8.jar!/:7.0.8]
	at org.dromara.common.sse.core.TournamentSseEmitterManager.lambda$sendMessageToGroup$11(TournamentSseEmitterManager.java:561) ~[!/:0.0.1-SNAPSHOT]
	at java.base/java.util.concurrent.ConcurrentHashMap.removeEntryIf(ConcurrentHashMap.java:1640) ~[na:na]
	at java.base/java.util.concurrent.ConcurrentHashMap$EntrySetView.removeIf(ConcurrentHashMap.java:4839) ~[na:na]
	at org.dromara.common.sse.core.TournamentSseEmitterManager.sendMessageToGroup(TournamentSseEmitterManager.java:554) ~[!/:0.0.1-SNAPSHOT]
	at org.dromara.common.sse.core.TournamentSseEmitterManager.sendMessage(TournamentSseEmitterManager.java:487) ~[!/:0.0.1-SNAPSHOT]
	at org.dromara.common.sse.listener.TournamentSseTopicListener.lambda$run$0(TournamentSseTopicListener.java:39) ~[!/:0.0.1-SNAPSHOT]
	at java.base/java.util.Collections$SingletonList.forEach(Collections.java:5187) ~[na:na]
	at org.dromara.common.sse.listener.TournamentSseTopicListener.lambda$run$1(TournamentSseTopicListener.java:38) ~[!/:0.0.1-SNAPSHOT]
	at org.dromara.common.redis.utils.RedisUtils.dispatchLocally(RedisUtils.java:168) ~[!/:0.0.1-SNAPSHOT]
	at org.dromara.common.redis.utils.RedisUtils.publish(RedisUtils.java:121) ~[!/:0.0.1-SNAPSHOT]
	at org.dromara.common.sse.core.TournamentSseEmitterManager.publishMessage(TournamentSseEmitterManager.java:685) ~[!/:0.0.1-SNAPSHOT]
	at org.dromara.common.sse.controller.SseController.switchScene(SseController.java:123) ~[!/:0.0.1-SNAPSHOT]
	at java.base/jdk.internal.reflect.DirectMethodHandleAccessor.invoke(DirectMethodHandleAccessor.java:103) ~[na:na]
	at java.base/java.lang.reflect.Method.invoke(Method.java:580) ~[na:na]
	at org.springframework.web.method.support.InvocableHandlerMethod.doInvoke(InvocableHandlerMethod.java:252) ~[spring-web-7.0.8.jar!/:7.0.8]
	at org.springframework.web.method.support.InvocableHandlerMethod.invokeForRequest(InvocableHandlerMethod.java:184) ~[spring-web-7.0.8.jar!/:7.0.8]
	at org.springframework.web.servlet.mvc.method.annotation.ServletInvocableHandlerMethod.invokeAndHandle(ServletInvocableHandlerMethod.java:117) ~[spring-webmvc-7.0.8.jar!/:7.0.8]
	at org.springframework.web.servlet.mvc.method.annotation.RequestMappingHandlerAdapter.invokeHandlerMethod(RequestMappingHandlerAdapter.java:934) ~[spring-webmvc-7.0.8.jar!/:7.0.8]
	at org.springframework.web.servlet.mvc.method.annotation.RequestMappingHandlerAdapter.handleInternal(RequestMappingHandlerAdapter.java:853) ~[spring-webmvc-7.0.8.jar!/:7.0.8]
	at org.springframework.web.servlet.mvc.method.AbstractHandlerMethodAdapter.handle(AbstractHandlerMethodAdapter.java:86) ~[spring-webmvc-7.0.8.jar!/:7.0.8]
	at org.springframework.web.servlet.DispatcherServlet.doDispatch(DispatcherServlet.java:963) ~[spring-webmvc-7.0.8.jar!/:7.0.8]
	at org.springframework.web.servlet.DispatcherServlet.doService(DispatcherServlet.java:866) ~[spring-webmvc-7.0.8.jar!/:7.0.8]
	at org.springframework.web.servlet.FrameworkServlet.processRequest(FrameworkServlet.java:1000) ~[spring-webmvc-7.0.8.jar!/:7.0.8]
	at org.springframework.web.servlet.FrameworkServlet.doPost(FrameworkServlet.java:903) ~[spring-webmvc-7.0.8.jar!/:7.0.8]
	at jakarta.servlet.http.HttpServlet.service(HttpServlet.java:649) ~[tomcat-embed-core-11.0.22.jar!/:6.1.0]
	at org.springframework.web.servlet.FrameworkServlet.service(FrameworkServlet.java:874) ~[spring-webmvc-7.0.8.jar!/:7.0.8]
	at jakarta.servlet.http.HttpServlet.service(HttpServlet.java:710) ~[tomcat-embed-core-11.0.22.jar!/:6.1.0]
	at org.apache.catalina.core.ApplicationFilterChain.doFilter(ApplicationFilterChain.java:128) ~[tomcat-embed-core-11.0.22.jar!/:na]
	at org.apache.tomcat.websocket.server.WsFilter.doFilter(WsFilter.java:53) ~[tomcat-embed-websocket-11.0.22.jar!/:na]
	at org.apache.catalina.core.ApplicationFilterChain.doFilter(ApplicationFilterChain.java:107) ~[tomcat-embed-core-11.0.22.jar!/:na]
	at org.springframework.web.filter.OncePerRequestFilter.doFilter(OncePerRequestFilter.java:101) ~[spring-web-7.0.8.jar!/:7.0.8]
	at org.apache.catalina.core.ApplicationFilterChain.doFilter(ApplicationFilterChain.java:107) ~[tomcat-embed-core-11.0.22.jar!/:na]
	at cn.dev33.satoken.filter.SaFirewallCheckFilterForJakartaServlet.doFilter(SaFirewallCheckFilterForJakartaServlet.java:69) ~[sa-token-spring-boot-webmvc-v3v4-common-1.45.0.jar!/:na]
	at org.apache.catalina.core.ApplicationFilterChain.doFilter(ApplicationFilterChain.java:107) ~[tomcat-embed-core-11.0.22.jar!/:na]
	at cn.dev33.satoken.filter.SaTokenCorsFilterForJakartaServlet.doFilter(SaTokenCorsFilterForJakartaServlet.java:52) ~[sa-token-spring-boot-webmvc-v3v4-common-1.45.0.jar!/:na]
	at org.apache.catalina.core.ApplicationFilterChain.doFilter(ApplicationFilterChain.java:107) ~[tomcat-embed-core-11.0.22.jar!/:na]
	at cn.dev33.satoken.filter.SaTokenContextFilterForJakartaServlet.doFilter(SaTokenContextFilterForJakartaServlet.java:40) ~[sa-token-spring-boot-webmvc-v3v4-common-1.45.0.jar!/:na]
	at org.apache.catalina.core.ApplicationFilterChain.doFilter(ApplicationFilterChain.java:107) ~[tomcat-embed-core-11.0.22.jar!/:na]
	at org.springframework.web.filter.RequestContextFilter.doFilterInternal(RequestContextFilter.java:100) ~[spring-web-7.0.8.jar!/:7.0.8]
	at org.springframework.web.filter.OncePerRequestFilter.doFilter(OncePerRequestFilter.java:116) ~[spring-web-7.0.8.jar!/:7.0.8]
	at org.apache.catalina.core.ApplicationFilterChain.doFilter(ApplicationFilterChain.java:107) ~[tomcat-embed-core-11.0.22.jar!/:na]
	at org.springframework.web.filter.FormContentFilter.doFilterInternal(FormContentFilter.java:93) ~[spring-web-7.0.8.jar!/:7.0.8]
	at org.springframework.web.filter.OncePerRequestFilter.doFilter(OncePerRequestFilter.java:116) ~[spring-web-7.0.8.jar!/:7.0.8]
	at org.apache.catalina.core.ApplicationFilterChain.doFilter(ApplicationFilterChain.java:107) ~[tomcat-embed-core-11.0.22.jar!/:na]
	at org.springframework.web.filter.CharacterEncodingFilter.doFilterInternal(CharacterEncodingFilter.java:199) ~[spring-web-7.0.8.jar!/:7.0.8]
	at org.springframework.web.filter.OncePerRequestFilter.doFilter(OncePerRequestFilter.java:116) ~[spring-web-7.0.8.jar!/:7.0.8]
	at org.apache.catalina.core.ApplicationFilterChain.doFilter(ApplicationFilterChain.java:107) ~[tomcat-embed-core-11.0.22.jar!/:na]
	at org.apache.catalina.core.StandardWrapperValve.invoke(StandardWrapperValve.java:165) ~[tomcat-embed-core-11.0.22.jar!/:na]
	at org.apache.catalina.core.StandardContextValve.invoke(StandardContextValve.java:77) ~[tomcat-embed-core-11.0.22.jar!/:na]
	at org.apache.catalina.authenticator.AuthenticatorBase.invoke(AuthenticatorBase.java:492) ~[tomcat-embed-core-11.0.22.jar!/:na]
	at org.apache.catalina.core.StandardHostValve.invoke(StandardHostValve.java:113) ~[tomcat-embed-core-11.0.22.jar!/:na]
	at org.apache.catalina.valves.ErrorReportValve.invoke(ErrorReportValve.java:83) ~[tomcat-embed-core-11.0.22.jar!/:na]
	at org.apache.catalina.core.StandardEngineValve.invoke(StandardEngineValve.java:72) ~[tomcat-embed-core-11.0.22.jar!/:na]
	at org.apache.catalina.connector.CoyoteAdapter.service(CoyoteAdapter.java:341) ~[tomcat-embed-core-11.0.22.jar!/:na]
	at org.apache.coyote.http11.Http11Processor.service(Http11Processor.java:397) ~[tomcat-embed-core-11.0.22.jar!/:na]
	at org.apache.coyote.AbstractProcessorLight.process(AbstractProcessorLight.java:63) ~[tomcat-embed-core-11.0.22.jar!/:na]
	at org.apache.coyote.AbstractProtocol$ConnectionHandler.process(AbstractProtocol.java:1272) ~[tomcat-embed-core-11.0.22.jar!/:na]
	at org.apache.tomcat.util.net.NioEndpoint$SocketProcessor.doRun(NioEndpoint.java:1801) ~[tomcat-embed-core-11.0.22.jar!/:na]
	at org.apache.tomcat.util.net.SocketProcessorBase.run(SocketProcessorBase.java:52) ~[tomcat-embed-core-11.0.22.jar!/:na]
	at org.apache.tomcat.util.threads.ThreadPoolExecutor.runWorker(ThreadPoolExecutor.java:946) ~[tomcat-embed-core-11.0.22.jar!/:na]
	at org.apache.tomcat.util.threads.ThreadPoolExecutor$Worker.run(ThreadPoolExecutor.java:480) ~[tomcat-embed-core-11.0.22.jar!/:na]
	at org.apache.tomcat.util.threads.TaskThread$WrappingRunnable.run(TaskThread.java:57) ~[tomcat-embed-core-11.0.22.jar!/:na]
	at java.base/java.lang.Thread.run(Thread.java:1583) ~[na:na]

2026-09-14T00:05:40.052+08:00 DEBUG 7617 --- [dance-game] [nio-8080-exec-3] o.s.w.s.handler.DisconnectedClient       : Looks like the client has gone away: org.springframework.web.context.request.async.AsyncRequestNotUsableException: Response not usable after response errors. (For a full stack trace, set the log category 'org.apache.commons.logging.impl.Slf4jLogFactory$Slf4jLocationAwareLog@208ef7ca' to TRACE level.)
2026-09-14T00:05:40.052+08:00 DEBUG 7617 --- [dance-game] [nio-8080-exec-3] o.s.web.servlet.DispatcherServlet        : Exiting from "ASYNC" dispatch, status 200
2026-09-14T00:05:40.073+08:00 DEBUG 7617 --- [dance-game] [nio-8080-exec-8] o.s.web.servlet.DispatcherServlet        : GET "/game/competitor/list?stageId=2099004009081008129&pageNum=1&pageSize=999", parameters={masked}
2026-09-14T00:05:40.074+08:00 DEBUG 7617 --- [dance-game] [nio-8080-exec-7] o.s.web.servlet.DispatcherServlet        : GET "/game/competitor/list?stageId=2099004009093591041&pageNum=1&pageSize=999", parameters={masked}
2026-09-14T00:05:40.074+08:00 DEBUG 7617 --- [dance-game] [nio-8080-exec-7] s.w.s.m.m.a.RequestMappingHandlerMapping : Mapped to com.dance.street.game.controller.TCompetitorController#list(TCompetitorBo, PageQuery)
2026-09-14T00:05:40.073+08:00 DEBUG 7617 --- [dance-game] [nio-8080-exec-9] o.s.web.servlet.DispatcherServlet        : GET "/game/competitor/list?stageId=2099004009043259394&pageNum=1&pageSize=999", parameters={masked}
2026-09-14T00:05:40.074+08:00 DEBUG 7617 --- [dance-game] [nio-8080-exec-9] s.w.s.m.m.a.RequestMappingHandlerMapping : Mapped to com.dance.street.game.controller.TCompetitorController#list(TCompetitorBo, PageQuery)
2026-09-14T00:05:40.073+08:00 DEBUG 7617 --- [dance-game] [nio-8080-exec-2] o.s.web.servlet.DispatcherServlet        : GET "/game/competitor/list?stageId=2099004009060036610&pageNum=1&pageSize=999", parameters={masked}
2026-09-14T00:05:40.074+08:00 DEBUG 7617 --- [dance-game] [nio-8080-exec-2] s.w.s.m.m.a.RequestMappingHandlerMapping : Mapped to com.dance.street.game.controller.TCompetitorController#list(TCompetitorBo, PageQuery)
2026-09-14T00:05:40.074+08:00 DEBUG 7617 --- [dance-game] [nio-8080-exec-8] s.w.s.m.m.a.RequestMappingHandlerMapping : Mapped to com.dance.street.game.controller.TCompetitorController#list(TCompetitorBo, PageQuery)
2026-09-14T00:05:40.080+08:00 DEBUG 7617 --- [dance-game] [nio-8080-exec-7] m.m.a.RequestResponseBodyMethodProcessor : Using 'application/json', given [application/json, text/plain, */*] and supported [application/json, application/*+json]
2026-09-14T00:05:40.080+08:00 DEBUG 7617 --- [dance-game] [nio-8080-exec-8] m.m.a.RequestResponseBodyMethodProcessor : Using 'application/json', given [application/json, text/plain, */*] and supported [application/json, application/*+json]
2026-09-14T00:05:40.080+08:00 DEBUG 7617 --- [dance-game] [nio-8080-exec-2] m.m.a.RequestResponseBodyMethodProcessor : Using 'application/json', given [application/json, text/plain, */*] and supported [application/json, application/*+json]
2026-09-14T00:05:40.080+08:00 DEBUG 7617 --- [dance-game] [nio-8080-exec-2] m.m.a.RequestResponseBodyMethodProcessor : Writing [TableDataInfo(total=0, data=[], code=200, msg=查询成功)]
2026-09-14T00:05:40.080+08:00 DEBUG 7617 --- [dance-game] [nio-8080-exec-7] m.m.a.RequestResponseBodyMethodProcessor : Writing [TableDataInfo(total=0, data=[], code=200, msg=查询成功)]
2026-09-14T00:05:40.080+08:00 DEBUG 7617 --- [dance-game] [nio-8080-exec-8] m.m.a.RequestResponseBodyMethodProcessor : Writing [TableDataInfo(total=0, data=[], code=200, msg=查询成功)]
2026-09-14T00:05:40.081+08:00 DEBUG 7617 --- [dance-game] [nio-8080-exec-7] o.s.web.servlet.DispatcherServlet        : Completed 200 OK
2026-09-14T00:05:40.081+08:00 DEBUG 7617 --- [dance-game] [nio-8080-exec-2] o.s.web.servlet.DispatcherServlet        : Completed 200 OK
2026-09-14T00:05:40.081+08:00 DEBUG 7617 --- [dance-game] [nio-8080-exec-8] o.s.web.servlet.DispatcherServlet        : Completed 200 OK
2026-09-14T00:05:40.092+08:00 DEBUG 7617 --- [dance-game] [nio-8080-exec-9] m.m.a.RequestResponseBodyMethodProcessor : Using 'application/json', given [application/json, text/plain, */*] and supported [application/json, application/*+json]
2026-09-14T00:05:40.093+08:00 DEBUG 7617 --- [dance-game] [nio-8080-exec-9] m.m.a.RequestResponseBodyMethodProcessor : Writing [TableDataInfo(total=16, data=[TCompetitorVo(id=2099005659438968833, tournamentId=2099004008896458754 (truncated)...]
2026-09-14T00:05:40.096+08:00 DEBUG 7617 --- [dance-game] [nio-8080-exec-9] o.s.web.servlet.DispatcherServlet        : Completed 200 OK
2026-09-14T00:05:40.115+08:00 DEBUG 7617 --- [dance-game] [nio-8080-exec-5] o.s.web.servlet.DispatcherServlet        : GET "/game/match/list?stageId=2099004009060036610&pageNum=1&pageSize=999", parameters={masked}
2026-09-14T00:05:40.116+08:00 DEBUG 7617 --- [dance-game] [nio-8080-exec-1] o.s.web.servlet.DispatcherServlet        : GET "/game/match/list?stageId=2099004009043259394&pageNum=1&pageSize=999", parameters={masked}
2026-09-14T00:05:40.115+08:00 DEBUG 7617 --- [dance-game] [nio-8080-exec-6] o.s.web.servlet.DispatcherServlet        : GET "/game/match/list?stageId=2099004009093591041&pageNum=1&pageSize=999", parameters={masked}
2026-09-14T00:05:40.116+08:00 DEBUG 7617 --- [dance-game] [nio-8080-exec-1] s.w.s.m.m.a.RequestMappingHandlerMapping : Mapped to com.dance.street.game.controller.TMatchController#list(TMatchBo, PageQuery)
2026-09-14T00:05:40.116+08:00 DEBUG 7617 --- [dance-game] [nio-8080-exec-4] o.s.web.servlet.DispatcherServlet        : GET "/game/match/list?stageId=2099004009081008129&pageNum=1&pageSize=999", parameters={masked}
2026-09-14T00:05:40.116+08:00 DEBUG 7617 --- [dance-game] [nio-8080-exec-5] s.w.s.m.m.a.RequestMappingHandlerMapping : Mapped to com.dance.street.game.controller.TMatchController#list(TMatchBo, PageQuery)
2026-09-14T00:05:40.116+08:00 DEBUG 7617 --- [dance-game] [nio-8080-exec-6] s.w.s.m.m.a.RequestMappingHandlerMapping : Mapped to com.dance.street.game.controller.TMatchController#list(TMatchBo, PageQuery)
2026-09-14T00:05:40.116+08:00 DEBUG 7617 --- [dance-game] [nio-8080-exec-4] s.w.s.m.m.a.RequestMappingHandlerMapping : Mapped to com.dance.street.game.controller.TMatchController#list(TMatchBo, PageQuery)
2026-09-14T00:05:40.126+08:00 DEBUG 7617 --- [dance-game] [nio-8080-exec-6] m.m.a.RequestResponseBodyMethodProcessor : Using 'application/json', given [application/json, text/plain, */*] and supported [application/json, application/*+json]
2026-09-14T00:05:40.126+08:00 DEBUG 7617 --- [dance-game] [nio-8080-exec-5] m.m.a.RequestResponseBodyMethodProcessor : Using 'application/json', given [application/json, text/plain, */*] and supported [application/json, application/*+json]
2026-09-14T00:05:40.126+08:00 DEBUG 7617 --- [dance-game] [nio-8080-exec-4] m.m.a.RequestResponseBodyMethodProcessor : Using 'application/json', given [application/json, text/plain, */*] and supported [application/json, application/*+json]
2026-09-14T00:05:40.126+08:00 DEBUG 7617 --- [dance-game] [nio-8080-exec-6] m.m.a.RequestResponseBodyMethodProcessor : Writing [TableDataInfo(total=0, data=[], code=200, msg=查询成功)]
2026-09-14T00:05:40.126+08:00 DEBUG 7617 --- [dance-game] [nio-8080-exec-5] m.m.a.RequestResponseBodyMethodProcessor : Writing [TableDataInfo(total=0, data=[], code=200, msg=查询成功)]
2026-09-14T00:05:40.126+08:00 DEBUG 7617 --- [dance-game] [nio-8080-exec-4] m.m.a.RequestResponseBodyMethodProcessor : Writing [TableDataInfo(total=0, data=[], code=200, msg=查询成功)]
2026-09-14T00:05:40.126+08:00 DEBUG 7617 --- [dance-game] [nio-8080-exec-6] o.s.web.servlet.DispatcherServlet        : Completed 200 OK
2026-09-14T00:05:40.126+08:00 DEBUG 7617 --- [dance-game] [nio-8080-exec-5] o.s.web.servlet.DispatcherServlet        : Completed 200 OK
2026-09-14T00:05:40.126+08:00 DEBUG 7617 --- [dance-game] [nio-8080-exec-4] o.s.web.servlet.DispatcherServlet        : Completed 200 OK
2026-09-14T00:05:40.169+08:00 DEBUG 7617 --- [dance-game] [nio-8080-exec-2] o.s.web.servlet.DispatcherServlet        : GET "/game/stage/prebracket/2099004009060036610", parameters={}
2026-09-14T00:05:40.169+08:00 DEBUG 7617 --- [dance-game] [io-8080-exec-10] o.s.web.servlet.DispatcherServlet        : GET "/game/stage/prebracket/2099004009093591041", parameters={}
2026-09-14T00:05:40.169+08:00 DEBUG 7617 --- [dance-game] [nio-8080-exec-1] m.m.a.RequestResponseBodyMethodProcessor : Using 'application/json', given [application/json, text/plain, */*] and supported [application/json, application/*+json]
2026-09-14T00:05:40.169+08:00 DEBUG 7617 --- [dance-game] [nio-8080-exec-3] o.s.web.servlet.DispatcherServlet        : GET "/game/stage/prebracket/2099004009081008129", parameters={}
2026-09-14T00:05:40.169+08:00 DEBUG 7617 --- [dance-game] [nio-8080-exec-2] s.w.s.m.m.a.RequestMappingHandlerMapping : Mapped to com.dance.street.game.controller.TStageController#prebracket(Long)
2026-09-14T00:05:40.169+08:00 DEBUG 7617 --- [dance-game] [nio-8080-exec-3] s.w.s.m.m.a.RequestMappingHandlerMapping : Mapped to com.dance.street.game.controller.TStageController#prebracket(Long)
2026-09-14T00:05:40.169+08:00 DEBUG 7617 --- [dance-game] [nio-8080-exec-1] m.m.a.RequestResponseBodyMethodProcessor : Writing [TableDataInfo(total=8, data=[TMatchVo(id=2099005719677562881, tournamentId=2099004008896458754, stag (truncated)...]
2026-09-14T00:05:40.169+08:00 DEBUG 7617 --- [dance-game] [io-8080-exec-10] s.w.s.m.m.a.RequestMappingHandlerMapping : Mapped to com.dance.street.game.controller.TStageController#prebracket(Long)
2026-09-14T00:05:40.169+08:00 DEBUG 7617 --- [dance-game] [nio-8080-exec-1] o.s.web.servlet.DispatcherServlet        : Completed 200 OK
2026-09-14T00:05:40.180+08:00 DEBUG 7617 --- [dance-game] [nio-8080-exec-3] m.m.a.RequestResponseBodyMethodProcessor : Using 'application/json', given [application/json, text/plain, */*] and supported [application/json, application/*+json]
2026-09-14T00:05:40.180+08:00 DEBUG 7617 --- [dance-game] [io-8080-exec-10] m.m.a.RequestResponseBodyMethodProcessor : Using 'application/json', given [application/json, text/plain, */*] and supported [application/json, application/*+json]
2026-09-14T00:05:40.180+08:00 DEBUG 7617 --- [dance-game] [io-8080-exec-10] m.m.a.RequestResponseBodyMethodProcessor : Writing [R(code=200, msg=操作成功, data=PreBracketVo(stageId=2099004009093591041, stageName=决赛, stageMode=KNOCKOU (truncated)...]
2026-09-14T00:05:40.181+08:00 DEBUG 7617 --- [dance-game] [nio-8080-exec-3] m.m.a.RequestResponseBodyMethodProcessor : Writing [R(code=200, msg=操作成功, data=PreBracketVo(stageId=2099004009081008129, stageName=半决赛, stageMode=KNOCKO (truncated)...]
2026-09-14T00:05:40.181+08:00 DEBUG 7617 --- [dance-game] [nio-8080-exec-3] o.s.web.servlet.DispatcherServlet        : Completed 200 OK
2026-09-14T00:05:40.182+08:00 DEBUG 7617 --- [dance-game] [io-8080-exec-10] o.s.web.servlet.DispatcherServlet        : Completed 200 OK
2026-09-14T00:05:40.203+08:00 DEBUG 7617 --- [dance-game] [nio-8080-exec-2] m.m.a.RequestResponseBodyMethodProcessor : Using 'application/json', given [application/json, text/plain, */*] and supported [application/json, application/*+json]
2026-09-14T00:05:40.204+08:00 DEBUG 7617 --- [dance-game] [nio-8080-exec-2] m.m.a.RequestResponseBodyMethodProcessor : Writing [R(code=200, msg=操作成功, data=PreBracketVo(stageId=2099004009060036610, stageName=8强, stageMode=KNOCKOU (truncated)...]
2026-09-14T00:05:40.205+08:00 DEBUG 7617 --- [dance-game] [nio-8080-exec-2] o.s.web.servlet.DispatcherServlet        : Completed 200 OK
2026-09-14T00:05:40.206+08:00 DEBUG 7617 --- [dance-game] [nio-8080-exec-8] o.s.web.servlet.DispatcherServlet        : GET "/game/matchParticipant/list?matchId=2099005719677562881&pageNum=1&pageSize=99", parameters={masked}
2026-09-14T00:05:40.206+08:00 DEBUG 7617 --- [dance-game] [nio-8080-exec-7] o.s.web.servlet.DispatcherServlet        : GET "/game/matchParticipant/list?matchId=2099005719677562885&pageNum=1&pageSize=99", parameters={masked}
2026-09-14T00:05:40.206+08:00 DEBUG 7617 --- [dance-game] [nio-8080-exec-8] s.w.s.m.m.a.RequestMappingHandlerMapping : Mapped to com.dance.street.game.controller.TMatchParticipantController#list(TMatchParticipantBo, PageQuery)
2026-09-14T00:05:40.206+08:00 DEBUG 7617 --- [dance-game] [nio-8080-exec-7] s.w.s.m.m.a.RequestMappingHandlerMapping : Mapped to com.dance.street.game.controller.TMatchParticipantController#list(TMatchParticipantBo, PageQuery)
2026-09-14T00:05:40.207+08:00 DEBUG 7617 --- [dance-game] [nio-8080-exec-9] o.s.web.servlet.DispatcherServlet        : GET "/game/matchParticipant/list?matchId=2099005719681757189&pageNum=1&pageSize=99", parameters={masked}
2026-09-14T00:05:40.207+08:00 DEBUG 7617 --- [dance-game] [nio-8080-exec-9] s.w.s.m.m.a.RequestMappingHandlerMapping : Mapped to com.dance.street.game.controller.TMatchParticipantController#list(TMatchParticipantBo, PageQuery)
2026-09-14T00:05:40.212+08:00 DEBUG 7617 --- [dance-game] [nio-8080-exec-6] o.s.web.servlet.DispatcherServlet        : GET "/game/matchParticipant/list?matchId=2099005719681757193&pageNum=1&pageSize=99", parameters={masked}
2026-09-14T00:05:40.212+08:00 DEBUG 7617 --- [dance-game] [nio-8080-exec-6] s.w.s.m.m.a.RequestMappingHandlerMapping : Mapped to com.dance.street.game.controller.TMatchParticipantController#list(TMatchParticipantBo, PageQuery)
2026-09-14T00:05:40.214+08:00 DEBUG 7617 --- [dance-game] [nio-8080-exec-9] m.m.a.RequestResponseBodyMethodProcessor : Using 'application/json', given [application/json, text/plain, */*] and supported [application/json, application/*+json]
2026-09-14T00:05:40.214+08:00 DEBUG 7617 --- [dance-game] [nio-8080-exec-9] m.m.a.RequestResponseBodyMethodProcessor : Writing [TableDataInfo(total=2, data=[TMatchParticipantVo(id=2099005719681757191, tournamentId=20990040088964 (truncated)...]
2026-09-14T00:05:40.214+08:00 DEBUG 7617 --- [dance-game] [nio-8080-exec-7] m.m.a.RequestResponseBodyMethodProcessor : Using 'application/json', given [application/json, text/plain, */*] and supported [application/json, application/*+json]
2026-09-14T00:05:40.214+08:00 DEBUG 7617 --- [dance-game] [nio-8080-exec-7] m.m.a.RequestResponseBodyMethodProcessor : Writing [TableDataInfo(total=2, data=[TMatchParticipantVo(id=2099005719681757187, tournamentId=20990040088964 (truncated)...]
2026-09-14T00:05:40.214+08:00 DEBUG 7617 --- [dance-game] [nio-8080-exec-8] m.m.a.RequestResponseBodyMethodProcessor : Using 'application/json', given [application/json, text/plain, */*] and supported [application/json, application/*+json]
2026-09-14T00:05:40.214+08:00 DEBUG 7617 --- [dance-game] [nio-8080-exec-9] o.s.web.servlet.DispatcherServlet        : Completed 200 OK
2026-09-14T00:05:40.214+08:00 DEBUG 7617 --- [dance-game] [nio-8080-exec-8] m.m.a.RequestResponseBodyMethodProcessor : Writing [TableDataInfo(total=2, data=[TMatchParticipantVo(id=2099005719677562883, tournamentId=20990040088964 (truncated)...]
2026-09-14T00:05:40.214+08:00 DEBUG 7617 --- [dance-game] [nio-8080-exec-7] o.s.web.servlet.DispatcherServlet        : Completed 200 OK
2026-09-14T00:05:40.214+08:00 DEBUG 7617 --- [dance-game] [nio-8080-exec-8] o.s.web.servlet.DispatcherServlet        : Completed 200 OK
2026-09-14T00:05:40.215+08:00 DEBUG 7617 --- [dance-game] [nio-8080-exec-6] m.m.a.RequestResponseBodyMethodProcessor : Using 'application/json', given [application/json, text/plain, */*] and supported [application/json, application/*+json]
2026-09-14T00:05:40.216+08:00 DEBUG 7617 --- [dance-game] [nio-8080-exec-6] m.m.a.RequestResponseBodyMethodProcessor : Writing [TableDataInfo(total=2, data=[TMatchParticipantVo(id=2099005719681757195, tournamentId=20990040088964 (truncated)...]
2026-09-14T00:05:40.216+08:00 DEBUG 7617 --- [dance-game] [nio-8080-exec-6] o.s.web.servlet.DispatcherServlet        : Completed 200 OK
2026-09-14T00:05:40.220+08:00 DEBUG 7617 --- [dance-game] [nio-8080-exec-1] o.s.web.servlet.DispatcherServlet        : GET "/game/matchParticipant/list?matchId=2099005719681757201&pageNum=1&pageSize=99", parameters={masked}
2026-09-14T00:05:40.220+08:00 DEBUG 7617 --- [dance-game] [nio-8080-exec-4] o.s.web.servlet.DispatcherServlet        : GET "/game/matchParticipant/list?matchId=2099005719681757197&pageNum=1&pageSize=99", parameters={masked}
2026-09-14T00:05:40.220+08:00 DEBUG 7617 --- [dance-game] [nio-8080-exec-3] o.s.web.servlet.DispatcherServlet        : GET "/game/matchParticipant/list?matchId=2099005719685951494&pageNum=1&pageSize=99", parameters={masked}
2026-09-14T00:05:40.220+08:00 DEBUG 7617 --- [dance-game] [nio-8080-exec-5] o.s.web.servlet.DispatcherServlet        : GET "/game/matchParticipant/list?matchId=2099005719685951490&pageNum=1&pageSize=99", parameters={masked}
2026-09-14T00:05:40.220+08:00 DEBUG 7617 --- [dance-game] [nio-8080-exec-4] s.w.s.m.m.a.RequestMappingHandlerMapping : Mapped to com.dance.street.game.controller.TMatchParticipantController#list(TMatchParticipantBo, PageQuery)
2026-09-14T00:05:40.220+08:00 DEBUG 7617 --- [dance-game] [nio-8080-exec-5] s.w.s.m.m.a.RequestMappingHandlerMapping : Mapped to com.dance.street.game.controller.TMatchParticipantController#list(TMatchParticipantBo, PageQuery)
2026-09-14T00:05:40.220+08:00 DEBUG 7617 --- [dance-game] [nio-8080-exec-1] s.w.s.m.m.a.RequestMappingHandlerMapping : Mapped to com.dance.street.game.controller.TMatchParticipantController#list(TMatchParticipantBo, PageQuery)
2026-09-14T00:05:40.220+08:00 DEBUG 7617 --- [dance-game] [nio-8080-exec-3] s.w.s.m.m.a.RequestMappingHandlerMapping : Mapped to com.dance.street.game.controller.TMatchParticipantController#list(TMatchParticipantBo, PageQuery)
2026-09-14T00:05:40.225+08:00 DEBUG 7617 --- [dance-game] [nio-8080-exec-5] m.m.a.RequestResponseBodyMethodProcessor : Using 'application/json', given [application/json, text/plain, */*] and supported [application/json, application/*+json]
2026-09-14T00:05:40.226+08:00 DEBUG 7617 --- [dance-game] [nio-8080-exec-5] m.m.a.RequestResponseBodyMethodProcessor : Writing [TableDataInfo(total=2, data=[TMatchParticipantVo(id=2099005719685951492, tournamentId=20990040088964 (truncated)...]
2026-09-14T00:05:40.225+08:00 DEBUG 7617 --- [dance-game] [nio-8080-exec-3] m.m.a.RequestResponseBodyMethodProcessor : Using 'application/json', given [application/json, text/plain, */*] and supported [application/json, application/*+json]
2026-09-14T00:05:40.226+08:00 DEBUG 7617 --- [dance-game] [nio-8080-exec-3] m.m.a.RequestResponseBodyMethodProcessor : Writing [TableDataInfo(total=2, data=[TMatchParticipantVo(id=2099005719685951496, tournamentId=20990040088964 (truncated)...]
2026-09-14T00:05:40.226+08:00 DEBUG 7617 --- [dance-game] [nio-8080-exec-5] o.s.web.servlet.DispatcherServlet        : Completed 200 OK
2026-09-14T00:05:40.228+08:00 DEBUG 7617 --- [dance-game] [nio-8080-exec-4] m.m.a.RequestResponseBodyMethodProcessor : Using 'application/json', given [application/json, text/plain, */*] and supported [application/json, application/*+json]
2026-09-14T00:05:40.228+08:00 DEBUG 7617 --- [dance-game] [nio-8080-exec-4] m.m.a.RequestResponseBodyMethodProcessor : Writing [TableDataInfo(total=2, data=[TMatchParticipantVo(id=2099005719681757199, tournamentId=20990040088964 (truncated)...]
2026-09-14T00:05:40.228+08:00 DEBUG 7617 --- [dance-game] [nio-8080-exec-4] o.s.web.servlet.DispatcherServlet        : Completed 200 OK
2026-09-14T00:05:40.228+08:00 DEBUG 7617 --- [dance-game] [nio-8080-exec-1] m.m.a.RequestResponseBodyMethodProcessor : Using 'application/json', given [application/json, text/plain, */*] and supported [application/json, application/*+json]
2026-09-14T00:05:40.226+08:00 DEBUG 7617 --- [dance-game] [nio-8080-exec-3] o.s.web.servlet.DispatcherServlet        : Completed 200 OK
2026-09-14T00:05:40.228+08:00 DEBUG 7617 --- [dance-game] [nio-8080-exec-1] m.m.a.RequestResponseBodyMethodProcessor : Writing [TableDataInfo(total=2, data=[TMatchParticipantVo(id=2099005719681757203, tournamentId=20990040088964 (truncated)...]
2026-09-14T00:05:40.231+08:00 DEBUG 7617 --- [dance-game] [nio-8080-exec-1] o.s.web.servlet.DispatcherServlet        : Completed 200 OK
2026-09-14T00:05:40.427+08:00 DEBUG 7617 --- [dance-game] [io-8080-exec-10] o.s.web.servlet.DispatcherServlet        : GET "/login/passwordStatus", parameters={}
2026-09-14T00:05:40.427+08:00 DEBUG 7617 --- [dance-game] [io-8080-exec-10] s.w.s.m.m.a.RequestMappingHandlerMapping : Mapped to com.dance.street.game.controller.PasswordController#passwordStatus()
2026-09-14T00:05:40.428+08:00 DEBUG 7617 --- [dance-game] [io-8080-exec-10] o.s.jdbc.core.JdbcTemplate               : Executing prepared SQL query
2026-09-14T00:05:40.428+08:00 DEBUG 7617 --- [dance-game] [io-8080-exec-10] o.s.jdbc.core.JdbcTemplate               : Executing prepared SQL statement [SELECT password FROM t_login_account WHERE username = ? LIMIT 1]
2026-09-14T00:05:40.498+08:00 DEBUG 7617 --- [dance-game] [io-8080-exec-10] m.m.a.RequestResponseBodyMethodProcessor : Using 'application/json', given [application/json, text/plain, */*] and supported [application/json, application/*+json]
2026-09-14T00:05:40.499+08:00 DEBUG 7617 --- [dance-game] [io-8080-exec-10] m.m.a.RequestResponseBodyMethodProcessor : Writing [R(code=200, msg=操作成功, data={defaultPassword=true})]
2026-09-14T00:05:40.499+08:00 DEBUG 7617 --- [dance-game] [io-8080-exec-10] o.s.web.servlet.DispatcherServlet        : Completed 200 OK
2026-09-14T00:05:40.582+08:00 DEBUG 7617 --- [dance-game] [nio-8080-exec-2] o.s.web.servlet.DispatcherServlet        : GET "/game/visScene/list?tournamentId=2099004008896458754", parameters={masked}
2026-09-14T00:05:40.582+08:00 DEBUG 7617 --- [dance-game] [nio-8080-exec-2] s.w.s.m.m.a.RequestMappingHandlerMapping : Mapped to com.dance.street.game.controller.TVisSceneController#list(TVisSceneBo, PageQuery)
2026-09-14T00:05:40.585+08:00 DEBUG 7617 --- [dance-game] [nio-8080-exec-2] m.m.a.RequestResponseBodyMethodProcessor : Using 'application/json', given [application/json, text/plain, */*] and supported [application/json, application/*+json]
2026-09-14T00:05:40.585+08:00 DEBUG 7617 --- [dance-game] [nio-8080-exec-2] m.m.a.RequestResponseBodyMethodProcessor : Writing [TableDataInfo(total=2, data=[TVisSceneVo(id=2099004009110368258, tournamentId=2099004008896458754, n (truncated)...]
2026-09-14T00:05:40.585+08:00 DEBUG 7617 --- [dance-game] [nio-8080-exec-2] o.s.web.servlet.DispatcherServlet        : Completed 200 OK
2026-09-14T00:05:40.590+08:00 DEBUG 7617 --- [dance-game] [nio-8080-exec-8] o.s.web.servlet.DispatcherServlet        : GET "/game/visWidget/list?tournamentId=2099004008896458754&sceneId=2099004009122951170", parameters={masked}
2026-09-14T00:05:40.590+08:00 DEBUG 7617 --- [dance-game] [nio-8080-exec-9] o.s.web.servlet.DispatcherServlet        : GET "/game/visWidget/list?tournamentId=2099004008896458754&sceneId=2099004009110368258", parameters={masked}
2026-09-14T00:05:40.590+08:00 DEBUG 7617 --- [dance-game] [nio-8080-exec-8] s.w.s.m.m.a.RequestMappingHandlerMapping : Mapped to com.dance.street.game.controller.TVisWidgetController#list(TVisWidgetBo, PageQuery)
2026-09-14T00:05:40.590+08:00 DEBUG 7617 --- [dance-game] [nio-8080-exec-9] s.w.s.m.m.a.RequestMappingHandlerMapping : Mapped to com.dance.street.game.controller.TVisWidgetController#list(TVisWidgetBo, PageQuery)
2026-09-14T00:05:40.595+08:00 DEBUG 7617 --- [dance-game] [nio-8080-exec-9] m.m.a.RequestResponseBodyMethodProcessor : Using 'application/json', given [application/json, text/plain, */*] and supported [application/json, application/*+json]
2026-09-14T00:05:40.596+08:00 DEBUG 7617 --- [dance-game] [nio-8080-exec-8] m.m.a.RequestResponseBodyMethodProcessor : Using 'application/json', given [application/json, text/plain, */*] and supported [application/json, application/*+json]
2026-09-14T00:05:40.596+08:00 DEBUG 7617 --- [dance-game] [nio-8080-exec-8] m.m.a.RequestResponseBodyMethodProcessor : Writing [TableDataInfo(total=6, data=[TVisWidgetVo(id=2099004009160699905, tournamentId=2099004008896458754,  (truncated)...]
2026-09-14T00:05:40.596+08:00 DEBUG 7617 --- [dance-game] [nio-8080-exec-9] m.m.a.RequestResponseBodyMethodProcessor : Writing [TableDataInfo(total=1, data=[TVisWidgetVo(id=2099004009148116993, tournamentId=2099004008896458754,  (truncated)...]
2026-09-14T00:05:40.596+08:00 DEBUG 7617 --- [dance-game] [nio-8080-exec-9] o.s.web.servlet.DispatcherServlet        : Completed 200 OK
2026-09-14T00:05:40.596+08:00 DEBUG 7617 --- [dance-game] [nio-8080-exec-8] o.s.web.servlet.DispatcherServlet        : Completed 200 OK
2026-09-14T00:05:40.607+08:00 DEBUG 7617 --- [dance-game] [nio-8080-exec-7] o.s.web.servlet.DispatcherServlet        : GET "/game/tournament/authKey/2099004008896458754", parameters={}
2026-09-14T00:05:40.608+08:00 DEBUG 7617 --- [dance-game] [nio-8080-exec-7] s.w.s.m.m.a.RequestMappingHandlerMapping : Mapped to com.dance.street.game.controller.TTournamentController#getAuthKey(Long)
2026-09-14T00:05:40.610+08:00 DEBUG 7617 --- [dance-game] [nio-8080-exec-7] m.m.a.RequestResponseBodyMethodProcessor : Using 'application/json', given [application/json, text/plain, */*] and supported [application/json, application/*+json]
2026-09-14T00:05:40.611+08:00 DEBUG 7617 --- [dance-game] [nio-8080-exec-7] m.m.a.RequestResponseBodyMethodProcessor : Writing [R(code=200, msg=操作成功, data={authKey=9babe1fc5b3449c385a68b2d705ca394})]
2026-09-14T00:05:40.611+08:00 DEBUG 7617 --- [dance-game] [nio-8080-exec-7] o.s.web.servlet.DispatcherServlet        : Completed 200 OK
2026-09-14T00:05:42.176+08:00 DEBUG 7617 --- [dance-game] [nio-8080-exec-6] o.s.web.servlet.DispatcherServlet        : GET "/tournament/screen/control?authKey=9babe1fc5b3449c385a68b2d705ca394&clientid=e5cd7e4891bf95d1d19206ce24a7b32e&screenIds=6e03f4fd-dfc4-4b49-a391-293c6a30a2d8&terminalId=terminal_1789315542170_z1324rkns6&tournamentId=2099004008896458754", parameters={masked}
2026-09-14T00:05:42.177+08:00 DEBUG 7617 --- [dance-game] [nio-8080-exec-6] s.w.s.m.m.a.RequestMappingHandlerMapping : Mapped to org.dromara.common.sse.controller.SseController#screenControl(String, String, String, String, HttpServletRequest)
2026-09-14T00:05:42.184+08:00 DEBUG 7617 --- [dance-game] [nio-8080-exec-6] o.s.w.c.request.async.WebAsyncManager    : Started async request for "/tournament/screen/control"
2026-09-14T00:05:42.184+08:00 DEBUG 7617 --- [dance-game] [nio-8080-exec-6] o.s.web.servlet.DispatcherServlet        : Exiting but response remains open for further handling
2026-09-14T00:05:42.353+08:00 DEBUG 7617 --- [dance-game] [nio-8080-exec-5] o.s.web.servlet.DispatcherServlet        : GET "/uploads/2026/09/14/936ef8c9ae4749cb9eeb9a9c437ff243.png", parameters={}
2026-09-14T00:05:42.353+08:00 DEBUG 7617 --- [dance-game] [nio-8080-exec-3] o.s.web.servlet.DispatcherServlet        : GET "/game/stage/2099004009093591041", parameters={}
2026-09-14T00:05:42.353+08:00 DEBUG 7617 --- [dance-game] [nio-8080-exec-4] o.s.web.servlet.DispatcherServlet        : GET "/game/tournament/2099004008896458754", parameters={}
2026-09-14T00:05:42.353+08:00 DEBUG 7617 --- [dance-game] [nio-8080-exec-3] s.w.s.m.m.a.RequestMappingHandlerMapping : Mapped to com.dance.street.game.controller.TStageController#getInfo(Long)
2026-09-14T00:05:42.354+08:00 DEBUG 7617 --- [dance-game] [nio-8080-exec-5] o.s.w.s.handler.SimpleUrlHandlerMapping  : Mapped to ResourceHttpRequestHandler [URL [file:/Users/duane/dance-battle/upload/]]
2026-09-14T00:05:42.353+08:00 DEBUG 7617 --- [dance-game] [nio-8080-exec-4] s.w.s.m.m.a.RequestMappingHandlerMapping : Mapped to com.dance.street.game.controller.TTournamentController#getInfo(Long)
2026-09-14T00:05:42.357+08:00 DEBUG 7617 --- [dance-game] [nio-8080-exec-3] m.m.a.RequestResponseBodyMethodProcessor : Using 'application/json', given [application/json, text/plain, */*] and supported [application/json, application/*+json]
2026-09-14T00:05:42.357+08:00 DEBUG 7617 --- [dance-game] [nio-8080-exec-3] m.m.a.RequestResponseBodyMethodProcessor : Writing [R(code=200, msg=操作成功, data=TStageVo(id=2099004009093591041, tournamentId=2099004008896458754, prevSt (truncated)...]
2026-09-14T00:05:42.359+08:00 DEBUG 7617 --- [dance-game] [nio-8080-exec-3] o.s.web.servlet.DispatcherServlet        : Completed 200 OK
2026-09-14T00:05:42.360+08:00 DEBUG 7617 --- [dance-game] [nio-8080-exec-5] o.s.web.servlet.DispatcherServlet        : Completed 200 OK
2026-09-14T00:05:42.357+08:00 DEBUG 7617 --- [dance-game] [nio-8080-exec-4] m.m.a.RequestResponseBodyMethodProcessor : Using 'application/json', given [application/json, text/plain, */*] and supported [application/json, application/*+json]
2026-09-14T00:05:42.360+08:00 DEBUG 7617 --- [dance-game] [nio-8080-exec-4] m.m.a.RequestResponseBodyMethodProcessor : Writing [R(code=200, msg=操作成功, data=TTournamentVo(id=2099004008896458754, name=345, coverImage=, coverImageUr (truncated)...]
2026-09-14T00:05:42.361+08:00 DEBUG 7617 --- [dance-game] [nio-8080-exec-4] o.s.web.servlet.DispatcherServlet        : Completed 200 OK
2026-09-14T00:05:42.368+08:00 DEBUG 7617 --- [dance-game] [io-8080-exec-10] o.s.web.servlet.DispatcherServlet        : GET "/game/stage/2099004009043259394", parameters={}
2026-09-14T00:05:42.368+08:00 DEBUG 7617 --- [dance-game] [nio-8080-exec-1] o.s.web.servlet.DispatcherServlet        : GET "/game/stage/2099004009081008129", parameters={}
2026-09-14T00:05:42.368+08:00 DEBUG 7617 --- [dance-game] [nio-8080-exec-2] o.s.web.servlet.DispatcherServlet        : GET "/game/stage/2099004009060036610", parameters={}
2026-09-14T00:05:42.369+08:00 DEBUG 7617 --- [dance-game] [nio-8080-exec-1] s.w.s.m.m.a.RequestMappingHandlerMapping : Mapped to com.dance.street.game.controller.TStageController#getInfo(Long)
2026-09-14T00:05:42.369+08:00 DEBUG 7617 --- [dance-game] [io-8080-exec-10] s.w.s.m.m.a.RequestMappingHandlerMapping : Mapped to com.dance.street.game.controller.TStageController#getInfo(Long)
2026-09-14T00:05:42.370+08:00 DEBUG 7617 --- [dance-game] [nio-8080-exec-2] s.w.s.m.m.a.RequestMappingHandlerMapping : Mapped to com.dance.street.game.controller.TStageController#getInfo(Long)
2026-09-14T00:05:42.372+08:00 DEBUG 7617 --- [dance-game] [nio-8080-exec-1] m.m.a.RequestResponseBodyMethodProcessor : Using 'application/json', given [application/json, text/plain, */*] and supported [application/json, application/*+json]
2026-09-14T00:05:42.372+08:00 DEBUG 7617 --- [dance-game] [nio-8080-exec-1] m.m.a.RequestResponseBodyMethodProcessor : Writing [R(code=200, msg=操作成功, data=TStageVo(id=2099004009081008129, tournamentId=2099004008896458754, prevSt (truncated)...]
2026-09-14T00:05:42.372+08:00 DEBUG 7617 --- [dance-game] [nio-8080-exec-2] m.m.a.RequestResponseBodyMethodProcessor : Using 'application/json', given [application/json, text/plain, */*] and supported [application/json, application/*+json]
2026-09-14T00:05:42.372+08:00 DEBUG 7617 --- [dance-game] [io-8080-exec-10] m.m.a.RequestResponseBodyMethodProcessor : Using 'application/json', given [application/json, text/plain, */*] and supported [application/json, application/*+json]
2026-09-14T00:05:42.372+08:00 DEBUG 7617 --- [dance-game] [nio-8080-exec-2] m.m.a.RequestResponseBodyMethodProcessor : Writing [R(code=200, msg=操作成功, data=TStageVo(id=2099004009060036610, tournamentId=2099004008896458754, prevSt (truncated)...]
2026-09-14T00:05:42.372+08:00 DEBUG 7617 --- [dance-game] [io-8080-exec-10] m.m.a.RequestResponseBodyMethodProcessor : Writing [R(code=200, msg=操作成功, data=TStageVo(id=2099004009043259394, tournamentId=2099004008896458754, prevSt (truncated)...]
2026-09-14T00:05:42.372+08:00 DEBUG 7617 --- [dance-game] [nio-8080-exec-1] o.s.web.servlet.DispatcherServlet        : Completed 200 OK
2026-09-14T00:05:42.373+08:00 DEBUG 7617 --- [dance-game] [nio-8080-exec-2] o.s.web.servlet.DispatcherServlet        : Completed 200 OK
2026-09-14T00:05:42.373+08:00 DEBUG 7617 --- [dance-game] [io-8080-exec-10] o.s.web.servlet.DispatcherServlet        : Completed 200 OK
2026-09-14T00:05:42.377+08:00 DEBUG 7617 --- [dance-game] [nio-8080-exec-7] o.s.web.servlet.DispatcherServlet        : GET "/game/stage/flow/2099004008896458754", parameters={}
2026-09-14T00:05:42.377+08:00 DEBUG 7617 --- [dance-game] [nio-8080-exec-9] o.s.web.servlet.DispatcherServlet        : GET "/tournament/event/sse?tournamentId=2099004008896458754&clientid=e5cd7e4891bf95d1d19206ce24a7b32e", parameters={masked}
2026-09-14T00:05:42.377+08:00 DEBUG 7617 --- [dance-game] [nio-8080-exec-8] o.s.web.servlet.DispatcherServlet        : GET "/game/tournament/2099004008896458754", parameters={}
2026-09-14T00:05:42.378+08:00 DEBUG 7617 --- [dance-game] [nio-8080-exec-7] s.w.s.m.m.a.RequestMappingHandlerMapping : Mapped to com.dance.street.game.controller.TStageController#flow(Long)
2026-09-14T00:05:42.378+08:00 DEBUG 7617 --- [dance-game] [nio-8080-exec-9] s.w.s.m.m.a.RequestMappingHandlerMapping : Mapped to com.dance.street.game.controller.TournamentEventController#event(Long, String)
2026-09-14T00:05:42.378+08:00 DEBUG 7617 --- [dance-game] [nio-8080-exec-8] s.w.s.m.m.a.RequestMappingHandlerMapping : Mapped to com.dance.street.game.controller.TTournamentController#getInfo(Long)
2026-09-14T00:05:42.378+08:00  INFO 7617 --- [dance-game] [nio-8080-exec-9] d.c.s.c.TournamentEventSseEmitterManager : 赛事[2099004008896458754]事件SSE连接建立(普通),当前在线连接数:5
2026-09-14T00:05:42.378+08:00 DEBUG 7617 --- [dance-game] [nio-8080-exec-9] o.s.w.c.request.async.WebAsyncManager    : Started async request for "/tournament/event/sse"
2026-09-14T00:05:42.379+08:00 DEBUG 7617 --- [dance-game] [nio-8080-exec-9] o.s.web.servlet.DispatcherServlet        : Exiting but response remains open for further handling
2026-09-14T00:05:42.379+08:00 DEBUG 7617 --- [dance-game] [nio-8080-exec-8] m.m.a.RequestResponseBodyMethodProcessor : Using 'application/json', given [application/json, text/plain, */*] and supported [application/json, application/*+json]
2026-09-14T00:05:42.379+08:00 DEBUG 7617 --- [dance-game] [nio-8080-exec-8] m.m.a.RequestResponseBodyMethodProcessor : Writing [R(code=200, msg=操作成功, data=TTournamentVo(id=2099004008896458754, name=345, coverImage=, coverImageUr (truncated)...]
2026-09-14T00:05:42.379+08:00 DEBUG 7617 --- [dance-game] [nio-8080-exec-8] o.s.web.servlet.DispatcherServlet        : Completed 200 OK
2026-09-14T00:05:42.380+08:00 DEBUG 7617 --- [dance-game] [nio-8080-exec-7] m.m.a.RequestResponseBodyMethodProcessor : Using 'application/json', given [application/json, text/plain, */*] and supported [application/json, application/*+json]
2026-09-14T00:05:42.380+08:00 DEBUG 7617 --- [dance-game] [nio-8080-exec-7] m.m.a.RequestResponseBodyMethodProcessor : Writing [R(code=200, msg=操作成功, data=StageFlowVo(stages=[StageFlowVo.StageFlowItem(id=2099004008971956226, nam (truncated)...]
2026-09-14T00:05:42.381+08:00 DEBUG 7617 --- [dance-game] [nio-8080-exec-7] o.s.web.servlet.DispatcherServlet        : Completed 200 OK
2026-09-14T00:05:42.391+08:00 DEBUG 7617 --- [dance-game] [nio-8080-exec-6] o.s.web.servlet.DispatcherServlet        : GET "/game/tournament/2099004008896458754", parameters={}
2026-09-14T00:05:42.391+08:00 DEBUG 7617 --- [dance-game] [nio-8080-exec-3] o.s.web.servlet.DispatcherServlet        : GET "/game/competitor/list?stageId=2099004009093591041&pageNum=1&pageSize=999", parameters={masked}
2026-09-14T00:05:42.391+08:00 DEBUG 7617 --- [dance-game] [nio-8080-exec-3] s.w.s.m.m.a.RequestMappingHandlerMapping : Mapped to com.dance.street.game.controller.TCompetitorController#list(TCompetitorBo, PageQuery)
2026-09-14T00:05:42.391+08:00 DEBUG 7617 --- [dance-game] [nio-8080-exec-6] s.w.s.m.m.a.RequestMappingHandlerMapping : Mapped to com.dance.street.game.controller.TTournamentController#getInfo(Long)
2026-09-14T00:05:42.392+08:00 DEBUG 7617 --- [dance-game] [nio-8080-exec-6] m.m.a.RequestResponseBodyMethodProcessor : Using 'application/json', given [application/json, text/plain, */*] and supported [application/json, application/*+json]
2026-09-14T00:05:42.392+08:00 DEBUG 7617 --- [dance-game] [nio-8080-exec-6] m.m.a.RequestResponseBodyMethodProcessor : Writing [R(code=200, msg=操作成功, data=TTournamentVo(id=2099004008896458754, name=345, coverImage=, coverImageUr (truncated)...]
2026-09-14T00:05:42.393+08:00 DEBUG 7617 --- [dance-game] [nio-8080-exec-6] o.s.web.servlet.DispatcherServlet        : Completed 200 OK
2026-09-14T00:05:42.394+08:00 DEBUG 7617 --- [dance-game] [nio-8080-exec-3] m.m.a.RequestResponseBodyMethodProcessor : Using 'application/json', given [application/json, text/plain, */*] and supported [application/json, application/*+json]
2026-09-14T00:05:42.394+08:00 DEBUG 7617 --- [dance-game] [nio-8080-exec-3] m.m.a.RequestResponseBodyMethodProcessor : Writing [TableDataInfo(total=0, data=[], code=200, msg=查询成功)]
2026-09-14T00:05:42.395+08:00 DEBUG 7617 --- [dance-game] [nio-8080-exec-3] o.s.web.servlet.DispatcherServlet        : Completed 200 OK
2026-09-14T00:05:42.396+08:00 DEBUG 7617 --- [dance-game] [nio-8080-exec-5] o.s.web.servlet.DispatcherServlet        : GET "/game/tournament/2099004008896458754", parameters={}
2026-09-14T00:05:42.396+08:00 DEBUG 7617 --- [dance-game] [nio-8080-exec-5] s.w.s.m.m.a.RequestMappingHandlerMapping : Mapped to com.dance.street.game.controller.TTournamentController#getInfo(Long)
2026-09-14T00:05:42.397+08:00 DEBUG 7617 --- [dance-game] [nio-8080-exec-4] o.s.web.servlet.DispatcherServlet        : GET "/game/competitor/list?stageId=2099004009081008129&pageNum=1&pageSize=999", parameters={masked}
2026-09-14T00:05:42.397+08:00 DEBUG 7617 --- [dance-game] [nio-8080-exec-4] s.w.s.m.m.a.RequestMappingHandlerMapping : Mapped to com.dance.street.game.controller.TCompetitorController#list(TCompetitorBo, PageQuery)
2026-09-14T00:05:42.398+08:00 DEBUG 7617 --- [dance-game] [nio-8080-exec-5] m.m.a.RequestResponseBodyMethodProcessor : Using 'application/json', given [application/json, text/plain, */*] and supported [application/json, application/*+json]
2026-09-14T00:05:42.398+08:00 DEBUG 7617 --- [dance-game] [nio-8080-exec-5] m.m.a.RequestResponseBodyMethodProcessor : Writing [R(code=200, msg=操作成功, data=TTournamentVo(id=2099004008896458754, name=345, coverImage=, coverImageUr (truncated)...]
2026-09-14T00:05:42.398+08:00 DEBUG 7617 --- [dance-game] [nio-8080-exec-5] o.s.web.servlet.DispatcherServlet        : Completed 200 OK
2026-09-14T00:05:42.400+08:00 DEBUG 7617 --- [dance-game] [nio-8080-exec-4] m.m.a.RequestResponseBodyMethodProcessor : Using 'application/json', given [application/json, text/plain, */*] and supported [application/json, application/*+json]
2026-09-14T00:05:42.401+08:00 DEBUG 7617 --- [dance-game] [nio-8080-exec-4] m.m.a.RequestResponseBodyMethodProcessor : Writing [TableDataInfo(total=0, data=[], code=200, msg=查询成功)]
2026-09-14T00:05:42.401+08:00 DEBUG 7617 --- [dance-game] [nio-8080-exec-4] o.s.web.servlet.DispatcherServlet        : Completed 200 OK
2026-09-14T00:05:42.401+08:00 DEBUG 7617 --- [dance-game] [nio-8080-exec-1] o.s.web.servlet.DispatcherServlet        : GET "/game/match/list?stageId=2099004009093591041&pageNum=1&pageSize=999", parameters={masked}
2026-09-14T00:05:42.401+08:00 DEBUG 7617 --- [dance-game] [nio-8080-exec-1] s.w.s.m.m.a.RequestMappingHandlerMapping : Mapped to com.dance.street.game.controller.TMatchController#list(TMatchBo, PageQuery)
2026-09-14T00:05:42.404+08:00 DEBUG 7617 --- [dance-game] [nio-8080-exec-2] o.s.web.servlet.DispatcherServlet        : GET "/game/tournament/2099004008896458754", parameters={}
2026-09-14T00:05:42.404+08:00 DEBUG 7617 --- [dance-game] [nio-8080-exec-2] s.w.s.m.m.a.RequestMappingHandlerMapping : Mapped to com.dance.street.game.controller.TTournamentController#getInfo(Long)
2026-09-14T00:05:42.405+08:00 DEBUG 7617 --- [dance-game] [nio-8080-exec-2] m.m.a.RequestResponseBodyMethodProcessor : Using 'application/json', given [application/json, text/plain, */*] and supported [application/json, application/*+json]
2026-09-14T00:05:42.405+08:00 DEBUG 7617 --- [dance-game] [nio-8080-exec-1] m.m.a.RequestResponseBodyMethodProcessor : Using 'application/json', given [application/json, text/plain, */*] and supported [application/json, application/*+json]
2026-09-14T00:05:42.405+08:00 DEBUG 7617 --- [dance-game] [nio-8080-exec-2] m.m.a.RequestResponseBodyMethodProcessor : Writing [R(code=200, msg=操作成功, data=TTournamentVo(id=2099004008896458754, name=345, coverImage=, coverImageUr (truncated)...]
2026-09-14T00:05:42.405+08:00 DEBUG 7617 --- [dance-game] [nio-8080-exec-1] m.m.a.RequestResponseBodyMethodProcessor : Writing [TableDataInfo(total=0, data=[], code=200, msg=查询成功)]
2026-09-14T00:05:42.405+08:00 DEBUG 7617 --- [dance-game] [nio-8080-exec-1] o.s.web.servlet.DispatcherServlet        : Completed 200 OK
2026-09-14T00:05:42.405+08:00 DEBUG 7617 --- [dance-game] [nio-8080-exec-2] o.s.web.servlet.DispatcherServlet        : Completed 200 OK
2026-09-14T00:05:42.409+08:00 DEBUG 7617 --- [dance-game] [io-8080-exec-10] o.s.web.servlet.DispatcherServlet        : GET "/game/competitor/list?stageId=2099004009060036610&pageNum=1&pageSize=999", parameters={masked}
2026-09-14T00:05:42.409+08:00 DEBUG 7617 --- [dance-game] [nio-8080-exec-9] o.s.web.servlet.DispatcherServlet        : GET "/game/match/list?stageId=2099004009081008129&pageNum=1&pageSize=999", parameters={masked}
2026-09-14T00:05:42.409+08:00 DEBUG 7617 --- [dance-game] [io-8080-exec-10] s.w.s.m.m.a.RequestMappingHandlerMapping : Mapped to com.dance.street.game.controller.TCompetitorController#list(TCompetitorBo, PageQuery)
2026-09-14T00:05:42.409+08:00 DEBUG 7617 --- [dance-game] [nio-8080-exec-9] s.w.s.m.m.a.RequestMappingHandlerMapping : Mapped to com.dance.street.game.controller.TMatchController#list(TMatchBo, PageQuery)
2026-09-14T00:05:42.411+08:00 DEBUG 7617 --- [dance-game] [io-8080-exec-10] m.m.a.RequestResponseBodyMethodProcessor : Using 'application/json', given [application/json, text/plain, */*] and supported [application/json, application/*+json]
2026-09-14T00:05:42.411+08:00 DEBUG 7617 --- [dance-game] [nio-8080-exec-9] m.m.a.RequestResponseBodyMethodProcessor : Using 'application/json', given [application/json, text/plain, */*] and supported [application/json, application/*+json]
2026-09-14T00:05:42.411+08:00 DEBUG 7617 --- [dance-game] [io-8080-exec-10] m.m.a.RequestResponseBodyMethodProcessor : Writing [TableDataInfo(total=0, data=[], code=200, msg=查询成功)]
2026-09-14T00:05:42.411+08:00 DEBUG 7617 --- [dance-game] [nio-8080-exec-9] m.m.a.RequestResponseBodyMethodProcessor : Writing [TableDataInfo(total=0, data=[], code=200, msg=查询成功)]
2026-09-14T00:05:42.412+08:00 DEBUG 7617 --- [dance-game] [nio-8080-exec-9] o.s.web.servlet.DispatcherServlet        : Completed 200 OK
2026-09-14T00:05:42.412+08:00 DEBUG 7617 --- [dance-game] [io-8080-exec-10] o.s.web.servlet.DispatcherServlet        : Completed 200 OK
2026-09-14T00:05:42.415+08:00 DEBUG 7617 --- [dance-game] [nio-8080-exec-7] o.s.web.servlet.DispatcherServlet        : GET "/game/competitor/list?stageId=2099004009043259394&pageNum=1&pageSize=999", parameters={masked}
2026-09-14T00:05:42.415+08:00 DEBUG 7617 --- [dance-game] [nio-8080-exec-8] o.s.web.servlet.DispatcherServlet        : GET "/game/stage/prebracket/2099004009093591041", parameters={}
2026-09-14T00:05:42.415+08:00 DEBUG 7617 --- [dance-game] [nio-8080-exec-7] s.w.s.m.m.a.RequestMappingHandlerMapping : Mapped to com.dance.street.game.controller.TCompetitorController#list(TCompetitorBo, PageQuery)
2026-09-14T00:05:42.415+08:00 DEBUG 7617 --- [dance-game] [nio-8080-exec-8] s.w.s.m.m.a.RequestMappingHandlerMapping : Mapped to com.dance.street.game.controller.TStageController#prebracket(Long)
2026-09-14T00:05:42.418+08:00 DEBUG 7617 --- [dance-game] [nio-8080-exec-8] m.m.a.RequestResponseBodyMethodProcessor : Using 'application/json', given [application/json, text/plain, */*] and supported [application/json, application/*+json]
2026-09-14T00:05:42.418+08:00 DEBUG 7617 --- [dance-game] [nio-8080-exec-8] m.m.a.RequestResponseBodyMethodProcessor : Writing [R(code=200, msg=操作成功, data=PreBracketVo(stageId=2099004009093591041, stageName=决赛, stageMode=KNOCKOU (truncated)...]
2026-09-14T00:05:42.418+08:00 DEBUG 7617 --- [dance-game] [nio-8080-exec-8] o.s.web.servlet.DispatcherServlet        : Completed 200 OK
2026-09-14T00:05:42.421+08:00 DEBUG 7617 --- [dance-game] [nio-8080-exec-7] m.m.a.RequestResponseBodyMethodProcessor : Using 'application/json', given [application/json, text/plain, */*] and supported [application/json, application/*+json]
2026-09-14T00:05:42.421+08:00 DEBUG 7617 --- [dance-game] [nio-8080-exec-6] o.s.web.servlet.DispatcherServlet        : GET "/game/stage/prebracket/2099004009081008129", parameters={}
2026-09-14T00:05:42.421+08:00 DEBUG 7617 --- [dance-game] [nio-8080-exec-7] m.m.a.RequestResponseBodyMethodProcessor : Writing [TableDataInfo(total=16, data=[TCompetitorVo(id=2099005659438968833, tournamentId=2099004008896458754 (truncated)...]
2026-09-14T00:05:42.421+08:00 DEBUG 7617 --- [dance-game] [nio-8080-exec-6] s.w.s.m.m.a.RequestMappingHandlerMapping : Mapped to com.dance.street.game.controller.TStageController#prebracket(Long)
2026-09-14T00:05:42.421+08:00 DEBUG 7617 --- [dance-game] [nio-8080-exec-7] o.s.web.servlet.DispatcherServlet        : Completed 200 OK
2026-09-14T00:05:42.425+08:00 DEBUG 7617 --- [dance-game] [nio-8080-exec-3] o.s.web.servlet.DispatcherServlet        : GET "/game/match/list?stageId=2099004009060036610&pageNum=1&pageSize=999", parameters={masked}
2026-09-14T00:05:42.426+08:00 DEBUG 7617 --- [dance-game] [nio-8080-exec-3] s.w.s.m.m.a.RequestMappingHandlerMapping : Mapped to com.dance.street.game.controller.TMatchController#list(TMatchBo, PageQuery)
2026-09-14T00:05:42.426+08:00 DEBUG 7617 --- [dance-game] [nio-8080-exec-6] m.m.a.RequestResponseBodyMethodProcessor : Using 'application/json', given [application/json, text/plain, */*] and supported [application/json, application/*+json]
2026-09-14T00:05:42.426+08:00 DEBUG 7617 --- [dance-game] [nio-8080-exec-6] m.m.a.RequestResponseBodyMethodProcessor : Writing [R(code=200, msg=操作成功, data=PreBracketVo(stageId=2099004009081008129, stageName=半决赛, stageMode=KNOCKO (truncated)...]
2026-09-14T00:05:42.427+08:00 DEBUG 7617 --- [dance-game] [nio-8080-exec-6] o.s.web.servlet.DispatcherServlet        : Completed 200 OK
2026-09-14T00:05:42.428+08:00 DEBUG 7617 --- [dance-game] [nio-8080-exec-3] m.m.a.RequestResponseBodyMethodProcessor : Using 'application/json', given [application/json, text/plain, */*] and supported [application/json, application/*+json]
2026-09-14T00:05:42.428+08:00 DEBUG 7617 --- [dance-game] [nio-8080-exec-3] m.m.a.RequestResponseBodyMethodProcessor : Writing [TableDataInfo(total=0, data=[], code=200, msg=查询成功)]
2026-09-14T00:05:42.428+08:00 DEBUG 7617 --- [dance-game] [nio-8080-exec-3] o.s.web.servlet.DispatcherServlet        : Completed 200 OK
2026-09-14T00:05:42.429+08:00 DEBUG 7617 --- [dance-game] [nio-8080-exec-5] o.s.web.servlet.DispatcherServlet        : GET "/game/match/list?stageId=2099004009043259394&pageNum=1&pageSize=999", parameters={masked}
2026-09-14T00:05:42.429+08:00 DEBUG 7617 --- [dance-game] [nio-8080-exec-5] s.w.s.m.m.a.RequestMappingHandlerMapping : Mapped to com.dance.street.game.controller.TMatchController#list(TMatchBo, PageQuery)
2026-09-14T00:05:42.432+08:00 DEBUG 7617 --- [dance-game] [nio-8080-exec-4] o.s.web.servlet.DispatcherServlet        : GET "/game/stage/prebracket/2099004009060036610", parameters={}
2026-09-14T00:05:42.432+08:00 DEBUG 7617 --- [dance-game] [nio-8080-exec-4] s.w.s.m.m.a.RequestMappingHandlerMapping : Mapped to com.dance.street.game.controller.TStageController#prebracket(Long)
2026-09-14T00:05:42.436+08:00 DEBUG 7617 --- [dance-game] [nio-8080-exec-4] m.m.a.RequestResponseBodyMethodProcessor : Using 'application/json', given [application/json, text/plain, */*] and supported [application/json, application/*+json]
2026-09-14T00:05:42.436+08:00 DEBUG 7617 --- [dance-game] [nio-8080-exec-4] m.m.a.RequestResponseBodyMethodProcessor : Writing [R(code=200, msg=操作成功, data=PreBracketVo(stageId=2099004009060036610, stageName=8强, stageMode=KNOCKOU (truncated)...]
2026-09-14T00:05:42.436+08:00 DEBUG 7617 --- [dance-game] [nio-8080-exec-4] o.s.web.servlet.DispatcherServlet        : Completed 200 OK
2026-09-14T00:05:42.438+08:00 DEBUG 7617 --- [dance-game] [nio-8080-exec-5] m.m.a.RequestResponseBodyMethodProcessor : Using 'application/json', given [application/json, text/plain, */*] and supported [application/json, application/*+json]
2026-09-14T00:05:42.438+08:00 DEBUG 7617 --- [dance-game] [nio-8080-exec-5] m.m.a.RequestResponseBodyMethodProcessor : Writing [TableDataInfo(total=8, data=[TMatchVo(id=2099005719677562881, tournamentId=2099004008896458754, stag (truncated)...]
2026-09-14T00:05:42.438+08:00 DEBUG 7617 --- [dance-game] [nio-8080-exec-5] o.s.web.servlet.DispatcherServlet        : Completed 200 OK
2026-09-14T00:05:42.444+08:00 DEBUG 7617 --- [dance-game] [nio-8080-exec-1] o.s.web.servlet.DispatcherServlet        : GET "/game/matchParticipant/list?matchId=2099005719677562881&pageNum=1&pageSize=99", parameters={masked}
2026-09-14T00:05:42.444+08:00 DEBUG 7617 --- [dance-game] [nio-8080-exec-2] o.s.web.servlet.DispatcherServlet        : GET "/game/matchParticipant/list?matchId=2099005719677562885&pageNum=1&pageSize=99", parameters={masked}
2026-09-14T00:05:42.444+08:00 DEBUG 7617 --- [dance-game] [nio-8080-exec-2] s.w.s.m.m.a.RequestMappingHandlerMapping : Mapped to com.dance.street.game.controller.TMatchParticipantController#list(TMatchParticipantBo, PageQuery)
2026-09-14T00:05:42.444+08:00 DEBUG 7617 --- [dance-game] [nio-8080-exec-1] s.w.s.m.m.a.RequestMappingHandlerMapping : Mapped to com.dance.street.game.controller.TMatchParticipantController#list(TMatchParticipantBo, PageQuery)
2026-09-14T00:05:42.448+08:00 DEBUG 7617 --- [dance-game] [nio-8080-exec-2] m.m.a.RequestResponseBodyMethodProcessor : Using 'application/json', given [application/json, text/plain, */*] and supported [application/json, application/*+json]
2026-09-14T00:05:42.448+08:00 DEBUG 7617 --- [dance-game] [nio-8080-exec-1] m.m.a.RequestResponseBodyMethodProcessor : Using 'application/json', given [application/json, text/plain, */*] and supported [application/json, application/*+json]
2026-09-14T00:05:42.448+08:00 DEBUG 7617 --- [dance-game] [nio-8080-exec-2] m.m.a.RequestResponseBodyMethodProcessor : Writing [TableDataInfo(total=2, data=[TMatchParticipantVo(id=2099005719681757187, tournamentId=20990040088964 (truncated)...]
2026-09-14T00:05:42.448+08:00 DEBUG 7617 --- [dance-game] [nio-8080-exec-1] m.m.a.RequestResponseBodyMethodProcessor : Writing [TableDataInfo(total=2, data=[TMatchParticipantVo(id=2099005719677562883, tournamentId=20990040088964 (truncated)...]
2026-09-14T00:05:42.448+08:00 DEBUG 7617 --- [dance-game] [nio-8080-exec-2] o.s.web.servlet.DispatcherServlet        : Completed 200 OK
2026-09-14T00:05:42.448+08:00 DEBUG 7617 --- [dance-game] [nio-8080-exec-1] o.s.web.servlet.DispatcherServlet        : Completed 200 OK
2026-09-14T00:05:42.451+08:00 DEBUG 7617 --- [dance-game] [io-8080-exec-10] o.s.web.servlet.DispatcherServlet        : GET "/game/matchParticipant/list?matchId=2099005719681757193&pageNum=1&pageSize=99", parameters={masked}
2026-09-14T00:05:42.451+08:00 DEBUG 7617 --- [dance-game] [nio-8080-exec-9] o.s.web.servlet.DispatcherServlet        : GET "/game/matchParticipant/list?matchId=2099005719681757189&pageNum=1&pageSize=99", parameters={masked}
2026-09-14T00:05:42.451+08:00 DEBUG 7617 --- [dance-game] [nio-8080-exec-9] s.w.s.m.m.a.RequestMappingHandlerMapping : Mapped to com.dance.street.game.controller.TMatchParticipantController#list(TMatchParticipantBo, PageQuery)
2026-09-14T00:05:42.451+08:00 DEBUG 7617 --- [dance-game] [io-8080-exec-10] s.w.s.m.m.a.RequestMappingHandlerMapping : Mapped to com.dance.street.game.controller.TMatchParticipantController#list(TMatchParticipantBo, PageQuery)
2026-09-14T00:05:42.454+08:00 DEBUG 7617 --- [dance-game] [nio-8080-exec-9] m.m.a.RequestResponseBodyMethodProcessor : Using 'application/json', given [application/json, text/plain, */*] and supported [application/json, application/*+json]
2026-09-14T00:05:42.454+08:00 DEBUG 7617 --- [dance-game] [io-8080-exec-10] m.m.a.RequestResponseBodyMethodProcessor : Using 'application/json', given [application/json, text/plain, */*] and supported [application/json, application/*+json]
2026-09-14T00:05:42.454+08:00 DEBUG 7617 --- [dance-game] [nio-8080-exec-9] m.m.a.RequestResponseBodyMethodProcessor : Writing [TableDataInfo(total=2, data=[TMatchParticipantVo(id=2099005719681757191, tournamentId=20990040088964 (truncated)...]
2026-09-14T00:05:42.454+08:00 DEBUG 7617 --- [dance-game] [io-8080-exec-10] m.m.a.RequestResponseBodyMethodProcessor : Writing [TableDataInfo(total=2, data=[TMatchParticipantVo(id=2099005719681757195, tournamentId=20990040088964 (truncated)...]
2026-09-14T00:05:42.454+08:00 DEBUG 7617 --- [dance-game] [io-8080-exec-10] o.s.web.servlet.DispatcherServlet        : Completed 200 OK
2026-09-14T00:05:42.454+08:00 DEBUG 7617 --- [dance-game] [nio-8080-exec-9] o.s.web.servlet.DispatcherServlet        : Completed 200 OK
2026-09-14T00:05:42.458+08:00 DEBUG 7617 --- [dance-game] [nio-8080-exec-8] o.s.web.servlet.DispatcherServlet        : GET "/game/matchParticipant/list?matchId=2099005719681757197&pageNum=1&pageSize=99", parameters={masked}
2026-09-14T00:05:42.458+08:00 DEBUG 7617 --- [dance-game] [nio-8080-exec-7] o.s.web.servlet.DispatcherServlet        : GET "/game/matchParticipant/list?matchId=2099005719681757201&pageNum=1&pageSize=99", parameters={masked}
2026-09-14T00:05:42.458+08:00 DEBUG 7617 --- [dance-game] [nio-8080-exec-7] s.w.s.m.m.a.RequestMappingHandlerMapping : Mapped to com.dance.street.game.controller.TMatchParticipantController#list(TMatchParticipantBo, PageQuery)
2026-09-14T00:05:42.458+08:00 DEBUG 7617 --- [dance-game] [nio-8080-exec-8] s.w.s.m.m.a.RequestMappingHandlerMapping : Mapped to com.dance.street.game.controller.TMatchParticipantController#list(TMatchParticipantBo, PageQuery)
2026-09-14T00:05:42.460+08:00 DEBUG 7617 --- [dance-game] [nio-8080-exec-8] m.m.a.RequestResponseBodyMethodProcessor : Using 'application/json', given [application/json, text/plain, */*] and supported [application/json, application/*+json]
2026-09-14T00:05:42.460+08:00 DEBUG 7617 --- [dance-game] [nio-8080-exec-7] m.m.a.RequestResponseBodyMethodProcessor : Using 'application/json', given [application/json, text/plain, */*] and supported [application/json, application/*+json]
2026-09-14T00:05:42.460+08:00 DEBUG 7617 --- [dance-game] [nio-8080-exec-7] m.m.a.RequestResponseBodyMethodProcessor : Writing [TableDataInfo(total=2, data=[TMatchParticipantVo(id=2099005719681757203, tournamentId=20990040088964 (truncated)...]
2026-09-14T00:05:42.460+08:00 DEBUG 7617 --- [dance-game] [nio-8080-exec-8] m.m.a.RequestResponseBodyMethodProcessor : Writing [TableDataInfo(total=2, data=[TMatchParticipantVo(id=2099005719681757199, tournamentId=20990040088964 (truncated)...]
2026-09-14T00:05:42.461+08:00 DEBUG 7617 --- [dance-game] [nio-8080-exec-7] o.s.web.servlet.DispatcherServlet        : Completed 200 OK
2026-09-14T00:05:42.461+08:00 DEBUG 7617 --- [dance-game] [nio-8080-exec-8] o.s.web.servlet.DispatcherServlet        : Completed 200 OK
2026-09-14T00:05:42.464+08:00 DEBUG 7617 --- [dance-game] [nio-8080-exec-3] o.s.web.servlet.DispatcherServlet        : GET "/game/matchParticipant/list?matchId=2099005719685951494&pageNum=1&pageSize=99", parameters={masked}
2026-09-14T00:05:42.464+08:00 DEBUG 7617 --- [dance-game] [nio-8080-exec-6] o.s.web.servlet.DispatcherServlet        : GET "/game/matchParticipant/list?matchId=2099005719685951490&pageNum=1&pageSize=99", parameters={masked}
2026-09-14T00:05:42.464+08:00 DEBUG 7617 --- [dance-game] [nio-8080-exec-6] s.w.s.m.m.a.RequestMappingHandlerMapping : Mapped to com.dance.street.game.controller.TMatchParticipantController#list(TMatchParticipantBo, PageQuery)
2026-09-14T00:05:42.464+08:00 DEBUG 7617 --- [dance-game] [nio-8080-exec-3] s.w.s.m.m.a.RequestMappingHandlerMapping : Mapped to com.dance.street.game.controller.TMatchParticipantController#list(TMatchParticipantBo, PageQuery)
2026-09-14T00:05:42.467+08:00 DEBUG 7617 --- [dance-game] [nio-8080-exec-6] m.m.a.RequestResponseBodyMethodProcessor : Using 'application/json', given [application/json, text/plain, */*] and supported [application/json, application/*+json]
2026-09-14T00:05:42.467+08:00 DEBUG 7617 --- [dance-game] [nio-8080-exec-3] m.m.a.RequestResponseBodyMethodProcessor : Using 'application/json', given [application/json, text/plain, */*] and supported [application/json, application/*+json]
2026-09-14T00:05:42.467+08:00 DEBUG 7617 --- [dance-game] [nio-8080-exec-3] m.m.a.RequestResponseBodyMethodProcessor : Writing [TableDataInfo(total=2, data=[TMatchParticipantVo(id=2099005719685951496, tournamentId=20990040088964 (truncated)...]
2026-09-14T00:05:42.467+08:00 DEBUG 7617 --- [dance-game] [nio-8080-exec-6] m.m.a.RequestResponseBodyMethodProcessor : Writing [TableDataInfo(total=2, data=[TMatchParticipantVo(id=2099005719685951492, tournamentId=20990040088964 (truncated)...]
2026-09-14T00:05:42.467+08:00 DEBUG 7617 --- [dance-game] [nio-8080-exec-3] o.s.web.servlet.DispatcherServlet        : Completed 200 OK
2026-09-14T00:05:42.467+08:00 DEBUG 7617 --- [dance-game] [nio-8080-exec-6] o.s.web.servlet.DispatcherServlet        : Completed 200 OK
2026-09-14T00:05:43.231+08:00 DEBUG 7617 --- [dance-game] [nio-8080-exec-4] o.s.web.servlet.DispatcherServlet        : GET "/uploads/2026/09/14/936ef8c9ae4749cb9eeb9a9c437ff243.png", parameters={}
2026-09-14T00:05:43.232+08:00 DEBUG 7617 --- [dance-game] [nio-8080-exec-4] o.s.w.s.handler.SimpleUrlHandlerMapping  : Mapped to ResourceHttpRequestHandler [URL [file:/Users/duane/dance-battle/upload/]]
2026-09-14T00:05:43.233+08:00 DEBUG 7617 --- [dance-game] [nio-8080-exec-4] o.s.web.servlet.DispatcherServlet        : Completed 200 OK
2026-09-14T00:05:43.386+08:00 DEBUG 7617 --- [dance-game] [nio-8080-exec-5] o.s.web.servlet.DispatcherServlet        : GET "/uploads/2026/09/14/936ef8c9ae4749cb9eeb9a9c437ff243.png", parameters={}
2026-09-14T00:05:43.391+08:00 DEBUG 7617 --- [dance-game] [nio-8080-exec-5] o.s.w.s.handler.SimpleUrlHandlerMapping  : Mapped to ResourceHttpRequestHandler [URL [file:/Users/duane/dance-battle/upload/]]
2026-09-14T00:05:43.392+08:00 DEBUG 7617 --- [dance-game] [nio-8080-exec-5] o.s.web.servlet.DispatcherServlet        : Completed 200 OK
2026-09-14T00:05:43.566+08:00 DEBUG 7617 --- [dance-game] [nio-8080-exec-2] o.s.web.servlet.DispatcherServlet        : GET "/uploads/2026/09/14/936ef8c9ae4749cb9eeb9a9c437ff243.png", parameters={}
2026-09-14T00:05:43.567+08:00 DEBUG 7617 --- [dance-game] [nio-8080-exec-2] o.s.w.s.handler.SimpleUrlHandlerMapping  : Mapped to ResourceHttpRequestHandler [URL [file:/Users/duane/dance-battle/upload/]]
2026-09-14T00:05:43.567+08:00 DEBUG 7617 --- [dance-game] [nio-8080-exec-2] o.s.web.servlet.DispatcherServlet        : Completed 200 OK
2026-09-14T00:05:43.697+08:00 DEBUG 7617 --- [dance-game] [nio-8080-exec-1] o.s.web.servlet.DispatcherServlet        : GET "/uploads/2026/09/14/936ef8c9ae4749cb9eeb9a9c437ff243.png", parameters={}
2026-09-14T00:05:43.698+08:00 DEBUG 7617 --- [dance-game] [nio-8080-exec-1] o.s.w.s.handler.SimpleUrlHandlerMapping  : Mapped to ResourceHttpRequestHandler [URL [file:/Users/duane/dance-battle/upload/]]
2026-09-14T00:05:43.699+08:00 DEBUG 7617 --- [dance-game] [nio-8080-exec-1] o.s.web.servlet.DispatcherServlet        : Completed 200 OK
2026-09-14T00:06:08.919+08:00 DEBUG 7617 --- [dance-game] [io-8080-exec-10] o.s.web.servlet.DispatcherServlet        : GET "/game/stage/2099004009093591041", parameters={}
2026-09-14T00:06:08.919+08:00 DEBUG 7617 --- [dance-game] [nio-8080-exec-8] o.s.web.servlet.DispatcherServlet        : GET "/game/tournament/2099004008896458754", parameters={}
2026-09-14T00:06:08.919+08:00 DEBUG 7617 --- [dance-game] [nio-8080-exec-9] o.s.web.servlet.DispatcherServlet        : GET "/game/stage/2099004009081008129", parameters={}
2026-09-14T00:06:08.921+08:00 DEBUG 7617 --- [dance-game] [io-8080-exec-10] s.w.s.m.m.a.RequestMappingHandlerMapping : Mapped to com.dance.street.game.controller.TStageController#getInfo(Long)
2026-09-14T00:06:08.921+08:00 DEBUG 7617 --- [dance-game] [nio-8080-exec-9] s.w.s.m.m.a.RequestMappingHandlerMapping : Mapped to com.dance.street.game.controller.TStageController#getInfo(Long)
2026-09-14T00:06:08.921+08:00 DEBUG 7617 --- [dance-game] [nio-8080-exec-8] s.w.s.m.m.a.RequestMappingHandlerMapping : Mapped to com.dance.street.game.controller.TTournamentController#getInfo(Long)
2026-09-14T00:06:08.930+08:00 DEBUG 7617 --- [dance-game] [nio-8080-exec-9] m.m.a.RequestResponseBodyMethodProcessor : Using 'application/json', given [application/json, text/plain, */*] and supported [application/json, application/*+json]
2026-09-14T00:06:08.930+08:00 DEBUG 7617 --- [dance-game] [io-8080-exec-10] m.m.a.RequestResponseBodyMethodProcessor : Using 'application/json', given [application/json, text/plain, */*] and supported [application/json, application/*+json]
2026-09-14T00:06:08.930+08:00 DEBUG 7617 --- [dance-game] [nio-8080-exec-8] m.m.a.RequestResponseBodyMethodProcessor : Using 'application/json', given [application/json, text/plain, */*] and supported [application/json, application/*+json]
2026-09-14T00:06:08.930+08:00 DEBUG 7617 --- [dance-game] [io-8080-exec-10] m.m.a.RequestResponseBodyMethodProcessor : Writing [R(code=200, msg=操作成功, data=TStageVo(id=2099004009093591041, tournamentId=2099004008896458754, prevSt (truncated)...]
2026-09-14T00:06:08.930+08:00 DEBUG 7617 --- [dance-game] [nio-8080-exec-9] m.m.a.RequestResponseBodyMethodProcessor : Writing [R(code=200, msg=操作成功, data=TStageVo(id=2099004009081008129, tournamentId=2099004008896458754, prevSt (truncated)...]
2026-09-14T00:06:08.930+08:00 DEBUG 7617 --- [dance-game] [nio-8080-exec-8] m.m.a.RequestResponseBodyMethodProcessor : Writing [R(code=200, msg=操作成功, data=TTournamentVo(id=2099004008896458754, name=345, coverImage=, coverImageUr (truncated)...]
2026-09-14T00:06:08.932+08:00 DEBUG 7617 --- [dance-game] [nio-8080-exec-8] o.s.web.servlet.DispatcherServlet        : Completed 200 OK
2026-09-14T00:06:08.932+08:00 DEBUG 7617 --- [dance-game] [nio-8080-exec-9] o.s.web.servlet.DispatcherServlet        : Completed 200 OK
2026-09-14T00:06:08.932+08:00 DEBUG 7617 --- [dance-game] [io-8080-exec-10] o.s.web.servlet.DispatcherServlet        : Completed 200 OK
2026-09-14T00:06:08.938+08:00 DEBUG 7617 --- [dance-game] [nio-8080-exec-6] o.s.web.servlet.DispatcherServlet        : GET "/game/stage/2099004009043259394", parameters={}
2026-09-14T00:06:08.938+08:00 DEBUG 7617 --- [dance-game] [nio-8080-exec-3] o.s.web.servlet.DispatcherServlet        : GET "/tournament/event/sse?tournamentId=2099004008896458754&clientid=e5cd7e4891bf95d1d19206ce24a7b32e", parameters={masked}
2026-09-14T00:06:08.938+08:00 DEBUG 7617 --- [dance-game] [nio-8080-exec-7] o.s.web.servlet.DispatcherServlet        : GET "/game/stage/2099004009060036610", parameters={}
2026-09-14T00:06:08.938+08:00 DEBUG 7617 --- [dance-game] [nio-8080-exec-3] s.w.s.m.m.a.RequestMappingHandlerMapping : Mapped to com.dance.street.game.controller.TournamentEventController#event(Long, String)
2026-09-14T00:06:08.938+08:00 DEBUG 7617 --- [dance-game] [nio-8080-exec-6] s.w.s.m.m.a.RequestMappingHandlerMapping : Mapped to com.dance.street.game.controller.TStageController#getInfo(Long)
2026-09-14T00:06:08.938+08:00 DEBUG 7617 --- [dance-game] [nio-8080-exec-7] s.w.s.m.m.a.RequestMappingHandlerMapping : Mapped to com.dance.street.game.controller.TStageController#getInfo(Long)
2026-09-14T00:06:08.939+08:00  INFO 7617 --- [dance-game] [nio-8080-exec-3] d.c.s.c.TournamentEventSseEmitterManager : 赛事[2099004008896458754]事件SSE连接建立(普通),当前在线连接数:6
2026-09-14T00:06:08.940+08:00 DEBUG 7617 --- [dance-game] [nio-8080-exec-3] o.s.w.c.request.async.WebAsyncManager    : Started async request for "/tournament/event/sse"
2026-09-14T00:06:08.940+08:00 DEBUG 7617 --- [dance-game] [nio-8080-exec-3] o.s.web.servlet.DispatcherServlet        : Exiting but response remains open for further handling
2026-09-14T00:06:08.941+08:00 DEBUG 7617 --- [dance-game] [nio-8080-exec-7] m.m.a.RequestResponseBodyMethodProcessor : Using 'application/json', given [application/json, text/plain, */*] and supported [application/json, application/*+json]
2026-09-14T00:06:08.941+08:00 DEBUG 7617 --- [dance-game] [nio-8080-exec-6] m.m.a.RequestResponseBodyMethodProcessor : Using 'application/json', given [application/json, text/plain, */*] and supported [application/json, application/*+json]
2026-09-14T00:06:08.941+08:00 DEBUG 7617 --- [dance-game] [nio-8080-exec-6] m.m.a.RequestResponseBodyMethodProcessor : Writing [R(code=200, msg=操作成功, data=TStageVo(id=2099004009043259394, tournamentId=2099004008896458754, prevSt (truncated)...]
2026-09-14T00:06:08.941+08:00 DEBUG 7617 --- [dance-game] [nio-8080-exec-7] m.m.a.RequestResponseBodyMethodProcessor : Writing [R(code=200, msg=操作成功, data=TStageVo(id=2099004009060036610, tournamentId=2099004008896458754, prevSt (truncated)...]
2026-09-14T00:06:08.941+08:00 DEBUG 7617 --- [dance-game] [nio-8080-exec-7] o.s.web.servlet.DispatcherServlet        : Completed 200 OK
2026-09-14T00:06:08.941+08:00 DEBUG 7617 --- [dance-game] [nio-8080-exec-6] o.s.web.servlet.DispatcherServlet        : Completed 200 OK
2026-09-14T00:06:08.945+08:00 DEBUG 7617 --- [dance-game] [nio-8080-exec-4] o.s.web.servlet.DispatcherServlet        : GET "/game/stage/flow/2099004008896458754", parameters={}
2026-09-14T00:06:08.945+08:00 DEBUG 7617 --- [dance-game] [nio-8080-exec-5] o.s.web.servlet.DispatcherServlet        : GET "/game/tournament/2099004008896458754", parameters={}
2026-09-14T00:06:08.945+08:00 DEBUG 7617 --- [dance-game] [nio-8080-exec-4] s.w.s.m.m.a.RequestMappingHandlerMapping : Mapped to com.dance.street.game.controller.TStageController#flow(Long)
2026-09-14T00:06:08.945+08:00 DEBUG 7617 --- [dance-game] [nio-8080-exec-5] s.w.s.m.m.a.RequestMappingHandlerMapping : Mapped to com.dance.street.game.controller.TTournamentController#getInfo(Long)
2026-09-14T00:06:08.946+08:00 DEBUG 7617 --- [dance-game] [nio-8080-exec-5] m.m.a.RequestResponseBodyMethodProcessor : Using 'application/json', given [application/json, text/plain, */*] and supported [application/json, application/*+json]
2026-09-14T00:06:08.946+08:00 DEBUG 7617 --- [dance-game] [nio-8080-exec-5] m.m.a.RequestResponseBodyMethodProcessor : Writing [R(code=200, msg=操作成功, data=TTournamentVo(id=2099004008896458754, name=345, coverImage=, coverImageUr (truncated)...]
2026-09-14T00:06:08.946+08:00 DEBUG 7617 --- [dance-game] [nio-8080-exec-5] o.s.web.servlet.DispatcherServlet        : Completed 200 OK
2026-09-14T00:06:08.948+08:00 DEBUG 7617 --- [dance-game] [nio-8080-exec-4] m.m.a.RequestResponseBodyMethodProcessor : Using 'application/json', given [application/json, text/plain, */*] and supported [application/json, application/*+json]
2026-09-14T00:06:08.948+08:00 DEBUG 7617 --- [dance-game] [nio-8080-exec-4] m.m.a.RequestResponseBodyMethodProcessor : Writing [R(code=200, msg=操作成功, data=StageFlowVo(stages=[StageFlowVo.StageFlowItem(id=2099004008971956226, nam (truncated)...]
2026-09-14T00:06:08.948+08:00 DEBUG 7617 --- [dance-game] [nio-8080-exec-4] o.s.web.servlet.DispatcherServlet        : Completed 200 OK
2026-09-14T00:06:08.950+08:00 DEBUG 7617 --- [dance-game] [nio-8080-exec-2] o.s.web.servlet.DispatcherServlet        : GET "/game/tournament/2099004008896458754", parameters={}
2026-09-14T00:06:08.950+08:00 DEBUG 7617 --- [dance-game] [nio-8080-exec-2] s.w.s.m.m.a.RequestMappingHandlerMapping : Mapped to com.dance.street.game.controller.TTournamentController#getInfo(Long)
2026-09-14T00:06:08.950+08:00 DEBUG 7617 --- [dance-game] [nio-8080-exec-1] o.s.web.servlet.DispatcherServlet        : GET "/game/competitor/list?stageId=2099004009093591041&pageNum=1&pageSize=999", parameters={masked}
2026-09-14T00:06:08.950+08:00 DEBUG 7617 --- [dance-game] [nio-8080-exec-1] s.w.s.m.m.a.RequestMappingHandlerMapping : Mapped to com.dance.street.game.controller.TCompetitorController#list(TCompetitorBo, PageQuery)
2026-09-14T00:06:08.952+08:00 DEBUG 7617 --- [dance-game] [nio-8080-exec-2] m.m.a.RequestResponseBodyMethodProcessor : Using 'application/json', given [application/json, text/plain, */*] and supported [application/json, application/*+json]
2026-09-14T00:06:08.952+08:00 DEBUG 7617 --- [dance-game] [nio-8080-exec-2] m.m.a.RequestResponseBodyMethodProcessor : Writing [R(code=200, msg=操作成功, data=TTournamentVo(id=2099004008896458754, name=345, coverImage=, coverImageUr (truncated)...]
2026-09-14T00:06:08.952+08:00 DEBUG 7617 --- [dance-game] [nio-8080-exec-2] o.s.web.servlet.DispatcherServlet        : Completed 200 OK
2026-09-14T00:06:08.954+08:00 DEBUG 7617 --- [dance-game] [nio-8080-exec-8] o.s.web.servlet.DispatcherServlet        : GET "/game/tournament/2099004008896458754", parameters={}
2026-09-14T00:06:08.955+08:00 DEBUG 7617 --- [dance-game] [nio-8080-exec-8] s.w.s.m.m.a.RequestMappingHandlerMapping : Mapped to com.dance.street.game.controller.TTournamentController#getInfo(Long)
2026-09-14T00:06:08.957+08:00 DEBUG 7617 --- [dance-game] [nio-8080-exec-8] m.m.a.RequestResponseBodyMethodProcessor : Using 'application/json', given [application/json, text/plain, */*] and supported [application/json, application/*+json]
2026-09-14T00:06:08.957+08:00 DEBUG 7617 --- [dance-game] [nio-8080-exec-8] m.m.a.RequestResponseBodyMethodProcessor : Writing [R(code=200, msg=操作成功, data=TTournamentVo(id=2099004008896458754, name=345, coverImage=, coverImageUr (truncated)...]
2026-09-14T00:06:08.957+08:00 DEBUG 7617 --- [dance-game] [nio-8080-exec-8] o.s.web.servlet.DispatcherServlet        : Completed 200 OK
2026-09-14T00:06:08.958+08:00 DEBUG 7617 --- [dance-game] [nio-8080-exec-1] m.m.a.RequestResponseBodyMethodProcessor : Using 'application/json', given [application/json, text/plain, */*] and supported [application/json, application/*+json]
2026-09-14T00:06:08.959+08:00 DEBUG 7617 --- [dance-game] [nio-8080-exec-1] m.m.a.RequestResponseBodyMethodProcessor : Writing [TableDataInfo(total=0, data=[], code=200, msg=查询成功)]
2026-09-14T00:06:08.959+08:00 DEBUG 7617 --- [dance-game] [nio-8080-exec-1] o.s.web.servlet.DispatcherServlet        : Completed 200 OK
2026-09-14T00:06:08.961+08:00 DEBUG 7617 --- [dance-game] [io-8080-exec-10] o.s.web.servlet.DispatcherServlet        : GET "/game/competitor/list?stageId=2099004009081008129&pageNum=1&pageSize=999", parameters={masked}
2026-09-14T00:06:08.961+08:00 DEBUG 7617 --- [dance-game] [io-8080-exec-10] s.w.s.m.m.a.RequestMappingHandlerMapping : Mapped to com.dance.street.game.controller.TCompetitorController#list(TCompetitorBo, PageQuery)
2026-09-14T00:06:08.962+08:00 DEBUG 7617 --- [dance-game] [nio-8080-exec-9] o.s.web.servlet.DispatcherServlet        : GET "/game/tournament/2099004008896458754", parameters={}
2026-09-14T00:06:08.962+08:00 DEBUG 7617 --- [dance-game] [nio-8080-exec-9] s.w.s.m.m.a.RequestMappingHandlerMapping : Mapped to com.dance.street.game.controller.TTournamentController#getInfo(Long)
2026-09-14T00:06:08.964+08:00 DEBUG 7617 --- [dance-game] [nio-8080-exec-9] m.m.a.RequestResponseBodyMethodProcessor : Using 'application/json', given [application/json, text/plain, */*] and supported [application/json, application/*+json]
2026-09-14T00:06:08.964+08:00 DEBUG 7617 --- [dance-game] [io-8080-exec-10] m.m.a.RequestResponseBodyMethodProcessor : Using 'application/json', given [application/json, text/plain, */*] and supported [application/json, application/*+json]
2026-09-14T00:06:08.964+08:00 DEBUG 7617 --- [dance-game] [nio-8080-exec-9] m.m.a.RequestResponseBodyMethodProcessor : Writing [R(code=200, msg=操作成功, data=TTournamentVo(id=2099004008896458754, name=345, coverImage=, coverImageUr (truncated)...]
2026-09-14T00:06:08.964+08:00 DEBUG 7617 --- [dance-game] [io-8080-exec-10] m.m.a.RequestResponseBodyMethodProcessor : Writing [TableDataInfo(total=0, data=[], code=200, msg=查询成功)]
2026-09-14T00:06:08.964+08:00 DEBUG 7617 --- [dance-game] [nio-8080-exec-9] o.s.web.servlet.DispatcherServlet        : Completed 200 OK
2026-09-14T00:06:08.964+08:00 DEBUG 7617 --- [dance-game] [io-8080-exec-10] o.s.web.servlet.DispatcherServlet        : Completed 200 OK
2026-09-14T00:06:08.967+08:00 DEBUG 7617 --- [dance-game] [nio-8080-exec-7] o.s.web.servlet.DispatcherServlet        : GET "/game/match/list?stageId=2099004009093591041&pageNum=1&pageSize=999", parameters={masked}
2026-09-14T00:06:08.967+08:00 DEBUG 7617 --- [dance-game] [nio-8080-exec-3] o.s.web.servlet.DispatcherServlet        : GET "/game/competitor/list?stageId=2099004009060036610&pageNum=1&pageSize=999", parameters={masked}
2026-09-14T00:06:08.968+08:00 DEBUG 7617 --- [dance-game] [nio-8080-exec-7] s.w.s.m.m.a.RequestMappingHandlerMapping : Mapped to com.dance.street.game.controller.TMatchController#list(TMatchBo, PageQuery)
2026-09-14T00:06:08.968+08:00 DEBUG 7617 --- [dance-game] [nio-8080-exec-3] s.w.s.m.m.a.RequestMappingHandlerMapping : Mapped to com.dance.street.game.controller.TCompetitorController#list(TCompetitorBo, PageQuery)
2026-09-14T00:06:08.970+08:00 DEBUG 7617 --- [dance-game] [nio-8080-exec-7] m.m.a.RequestResponseBodyMethodProcessor : Using 'application/json', given [application/json, text/plain, */*] and supported [application/json, application/*+json]
2026-09-14T00:06:08.970+08:00 DEBUG 7617 --- [dance-game] [nio-8080-exec-3] m.m.a.RequestResponseBodyMethodProcessor : Using 'application/json', given [application/json, text/plain, */*] and supported [application/json, application/*+json]
2026-09-14T00:06:08.970+08:00 DEBUG 7617 --- [dance-game] [nio-8080-exec-3] m.m.a.RequestResponseBodyMethodProcessor : Writing [TableDataInfo(total=0, data=[], code=200, msg=查询成功)]
2026-09-14T00:06:08.970+08:00 DEBUG 7617 --- [dance-game] [nio-8080-exec-7] m.m.a.RequestResponseBodyMethodProcessor : Writing [TableDataInfo(total=0, data=[], code=200, msg=查询成功)]
2026-09-14T00:06:08.970+08:00 DEBUG 7617 --- [dance-game] [nio-8080-exec-7] o.s.web.servlet.DispatcherServlet        : Completed 200 OK
2026-09-14T00:06:08.970+08:00 DEBUG 7617 --- [dance-game] [nio-8080-exec-3] o.s.web.servlet.DispatcherServlet        : Completed 200 OK
2026-09-14T00:06:08.974+08:00 DEBUG 7617 --- [dance-game] [nio-8080-exec-6] o.s.web.servlet.DispatcherServlet        : GET "/game/competitor/list?stageId=2099004009043259394&pageNum=1&pageSize=999", parameters={masked}
2026-09-14T00:06:08.974+08:00 DEBUG 7617 --- [dance-game] [nio-8080-exec-5] o.s.web.servlet.DispatcherServlet        : GET "/game/match/list?stageId=2099004009081008129&pageNum=1&pageSize=999", parameters={masked}
2026-09-14T00:06:08.975+08:00 DEBUG 7617 --- [dance-game] [nio-8080-exec-6] s.w.s.m.m.a.RequestMappingHandlerMapping : Mapped to com.dance.street.game.controller.TCompetitorController#list(TCompetitorBo, PageQuery)
2026-09-14T00:06:08.975+08:00 DEBUG 7617 --- [dance-game] [nio-8080-exec-5] s.w.s.m.m.a.RequestMappingHandlerMapping : Mapped to com.dance.street.game.controller.TMatchController#list(TMatchBo, PageQuery)
2026-09-14T00:06:08.977+08:00 DEBUG 7617 --- [dance-game] [nio-8080-exec-5] m.m.a.RequestResponseBodyMethodProcessor : Using 'application/json', given [application/json, text/plain, */*] and supported [application/json, application/*+json]
2026-09-14T00:06:08.977+08:00 DEBUG 7617 --- [dance-game] [nio-8080-exec-5] m.m.a.RequestResponseBodyMethodProcessor : Writing [TableDataInfo(total=0, data=[], code=200, msg=查询成功)]
2026-09-14T00:06:08.977+08:00 DEBUG 7617 --- [dance-game] [nio-8080-exec-5] o.s.web.servlet.DispatcherServlet        : Completed 200 OK
2026-09-14T00:06:08.980+08:00 DEBUG 7617 --- [dance-game] [nio-8080-exec-4] o.s.web.servlet.DispatcherServlet        : GET "/game/match/list?stageId=2099004009060036610&pageNum=1&pageSize=999", parameters={masked}
2026-09-14T00:06:08.980+08:00 DEBUG 7617 --- [dance-game] [nio-8080-exec-4] s.w.s.m.m.a.RequestMappingHandlerMapping : Mapped to com.dance.street.game.controller.TMatchController#list(TMatchBo, PageQuery)
2026-09-14T00:06:08.980+08:00 DEBUG 7617 --- [dance-game] [nio-8080-exec-6] m.m.a.RequestResponseBodyMethodProcessor : Using 'application/json', given [application/json, text/plain, */*] and supported [application/json, application/*+json]
2026-09-14T00:06:08.981+08:00 DEBUG 7617 --- [dance-game] [nio-8080-exec-6] m.m.a.RequestResponseBodyMethodProcessor : Writing [TableDataInfo(total=16, data=[TCompetitorVo(id=2099005659438968833, tournamentId=2099004008896458754 (truncated)...]
2026-09-14T00:06:08.981+08:00 DEBUG 7617 --- [dance-game] [nio-8080-exec-6] o.s.web.servlet.DispatcherServlet        : Completed 200 OK
2026-09-14T00:06:08.983+08:00 DEBUG 7617 --- [dance-game] [nio-8080-exec-4] m.m.a.RequestResponseBodyMethodProcessor : Using 'application/json', given [application/json, text/plain, */*] and supported [application/json, application/*+json]
2026-09-14T00:06:08.983+08:00 DEBUG 7617 --- [dance-game] [nio-8080-exec-4] m.m.a.RequestResponseBodyMethodProcessor : Writing [TableDataInfo(total=0, data=[], code=200, msg=查询成功)]
2026-09-14T00:06:08.984+08:00 DEBUG 7617 --- [dance-game] [nio-8080-exec-4] o.s.web.servlet.DispatcherServlet        : Completed 200 OK
2026-09-14T00:06:08.986+08:00 DEBUG 7617 --- [dance-game] [nio-8080-exec-2] o.s.web.servlet.DispatcherServlet        : GET "/game/stage/prebracket/2099004009093591041", parameters={}
2026-09-14T00:06:08.986+08:00 DEBUG 7617 --- [dance-game] [nio-8080-exec-2] s.w.s.m.m.a.RequestMappingHandlerMapping : Mapped to com.dance.street.game.controller.TStageController#prebracket(Long)
2026-09-14T00:06:08.986+08:00 DEBUG 7617 --- [dance-game] [nio-8080-exec-8] o.s.web.servlet.DispatcherServlet        : GET "/game/stage/prebracket/2099004009081008129", parameters={}
2026-09-14T00:06:08.987+08:00 DEBUG 7617 --- [dance-game] [nio-8080-exec-8] s.w.s.m.m.a.RequestMappingHandlerMapping : Mapped to com.dance.street.game.controller.TStageController#prebracket(Long)
2026-09-14T00:06:08.988+08:00 DEBUG 7617 --- [dance-game] [nio-8080-exec-2] m.m.a.RequestResponseBodyMethodProcessor : Using 'application/json', given [application/json, text/plain, */*] and supported [application/json, application/*+json]
2026-09-14T00:06:08.988+08:00 DEBUG 7617 --- [dance-game] [nio-8080-exec-2] m.m.a.RequestResponseBodyMethodProcessor : Writing [R(code=200, msg=操作成功, data=PreBracketVo(stageId=2099004009093591041, stageName=决赛, stageMode=KNOCKOU (truncated)...]
2026-09-14T00:06:08.988+08:00 DEBUG 7617 --- [dance-game] [nio-8080-exec-2] o.s.web.servlet.DispatcherServlet        : Completed 200 OK
2026-09-14T00:06:08.990+08:00 DEBUG 7617 --- [dance-game] [nio-8080-exec-8] m.m.a.RequestResponseBodyMethodProcessor : Using 'application/json', given [application/json, text/plain, */*] and supported [application/json, application/*+json]
2026-09-14T00:06:08.990+08:00 DEBUG 7617 --- [dance-game] [nio-8080-exec-8] m.m.a.RequestResponseBodyMethodProcessor : Writing [R(code=200, msg=操作成功, data=PreBracketVo(stageId=2099004009081008129, stageName=半决赛, stageMode=KNOCKO (truncated)...]
2026-09-14T00:06:08.990+08:00 DEBUG 7617 --- [dance-game] [nio-8080-exec-8] o.s.web.servlet.DispatcherServlet        : Completed 200 OK
2026-09-14T00:06:08.993+08:00 DEBUG 7617 --- [dance-game] [nio-8080-exec-9] o.s.web.servlet.DispatcherServlet        : GET "/game/match/list?stageId=2099004009043259394&pageNum=1&pageSize=999", parameters={masked}
2026-09-14T00:06:08.993+08:00 DEBUG 7617 --- [dance-game] [nio-8080-exec-1] o.s.web.servlet.DispatcherServlet        : GET "/game/stage/prebracket/2099004009060036610", parameters={}
2026-09-14T00:06:08.993+08:00 DEBUG 7617 --- [dance-game] [nio-8080-exec-9] s.w.s.m.m.a.RequestMappingHandlerMapping : Mapped to com.dance.street.game.controller.TMatchController#list(TMatchBo, PageQuery)
2026-09-14T00:06:08.994+08:00 DEBUG 7617 --- [dance-game] [nio-8080-exec-1] s.w.s.m.m.a.RequestMappingHandlerMapping : Mapped to com.dance.street.game.controller.TStageController#prebracket(Long)
2026-09-14T00:06:08.998+08:00 DEBUG 7617 --- [dance-game] [nio-8080-exec-1] m.m.a.RequestResponseBodyMethodProcessor : Using 'application/json', given [application/json, text/plain, */*] and supported [application/json, application/*+json]
2026-09-14T00:06:08.998+08:00 DEBUG 7617 --- [dance-game] [nio-8080-exec-1] m.m.a.RequestResponseBodyMethodProcessor : Writing [R(code=200, msg=操作成功, data=PreBracketVo(stageId=2099004009060036610, stageName=8强, stageMode=KNOCKOU (truncated)...]
2026-09-14T00:06:08.998+08:00 DEBUG 7617 --- [dance-game] [nio-8080-exec-1] o.s.web.servlet.DispatcherServlet        : Completed 200 OK
2026-09-14T00:06:08.998+08:00 DEBUG 7617 --- [dance-game] [nio-8080-exec-9] m.m.a.RequestResponseBodyMethodProcessor : Using 'application/json', given [application/json, text/plain, */*] and supported [application/json, application/*+json]
2026-09-14T00:06:08.998+08:00 DEBUG 7617 --- [dance-game] [nio-8080-exec-9] m.m.a.RequestResponseBodyMethodProcessor : Writing [TableDataInfo(total=8, data=[TMatchVo(id=2099005719677562881, tournamentId=2099004008896458754, stag (truncated)...]
2026-09-14T00:06:08.998+08:00 DEBUG 7617 --- [dance-game] [nio-8080-exec-9] o.s.web.servlet.DispatcherServlet        : Completed 200 OK
2026-09-14T00:06:09.003+08:00 DEBUG 7617 --- [dance-game] [io-8080-exec-10] o.s.web.servlet.DispatcherServlet        : GET "/uploads/2026/09/14/936ef8c9ae4749cb9eeb9a9c437ff243.png", parameters={}
2026-09-14T00:06:09.003+08:00 DEBUG 7617 --- [dance-game] [io-8080-exec-10] o.s.w.s.handler.SimpleUrlHandlerMapping  : Mapped to ResourceHttpRequestHandler [URL [file:/Users/duane/dance-battle/upload/]]
2026-09-14T00:06:09.003+08:00 DEBUG 7617 --- [dance-game] [nio-8080-exec-7] o.s.web.servlet.DispatcherServlet        : GET "/game/matchParticipant/list?matchId=2099005719677562881&pageNum=1&pageSize=99", parameters={masked}
2026-09-14T00:06:09.003+08:00 DEBUG 7617 --- [dance-game] [nio-8080-exec-7] s.w.s.m.m.a.RequestMappingHandlerMapping : Mapped to com.dance.street.game.controller.TMatchParticipantController#list(TMatchParticipantBo, PageQuery)
2026-09-14T00:06:09.004+08:00 DEBUG 7617 --- [dance-game] [io-8080-exec-10] o.s.web.servlet.DispatcherServlet        : Completed 200 OK
2026-09-14T00:06:09.007+08:00 DEBUG 7617 --- [dance-game] [nio-8080-exec-3] o.s.web.servlet.DispatcherServlet        : GET "/game/matchParticipant/list?matchId=2099005719677562885&pageNum=1&pageSize=99", parameters={masked}
2026-09-14T00:06:09.007+08:00 DEBUG 7617 --- [dance-game] [nio-8080-exec-3] s.w.s.m.m.a.RequestMappingHandlerMapping : Mapped to com.dance.street.game.controller.TMatchParticipantController#list(TMatchParticipantBo, PageQuery)
2026-09-14T00:06:09.009+08:00 DEBUG 7617 --- [dance-game] [nio-8080-exec-7] m.m.a.RequestResponseBodyMethodProcessor : Using 'application/json', given [application/json, text/plain, */*] and supported [application/json, application/*+json]
2026-09-14T00:06:09.009+08:00 DEBUG 7617 --- [dance-game] [nio-8080-exec-7] m.m.a.RequestResponseBodyMethodProcessor : Writing [TableDataInfo(total=2, data=[TMatchParticipantVo(id=2099005719677562883, tournamentId=20990040088964 (truncated)...]
2026-09-14T00:06:09.010+08:00 DEBUG 7617 --- [dance-game] [nio-8080-exec-7] o.s.web.servlet.DispatcherServlet        : Completed 200 OK
2026-09-14T00:06:09.011+08:00 DEBUG 7617 --- [dance-game] [nio-8080-exec-3] m.m.a.RequestResponseBodyMethodProcessor : Using 'application/json', given [application/json, text/plain, */*] and supported [application/json, application/*+json]
2026-09-14T00:06:09.011+08:00 DEBUG 7617 --- [dance-game] [nio-8080-exec-3] m.m.a.RequestResponseBodyMethodProcessor : Writing [TableDataInfo(total=2, data=[TMatchParticipantVo(id=2099005719681757187, tournamentId=20990040088964 (truncated)...]
2026-09-14T00:06:09.011+08:00 DEBUG 7617 --- [dance-game] [nio-8080-exec-3] o.s.web.servlet.DispatcherServlet        : Completed 200 OK
2026-09-14T00:06:09.013+08:00 DEBUG 7617 --- [dance-game] [nio-8080-exec-5] o.s.web.servlet.DispatcherServlet        : GET "/game/matchParticipant/list?matchId=2099005719681757189&pageNum=1&pageSize=99", parameters={masked}
2026-09-14T00:06:09.013+08:00 DEBUG 7617 --- [dance-game] [nio-8080-exec-5] s.w.s.m.m.a.RequestMappingHandlerMapping : Mapped to com.dance.street.game.controller.TMatchParticipantController#list(TMatchParticipantBo, PageQuery)
2026-09-14T00:06:09.014+08:00 DEBUG 7617 --- [dance-game] [nio-8080-exec-6] o.s.web.servlet.DispatcherServlet        : GET "/game/matchParticipant/list?matchId=2099005719681757193&pageNum=1&pageSize=99", parameters={masked}
2026-09-14T00:06:09.014+08:00 DEBUG 7617 --- [dance-game] [nio-8080-exec-6] s.w.s.m.m.a.RequestMappingHandlerMapping : Mapped to com.dance.street.game.controller.TMatchParticipantController#list(TMatchParticipantBo, PageQuery)
2026-09-14T00:06:09.015+08:00 DEBUG 7617 --- [dance-game] [nio-8080-exec-6] m.m.a.RequestResponseBodyMethodProcessor : Using 'application/json', given [application/json, text/plain, */*] and supported [application/json, application/*+json]
2026-09-14T00:06:09.015+08:00 DEBUG 7617 --- [dance-game] [nio-8080-exec-5] m.m.a.RequestResponseBodyMethodProcessor : Using 'application/json', given [application/json, text/plain, */*] and supported [application/json, application/*+json]
2026-09-14T00:06:09.015+08:00 DEBUG 7617 --- [dance-game] [nio-8080-exec-6] m.m.a.RequestResponseBodyMethodProcessor : Writing [TableDataInfo(total=2, data=[TMatchParticipantVo(id=2099005719681757195, tournamentId=20990040088964 (truncated)...]
2026-09-14T00:06:09.015+08:00 DEBUG 7617 --- [dance-game] [nio-8080-exec-5] m.m.a.RequestResponseBodyMethodProcessor : Writing [TableDataInfo(total=2, data=[TMatchParticipantVo(id=2099005719681757191, tournamentId=20990040088964 (truncated)...]
2026-09-14T00:06:09.015+08:00 DEBUG 7617 --- [dance-game] [nio-8080-exec-6] o.s.web.servlet.DispatcherServlet        : Completed 200 OK
2026-09-14T00:06:09.016+08:00 DEBUG 7617 --- [dance-game] [nio-8080-exec-5] o.s.web.servlet.DispatcherServlet        : Completed 200 OK
2026-09-14T00:06:09.019+08:00 DEBUG 7617 --- [dance-game] [nio-8080-exec-2] o.s.web.servlet.DispatcherServlet        : GET "/game/matchParticipant/list?matchId=2099005719681757201&pageNum=1&pageSize=99", parameters={masked}
2026-09-14T00:06:09.019+08:00 DEBUG 7617 --- [dance-game] [nio-8080-exec-4] o.s.web.servlet.DispatcherServlet        : GET "/game/matchParticipant/list?matchId=2099005719681757197&pageNum=1&pageSize=99", parameters={masked}
2026-09-14T00:06:09.019+08:00 DEBUG 7617 --- [dance-game] [nio-8080-exec-2] s.w.s.m.m.a.RequestMappingHandlerMapping : Mapped to com.dance.street.game.controller.TMatchParticipantController#list(TMatchParticipantBo, PageQuery)
2026-09-14T00:06:09.019+08:00 DEBUG 7617 --- [dance-game] [nio-8080-exec-4] s.w.s.m.m.a.RequestMappingHandlerMapping : Mapped to com.dance.street.game.controller.TMatchParticipantController#list(TMatchParticipantBo, PageQuery)
2026-09-14T00:06:09.021+08:00 DEBUG 7617 --- [dance-game] [nio-8080-exec-2] m.m.a.RequestResponseBodyMethodProcessor : Using 'application/json', given [application/json, text/plain, */*] and supported [application/json, application/*+json]
2026-09-14T00:06:09.021+08:00 DEBUG 7617 --- [dance-game] [nio-8080-exec-4] m.m.a.RequestResponseBodyMethodProcessor : Using 'application/json', given [application/json, text/plain, */*] and supported [application/json, application/*+json]
2026-09-14T00:06:09.021+08:00 DEBUG 7617 --- [dance-game] [nio-8080-exec-2] m.m.a.RequestResponseBodyMethodProcessor : Writing [TableDataInfo(total=2, data=[TMatchParticipantVo(id=2099005719681757203, tournamentId=20990040088964 (truncated)...]
2026-09-14T00:06:09.021+08:00 DEBUG 7617 --- [dance-game] [nio-8080-exec-4] m.m.a.RequestResponseBodyMethodProcessor : Writing [TableDataInfo(total=2, data=[TMatchParticipantVo(id=2099005719681757199, tournamentId=20990040088964 (truncated)...]
2026-09-14T00:06:09.021+08:00 DEBUG 7617 --- [dance-game] [nio-8080-exec-2] o.s.web.servlet.DispatcherServlet        : Completed 200 OK
2026-09-14T00:06:09.021+08:00 DEBUG 7617 --- [dance-game] [nio-8080-exec-4] o.s.web.servlet.DispatcherServlet        : Completed 200 OK
2026-09-14T00:06:09.026+08:00 DEBUG 7617 --- [dance-game] [nio-8080-exec-8] o.s.web.servlet.DispatcherServlet        : GET "/game/matchParticipant/list?matchId=2099005719685951494&pageNum=1&pageSize=99", parameters={masked}
2026-09-14T00:06:09.026+08:00 DEBUG 7617 --- [dance-game] [nio-8080-exec-1] o.s.web.servlet.DispatcherServlet        : GET "/game/matchParticipant/list?matchId=2099005719685951490&pageNum=1&pageSize=99", parameters={masked}
2026-09-14T00:06:09.026+08:00 DEBUG 7617 --- [dance-game] [nio-8080-exec-8] s.w.s.m.m.a.RequestMappingHandlerMapping : Mapped to com.dance.street.game.controller.TMatchParticipantController#list(TMatchParticipantBo, PageQuery)
2026-09-14T00:06:09.027+08:00 DEBUG 7617 --- [dance-game] [nio-8080-exec-1] s.w.s.m.m.a.RequestMappingHandlerMapping : Mapped to com.dance.street.game.controller.TMatchParticipantController#list(TMatchParticipantBo, PageQuery)
2026-09-14T00:06:09.029+08:00 DEBUG 7617 --- [dance-game] [nio-8080-exec-8] m.m.a.RequestResponseBodyMethodProcessor : Using 'application/json', given [application/json, text/plain, */*] and supported [application/json, application/*+json]
2026-09-14T00:06:09.029+08:00 DEBUG 7617 --- [dance-game] [nio-8080-exec-8] m.m.a.RequestResponseBodyMethodProcessor : Writing [TableDataInfo(total=2, data=[TMatchParticipantVo(id=2099005719685951496, tournamentId=20990040088964 (truncated)...]
2026-09-14T00:06:09.029+08:00 DEBUG 7617 --- [dance-game] [nio-8080-exec-1] m.m.a.RequestResponseBodyMethodProcessor : Using 'application/json', given [application/json, text/plain, */*] and supported [application/json, application/*+json]
2026-09-14T00:06:09.029+08:00 DEBUG 7617 --- [dance-game] [nio-8080-exec-8] o.s.web.servlet.DispatcherServlet        : Completed 200 OK
2026-09-14T00:06:09.029+08:00 DEBUG 7617 --- [dance-game] [nio-8080-exec-1] m.m.a.RequestResponseBodyMethodProcessor : Writing [TableDataInfo(total=2, data=[TMatchParticipantVo(id=2099005719685951492, tournamentId=20990040088964 (truncated)...]
2026-09-14T00:06:09.030+08:00 DEBUG 7617 --- [dance-game] [nio-8080-exec-1] o.s.web.servlet.DispatcherServlet        : Completed 200 OK
2026-09-14T00:06:09.795+08:00 DEBUG 7617 --- [dance-game] [nio-8080-exec-9] o.s.web.servlet.DispatcherServlet        : GET "/uploads/2026/09/14/936ef8c9ae4749cb9eeb9a9c437ff243.png", parameters={}
2026-09-14T00:06:09.795+08:00 DEBUG 7617 --- [dance-game] [nio-8080-exec-9] o.s.w.s.handler.SimpleUrlHandlerMapping  : Mapped to ResourceHttpRequestHandler [URL [file:/Users/duane/dance-battle/upload/]]
2026-09-14T00:06:09.796+08:00 DEBUG 7617 --- [dance-game] [nio-8080-exec-9] o.s.web.servlet.DispatcherServlet        : Completed 200 OK
2026-09-14T00:06:09.931+08:00 DEBUG 7617 --- [dance-game] [io-8080-exec-10] o.s.web.servlet.DispatcherServlet        : GET "/uploads/2026/09/14/936ef8c9ae4749cb9eeb9a9c437ff243.png", parameters={}
2026-09-14T00:06:09.932+08:00 DEBUG 7617 --- [dance-game] [io-8080-exec-10] o.s.w.s.handler.SimpleUrlHandlerMapping  : Mapped to ResourceHttpRequestHandler [URL [file:/Users/duane/dance-battle/upload/]]
2026-09-14T00:06:09.933+08:00 DEBUG 7617 --- [dance-game] [io-8080-exec-10] o.s.web.servlet.DispatcherServlet        : Completed 200 OK
